2026-08-04 13:44:57 up=   1.0m rss=    -1.0MB thr=  1 pools=  8 campools= 4 children=    23 items=  14400 camTot=   14400 camMax=   3600 watch=0/0 saved=0 gcObj=  152489 qpix=    52 qimg=     0 axisH=  3.0 online=0
2026-08-04 13:45:57 up=   2.0m rss=    -1.0MB thr=  1 pools=  8 campools= 4 children=    23 items=  14400 camTot=   14400 camMax=   3600 watch=0/0 saved=0 gcObj=  152517 qpix=    52 qimg=     0 axisH=  3.0 online=0
2026-08-04 13:46:57 up=   3.0m rss=    -1.0MB thr=  1 pools=  8 campools= 4 children=    23 items=  14400 camTot=   14400 camMax=   3600 watch=0/0 saved=0 gcObj=  152545 qpix=    52 qimg=     0 axisH=  3.0 online=0
2026-08-04 18:40:14 up=   1.0m rss=    -1.0MB thr=  1 pools=  4 campools= 0 children=    17 items=      0 camTot=       0 camMax=      0 watch=0/0 saved=0 gcObj=   91775 qpix=     0 qimg=     0 axisH=  0.0 online=0
2026-08-04 18:41:14 up=   2.0m rss=    -1.0MB thr=  1 pools=  4 campools= 0 children=    17 items=      0 camTot=       0 camMax=      0 watch=0/0 saved=0 gcObj=   91803 qpix=     0 qimg=     0 axisH=  0.0 online=0
2026-08-05 12:50:53 up=   1.0m rss=    -1.0MB thr=  1 pools=  4 campools= 0 children=    18 items=      0 camTot=       0 camMax=      0 watch=0/0 saved=0 gcObj=   92785 qpix=     0 qimg=     0 axisH=  0.0 online=0
2026-08-05 12:51:53 up=   2.0m rss=    -1.0MB thr=  1 pools=  4 campools= 0 children=    18 items=      0 camTot=       0 camMax=      0 watch=0/0 saved=0 gcObj=   92813 qpix=     0 qimg=     0 axisH=  0.0 online=0
2026-08-05 12:52:53 up=   3.0m rss=    -1.0MB thr=  1 pools=  4 campools= 0 children=    18 items=      0 camTot=       0 camMax=      0 watch=0/0 saved=0 gcObj=   92784 qpix=     0 qimg=     0 axisH=  0.0 online=0
2026-08-05 12:53:53 up=   4.0m rss=    -1.0MB thr=  1 pools=  4 campools= 0 children=    19 items=      0 camTot=       0 camMax=      0 watch=0/0 saved=0 gcObj=   92868 qpix=     0 qimg=     0 axisH=  0.0 online=0
2026-08-05 12:54:53 up=   5.0m rss=    -1.0MB thr=  1 pools=  8 campools= 4 children=    24 items=      0 camTot=       0 camMax=      0 watch=0/0 saved=0 gcObj=  673059 qpix=     0 qimg=     0 axisH=  0.0 online=0
2026-08-05 12:55:53 up=   6.0m rss=    -1.0MB thr=  9 pools=  8 campools= 4 children=    24 items=  14400 camTot=   14400 camMax=   3600 watch=8/8 saved=0 gcObj=  152399 qpix=    12 qimg=     0 axisH=  4.0 online=1
2026-08-05 12:56:53 up=   7.0m rss=    -1.0MB thr=  9 pools=  8 campools= 4 children=    24 items=  14400 camTot=   14400 camMax=   3600 watch=8/8 saved=0 gcObj=  153216 qpix=    12 qimg=     0 axisH=  4.0 online=1
2026-08-05 12:57:53 up=   8.0m rss=    -1.0MB thr=  1 pools=  8 campools= 4 children=    25 items= 159550 camTot=  159551 camMax=  40970 watch=0/0 saved=0 gcObj=  732079 qpix=    12 qimg=     0 axisH=  4.0 online=0
2026-08-05 12:58:53 up=   9.0m rss=    -1.0MB thr=  1 pools=  8 campools= 4 children=    25 items= 159550 camTot=  159551 camMax=  40970 watch=0/0 saved=0 gcObj=  732098 qpix=     8 qimg=     0 axisH=  4.0 online=0
2026-08-05 12:59:53 up=  10.0m rss=    -1.0MB thr=  1 pools=  8 campools= 4 children=    25 items= 159550 camTot=  159551 camMax=  40970 watch=0/0 saved=0 gcObj=  732126 qpix=     8 qimg=     0 axisH=  4.0 online=0
2026-08-05 13:00:53 up=  11.0m rss=    -1.0MB thr=  1 pools=  8 campools= 4 children=    25 items= 159550 camTot=  159551 camMax=  40970 watch=0/0 saved=0 gcObj=  732146 qpix=     8 qimg=     0 axisH=  4.0 online=0
2026-08-05 13:01:53 up=  12.0m rss=    -1.0MB thr=  1 pools=  8 campools= 4 children=    25 items= 159550 camTot=  159551 camMax=  40970 watch=0/0 saved=0 gcObj=  732174 qpix=     8 qimg=     0 axisH=  4.0 online=0
2026-08-05 13:02:53 up=  13.0m rss=    -1.0MB thr=  1 pools=  8 campools= 4 children=    25 items= 159550 camTot=  159551 camMax=  40970 watch=0/0 saved=0 gcObj=  732202 qpix=     8 qimg=     0 axisH=  4.0 online=0
2026-08-05 13:03:53 up=  14.0m rss=    -1.0MB thr=  1 pools=  8 campools= 4 children=    25 items= 159550 camTot=  159551 camMax=  40970 watch=0/0 saved=0 gcObj=  732230 qpix=     8 qimg=     0 axisH=  4.0 online=0
2026-08-05 13:04:53 up=  15.0m rss=    -1.0MB thr=  1 pools=  8 campools= 4 children=    25 items= 159550 camTot=  159551 camMax=  40970 watch=0/0 saved=0 gcObj=  732258 qpix=     8 qimg=     0 axisH=  4.0 online=0
2026-08-05 13:05:53 up=  16.0m rss=    -1.0MB thr=  1 pools=  8 campools= 4 children=    25 items= 159550 camTot=  159551 camMax=  40970 watch=0/0 saved=0 gcObj=  732286 qpix=     8 qimg=     0 axisH=  4.0 online=0
2026-08-05 13:06:54 up=  17.0m rss=    -1.0MB thr=  1 pools=  8 campools= 4 children=    25 items= 159550 camTot=  159551 camMax=  40970 watch=0/0 saved=0 gcObj=  732314 qpix=     8 qimg=     0 axisH=  4.0 online=0
2026-08-05 13:07:53 up=  18.0m rss=    -1.0MB thr=  1 pools=  8 campools= 4 children=    25 items= 159550 camTot=  159551 camMax=  40970 watch=0/0 saved=0 gcObj=  732111 qpix=     8 qimg=     0 axisH=  4.0 online=0
2026-08-05 13:08:53 up=  19.0m rss=    -1.0MB thr=  1 pools=  8 campools= 4 children=    25 items= 159550 camTot=  159551 camMax=  40970 watch=0/0 saved=0 gcObj=  732161 qpix=     8 qimg=     0 axisH=  4.0 online=0
2026-08-05 13:09:53 up=  20.0m rss=    -1.0MB thr=  1 pools=  8 campools= 4 children=    25 items= 159550 camTot=  159551 camMax=  40970 watch=0/0 saved=0 gcObj=  732189 qpix=     8 qimg=     0 axisH=  4.0 online=0
2026-08-05 13:42:22 up=   1.0m rss=    -1.0MB thr=  1 pools=  4 campools= 0 children=    17 items=      0 camTot=       0 camMax=      0 watch=0/0 saved=0 gcObj=   92484 qpix=     0 qimg=     0 axisH=  0.0 online=0
2026-08-05 13:43:22 up=   2.0m rss=    -1.0MB thr=  1 pools=  4 campools= 0 children=    18 items=      0 camTot=       0 camMax=      0 watch=0/0 saved=0 gcObj=   92818 qpix=     0 qimg=     0 axisH=  0.0 online=0
2026-08-05 13:44:22 up=   3.0m rss=    -1.0MB thr=  1 pools=  8 campools= 4 children=    24 items=      0 camTot=       0 camMax=      0 watch=0/0 saved=0 gcObj=  477536 qpix=     0 qimg=     0 axisH=  0.0 online=0
2026-08-05 13:45:22 up=   4.0m rss=    -1.0MB thr=  9 pools=  8 campools= 4 children=    24 items=  14400 camTot=   14400 camMax=   3600 watch=8/8 saved=0 gcObj=  152843 qpix=    12 qimg=     0 axisH=  4.0 online=1
2026-08-05 13:52:42 up=   1.0m rss=    -1.0MB thr=  1 pools=  8 campools= 4 children=    23 items= 170004 camTot=  170005 camMax=  43575 watch=0/0 saved=0 gcObj=  773523 qpix=     8 qimg=     0 axisH=  4.0 online=0
2026-08-05 13:53:42 up=   2.0m rss=    -1.0MB thr=  1 pools=  8 campools= 4 children=    23 items= 170004 camTot=  170005 camMax=  43575 watch=0/0 saved=0 gcObj=  773940 qpix=   161 qimg=     0 axisH=  4.0 online=0
2026-08-05 13:54:42 up=   3.0m rss=    -1.0MB thr=  1 pools=  8 campools= 4 children=    23 items= 170004 camTot=  170005 camMax=  43575 watch=0/0 saved=0 gcObj=  773968 qpix=   161 qimg=     0 axisH=  4.0 online=0
2026-08-05 13:55:42 up=   4.0m rss=    -1.0MB thr=  1 pools=  8 campools= 4 children=    23 items= 170004 camTot=  170005 camMax=  43575 watch=0/0 saved=0 gcObj=  774363 qpix=   167 qimg=     0 axisH=  4.0 online=0
2026-08-05 13:56:42 up=   5.0m rss=    -1.0MB thr=  1 pools=  8 campools= 4 children=    23 items= 170004 camTot=  170005 camMax=  43575 watch=0/0 saved=0 gcObj=  774659 qpix=   167 qimg=     0 axisH=  4.0 online=0
2026-08-05 17:34:52 up=   1.0m rss=    -1.0MB thr=  1 pools=  9 campools= 4 children=    26 items=  72510 camTot=   72511 camMax=  18853 watch=0/0 saved=0 gcObj=  383851 qpix=    19 qimg=     2 axisH=  2.0 online=0
2026-08-05 17:37:43 up=   1.0m rss=    -1.0MB thr=  1 pools=  9 campools= 4 children=    26 items=  28281 camTot=   28282 camMax=   7336 watch=0/0 saved=0 gcObj=  206865 qpix=     8 qimg=     3 axisH=  1.0 online=0
2026-08-05 17:38:42 up=   2.0m rss=    -1.0MB thr=  1 pools=  9 campools= 4 children=    26 items=  28281 camTot=   28282 camMax=   7336 watch=0/0 saved=0 gcObj=  206943 qpix=     8 qimg=     1 axisH=  1.0 online=0
2026-08-05 17:39:44 up=   3.0m rss=    -1.0MB thr=  1 pools=  9 campools= 4 children=    27 items=  30132 camTot=   30133 camMax=   7816 watch=0/0 saved=0 gcObj=  214776 qpix=   133 qimg=     2 axisH=  1.0 online=0
2026-08-05 17:40:46 up=   4.1m rss=    -1.0MB thr=  1 pools=  9 campools= 4 children=    27 items=  30132 camTot=   30133 camMax=   7816 watch=0/0 saved=0 gcObj=  214800 qpix=   133 qimg=     0 axisH=  1.0 online=0
2026-08-05 17:41:43 up=   5.0m rss=    -1.0MB thr=  1 pools=  9 campools= 4 children=    27 items=  30132 camTot=   30133 camMax=   7816 watch=0/0 saved=0 gcObj=  214807 qpix=   133 qimg=     1 axisH=  1.0 online=0
2026-08-05 17:42:42 up=   6.0m rss=    -1.0MB thr=  1 pools=  9 campools= 4 children=    27 items=  30132 camTot=   30133 camMax=   7816 watch=0/0 saved=0 gcObj=  214547 qpix=   133 qimg=     0 axisH=  1.0 online=0
2026-08-05 17:43:42 up=   7.0m rss=    -1.0MB thr=  1 pools=  9 campools= 4 children=    27 items=  30132 camTot=   30133 camMax=   7816 watch=0/0 saved=0 gcObj=  214575 qpix=   133 qimg=     0 axisH=  1.0 online=0
2026-08-05 17:44:42 up=   8.0m rss=    -1.0MB thr=  1 pools=  9 campools= 4 children=    27 items=  30132 camTot=   30133 camMax=   7816 watch=0/0 saved=0 gcObj=  214603 qpix=   133 qimg=     0 axisH=  1.0 online=0
2026-08-05 17:45:42 up=   9.0m rss=    -1.0MB thr=  1 pools=  9 campools= 4 children=    27 items=  30132 camTot=   30133 camMax=   7816 watch=0/0 saved=0 gcObj=  214631 qpix=   133 qimg=     0 axisH=  1.0 online=0
2026-08-05 17:46:42 up=  10.0m rss=    -1.0MB thr=  1 pools=  9 campools= 4 children=    27 items=  30132 camTot=   30133 camMax=   7816 watch=0/0 saved=0 gcObj=  214659 qpix=   133 qimg=     0 axisH=  1.0 online=0
2026-08-05 17:47:42 up=  11.0m rss=    -1.0MB thr=  1 pools=  9 campools= 4 children=    27 items=  30132 camTot=   30133 camMax=   7816 watch=0/0 saved=0 gcObj=  214687 qpix=   133 qimg=     0 axisH=  1.0 online=0
2026-08-05 17:48:42 up=  12.0m rss=    -1.0MB thr=  1 pools=  9 campools= 4 children=    27 items=  30132 camTot=   30133 camMax=   7816 watch=0/0 saved=0 gcObj=  214715 qpix=   133 qimg=     0 axisH=  1.0 online=0
2026-08-05 17:49:42 up=  13.0m rss=    -1.0MB thr=  1 pools=  9 campools= 4 children=    27 items=  30132 camTot=   30133 camMax=   7816 watch=0/0 saved=0 gcObj=  214743 qpix=   133 qimg=     0 axisH=  1.0 online=0
2026-08-05 17:50:42 up=  14.0m rss=    -1.0MB thr=  1 pools=  9 campools= 4 children=    27 items=  30132 camTot=   30133 camMax=   7816 watch=0/0 saved=0 gcObj=  214771 qpix=   133 qimg=     0 axisH=  1.0 online=0
2026-08-05 17:51:42 up=  15.0m rss=    -1.0MB thr=  1 pools=  9 campools= 4 children=    27 items=  30132 camTot=   30133 camMax=   7816 watch=0/0 saved=0 gcObj=  214799 qpix=   133 qimg=     0 axisH=  1.0 online=0
2026-08-05 17:52:42 up=  16.0m rss=    -1.0MB thr=  1 pools=  9 campools= 4 children=    27 items=  30132 camTot=   30133 camMax=   7816 watch=0/0 saved=0 gcObj=  214827 qpix=   133 qimg=     0 axisH=  1.0 online=0
2026-08-05 17:53:42 up=  17.0m rss=    -1.0MB thr=  1 pools=  9 campools= 4 children=    27 items=  30132 camTot=   30133 camMax=   7816 watch=0/0 saved=0 gcObj=  214855 qpix=   133 qimg=     0 axisH=  1.0 online=0
2026-08-05 17:54:42 up=  18.0m rss=    -1.0MB thr=  1 pools=  9 campools= 4 children=    27 items=  30132 camTot=   30133 camMax=   7816 watch=0/0 saved=0 gcObj=  214868 qpix=   133 qimg=     0 axisH=  1.0 online=0
2026-08-05 17:55:42 up=  19.0m rss=    -1.0MB thr=  1 pools=  9 campools= 4 children=    27 items=  30132 camTot=   30133 camMax=   7816 watch=0/0 saved=0 gcObj=  214896 qpix=   133 qimg=     0 axisH=  1.0 online=0
2026-08-05 17:56:42 up=  20.0m rss=    -1.0MB thr=  1 pools=  9 campools= 4 children=    27 items=  30132 camTot=   30133 camMax=   7816 watch=0/0 saved=0 gcObj=  214924 qpix=   133 qimg=     0 axisH=  1.0 online=0
2026-08-05 17:57:42 up=  21.0m rss=    -1.0MB thr=  1 pools=  9 campools= 4 children=    27 items=  30132 camTot=   30133 camMax=   7816 watch=0/0 saved=0 gcObj=  214952 qpix=   133 qimg=     0 axisH=  1.0 online=0
2026-08-05 17:58:42 up=  22.0m rss=    -1.0MB thr=  1 pools=  9 campools= 4 children=    27 items=  30132 camTot=   30133 camMax=   7816 watch=0/0 saved=0 gcObj=  214980 qpix=   133 qimg=     0 axisH=  1.0 online=0
2026-08-05 17:59:42 up=  23.0m rss=    -1.0MB thr=  1 pools=  9 campools= 4 children=    27 items=  30132 camTot=   30133 camMax=   7816 watch=0/0 saved=0 gcObj=  215008 qpix=   133 qimg=     0 axisH=  1.0 online=0
2026-08-05 18:00:42 up=  24.0m rss=    -1.0MB thr=  1 pools=  9 campools= 4 children=    27 items=  30132 camTot=   30133 camMax=   7816 watch=0/0 saved=0 gcObj=  215036 qpix=   133 qimg=     0 axisH=  1.0 online=0
2026-08-05 18:01:42 up=  25.0m rss=    -1.0MB thr=  1 pools=  9 campools= 4 children=    27 items=  30132 camTot=   30133 camMax=   7816 watch=0/0 saved=0 gcObj=  215064 qpix=   133 qimg=     0 axisH=  1.0 online=0
2026-08-05 18:02:42 up=  26.0m rss=    -1.0MB thr=  1 pools=  9 campools= 4 children=    27 items=  30132 camTot=   30133 camMax=   7816 watch=0/0 saved=0 gcObj=  215092 qpix=   133 qimg=     0 axisH=  1.0 online=0
2026-08-05 18:03:42 up=  27.0m rss=    -1.0MB thr=  1 pools=  9 campools= 4 children=    27 items=  30132 camTot=   30133 camMax=   7816 watch=0/0 saved=0 gcObj=  215120 qpix=   133 qimg=     0 axisH=  1.0 online=0
2026-08-05 18:04:42 up=  28.0m rss=    -1.0MB thr=  1 pools=  9 campools= 4 children=    27 items=  30132 camTot=   30133 camMax=   7816 watch=0/0 saved=0 gcObj=  215148 qpix=   133 qimg=     0 axisH=  1.0 online=0
2026-08-05 18:05:42 up=  29.0m rss=    -1.0MB thr=  1 pools=  9 campools= 4 children=    27 items=  30132 camTot=   30133 camMax=   7816 watch=0/0 saved=0 gcObj=  215176 qpix=   133 qimg=     0 axisH=  1.0 online=0
2026-08-05 18:06:42 up=  30.0m rss=    -1.0MB thr=  1 pools=  9 campools= 4 children=    27 items=  30132 camTot=   30133 camMax=   7816 watch=0/0 saved=0 gcObj=  215204 qpix=   133 qimg=     0 axisH=  1.0 online=0
2026-08-05 18:07:42 up=  31.0m rss=    -1.0MB thr=  1 pools=  9 campools= 4 children=    27 items=  30132 camTot=   30133 camMax=   7816 watch=0/0 saved=0 gcObj=  215232 qpix=   133 qimg=     0 axisH=  1.0 online=0
2026-08-05 18:08:42 up=  32.0m rss=    -1.0MB thr=  1 pools=  9 campools= 4 children=    27 items=  30132 camTot=   30133 camMax=   7816 watch=0/0 saved=0 gcObj=  215260 qpix=   133 qimg=     0 axisH=  1.0 online=0
2026-08-05 18:09:42 up=  33.0m rss=    -1.0MB thr=  1 pools=  9 campools= 4 children=    27 items=  30132 camTot=   30133 camMax=   7816 watch=0/0 saved=0 gcObj=  215288 qpix=   133 qimg=     0 axisH=  1.0 online=0
2026-08-05 18:10:42 up=  34.0m rss=    -1.0MB thr=  1 pools=  9 campools= 4 children=    27 items=  30132 camTot=   30133 camMax=   7816 watch=0/0 saved=0 gcObj=  215316 qpix=   133 qimg=     0 axisH=  1.0 online=0
2026-08-05 18:11:42 up=  35.0m rss=    -1.0MB thr=  1 pools=  9 campools= 4 children=    27 items=  30132 camTot=   30133 camMax=   7816 watch=0/0 saved=0 gcObj=  215344 qpix=   133 qimg=     0 axisH=  1.0 online=0
2026-08-05 18:12:42 up=  36.0m rss=    -1.0MB thr=  1 pools=  9 campools= 4 children=    27 items=  30132 camTot=   30133 camMax=   7816 watch=0/0 saved=0 gcObj=  215372 qpix=   133 qimg=     0 axisH=  1.0 online=0
2026-08-05 18:13:42 up=  37.0m rss=    -1.0MB thr=  1 pools=  9 campools= 4 children=    27 items=  30132 camTot=   30133 camMax=   7816 watch=0/0 saved=0 gcObj=  215400 qpix=   133 qimg=     0 axisH=  1.0 online=0
2026-08-05 18:14:42 up=  38.0m rss=    -1.0MB thr=  1 pools=  9 campools= 4 children=    27 items=  30132 camTot=   30133 camMax=   7816 watch=0/0 saved=0 gcObj=  215428 qpix=   133 qimg=     0 axisH=  1.0 online=0
2026-08-05 18:15:42 up=  39.0m rss=    -1.0MB thr=  1 pools=  9 campools= 4 children=    27 items=  30132 camTot=   30133 camMax=   7816 watch=0/0 saved=0 gcObj=  215456 qpix=   133 qimg=     0 axisH=  1.0 online=0
2026-08-05 18:16:42 up=  40.0m rss=    -1.0MB thr=  1 pools=  9 campools= 4 children=    27 items=  30132 camTot=   30133 camMax=   7816 watch=0/0 saved=0 gcObj=  215484 qpix=   133 qimg=     0 axisH=  1.0 online=0
2026-08-05 18:17:42 up=  41.0m rss=    -1.0MB thr=  1 pools=  9 campools= 4 children=    27 items=  30132 camTot=   30133 camMax=   7816 watch=0/0 saved=0 gcObj=  215512 qpix=   133 qimg=     0 axisH=  1.0 online=0
2026-08-05 18:18:42 up=  42.0m rss=    -1.0MB thr=  1 pools=  9 campools= 4 children=    27 items=  30132 camTot=   30133 camMax=   7816 watch=0/0 saved=0 gcObj=  215540 qpix=   133 qimg=     0 axisH=  1.0 online=0
2026-08-05 18:19:42 up=  43.0m rss=    -1.0MB thr=  1 pools=  9 campools= 4 children=    27 items=  30132 camTot=   30133 camMax=   7816 watch=0/0 saved=0 gcObj=  215568 qpix=   133 qimg=     0 axisH=  1.0 online=0
2026-08-05 18:20:42 up=  44.0m rss=    -1.0MB thr=  1 pools=  9 campools= 4 children=    27 items=  30132 camTot=   30133 camMax=   7816 watch=0/0 saved=0 gcObj=  215596 qpix=   133 qimg=     0 axisH=  1.0 online=0
2026-08-05 18:21:42 up=  45.0m rss=    -1.0MB thr=  1 pools=  9 campools= 4 children=    27 items=  30132 camTot=   30133 camMax=   7816 watch=0/0 saved=0 gcObj=  215624 qpix=   133 qimg=     0 axisH=  1.0 online=0
2026-08-05 18:22:42 up=  46.0m rss=    -1.0MB thr=  1 pools=  9 campools= 4 children=    27 items=  30132 camTot=   30133 camMax=   7816 watch=0/0 saved=0 gcObj=  215652 qpix=   133 qimg=     0 axisH=  1.0 online=0
2026-08-05 18:23:42 up=  47.0m rss=    -1.0MB thr=  1 pools=  9 campools= 4 children=    27 items=  30132 camTot=   30133 camMax=   7816 watch=0/0 saved=0 gcObj=  215680 qpix=   133 qimg=     0 axisH=  1.0 online=0
2026-08-05 18:24:42 up=  48.0m rss=    -1.0MB thr=  1 pools=  9 campools= 4 children=    27 items=  30132 camTot=   30133 camMax=   7816 watch=0/0 saved=0 gcObj=  214867 qpix=   133 qimg=     0 axisH=  1.0 online=0
2026-08-05 18:25:42 up=  49.0m rss=    -1.0MB thr=  1 pools=  9 campools= 4 children=    27 items=  30132 camTot=   30133 camMax=   7816 watch=0/0 saved=0 gcObj=  214895 qpix=   133 qimg=     0 axisH=  1.0 online=0
2026-08-05 18:26:42 up=  50.0m rss=    -1.0MB thr=  1 pools=  9 campools= 4 children=    27 items=  30132 camTot=   30133 camMax=   7816 watch=0/0 saved=0 gcObj=  214923 qpix=   133 qimg=     0 axisH=  1.0 online=0
2026-08-05 18:27:42 up=  51.0m rss=    -1.0MB thr=  1 pools=  9 campools= 4 children=    27 items=  30132 camTot=   30133 camMax=   7816 watch=0/0 saved=0 gcObj=  214951 qpix=   133 qimg=     0 axisH=  1.0 online=0
2026-08-05 18:28:42 up=  52.0m rss=    -1.0MB thr=  1 pools=  9 campools= 4 children=    27 items=  30132 camTot=   30133 camMax=   7816 watch=0/0 saved=0 gcObj=  214979 qpix=   133 qimg=     0 axisH=  1.0 online=0
2026-08-05 18:29:42 up=  53.0m rss=    -1.0MB thr=  1 pools=  9 campools= 4 children=    27 items=  30132 camTot=   30133 camMax=   7816 watch=0/0 saved=0 gcObj=  215007 qpix=   133 qimg=     0 axisH=  1.0 online=0
2026-08-05 18:30:42 up=  54.0m rss=    -1.0MB thr=  1 pools=  9 campools= 4 children=    27 items=  30132 camTot=   30133 camMax=   7816 watch=0/0 saved=0 gcObj=  215035 qpix=   133 qimg=     0 axisH=  1.0 online=0
2026-08-05 18:31:42 up=  55.0m rss=    -1.0MB thr=  1 pools=  9 campools= 4 children=    27 items=  30132 camTot=   30133 camMax=   7816 watch=0/0 saved=0 gcObj=  215063 qpix=   133 qimg=     0 axisH=  1.0 online=0
2026-08-05 18:32:42 up=  56.0m rss=    -1.0MB thr=  1 pools=  9 campools= 4 children=    27 items=  30132 camTot=   30133 camMax=   7816 watch=0/0 saved=0 gcObj=  215091 qpix=   133 qimg=     0 axisH=  1.0 online=0
2026-08-05 18:33:42 up=  57.0m rss=    -1.0MB thr=  1 pools=  9 campools= 4 children=    27 items=  30132 camTot=   30133 camMax=   7816 watch=0/0 saved=0 gcObj=  215119 qpix=   133 qimg=     0 axisH=  1.0 online=0
2026-08-05 18:34:42 up=  58.0m rss=    -1.0MB thr=  1 pools=  9 campools= 4 children=    27 items=  30132 camTot=   30133 camMax=   7816 watch=0/0 saved=0 gcObj=  215147 qpix=   133 qimg=     0 axisH=  1.0 online=0
2026-08-05 18:35:42 up=  59.0m rss=    -1.0MB thr=  1 pools=  9 campools= 4 children=    27 items=  30132 camTot=   30133 camMax=   7816 watch=0/0 saved=0 gcObj=  215175 qpix=   133 qimg=     0 axisH=  1.0 online=0
2026-08-05 18:36:42 up=  60.0m rss=    -1.0MB thr=  1 pools=  9 campools= 4 children=    27 items=  30132 camTot=   30133 camMax=   7816 watch=0/0 saved=0 gcObj=  215203 qpix=   133 qimg=     0 axisH=  1.0 online=0
2026-08-05 18:37:42 up=  61.0m rss=    -1.0MB thr=  1 pools=  9 campools= 4 children=    27 items=  30132 camTot=   30133 camMax=   7816 watch=0/0 saved=0 gcObj=  215231 qpix=   133 qimg=     0 axisH=  1.0 online=0
2026-08-05 18:38:42 up=  62.0m rss=    -1.0MB thr=  1 pools=  9 campools= 4 children=    27 items=  30132 camTot=   30133 camMax=   7816 watch=0/0 saved=0 gcObj=  215259 qpix=   133 qimg=     0 axisH=  1.0 online=0
2026-08-05 18:39:42 up=  63.0m rss=    -1.0MB thr=  1 pools=  9 campools= 4 children=    27 items=  30132 camTot=   30133 camMax=   7816 watch=0/0 saved=0 gcObj=  215287 qpix=   133 qimg=     0 axisH=  1.0 online=0
2026-08-05 18:40:42 up=  64.0m rss=    -1.0MB thr=  1 pools=  9 campools= 4 children=    27 items=  30132 camTot=   30133 camMax=   7816 watch=0/0 saved=0 gcObj=  215315 qpix=   133 qimg=     0 axisH=  1.0 online=0
2026-08-05 18:41:42 up=  65.0m rss=    -1.0MB thr=  1 pools=  9 campools= 4 children=    27 items=  30132 camTot=   30133 camMax=   7816 watch=0/0 saved=0 gcObj=  215343 qpix=   133 qimg=     0 axisH=  1.0 online=0
2026-08-05 18:42:42 up=  66.0m rss=    -1.0MB thr=  1 pools=  9 campools= 4 children=    27 items=  30132 camTot=   30133 camMax=   7816 watch=0/0 saved=0 gcObj=  215371 qpix=   133 qimg=     0 axisH=  1.0 online=0
2026-08-05 18:43:42 up=  67.0m rss=    -1.0MB thr=  1 pools=  9 campools= 4 children=    27 items=  30132 camTot=   30133 camMax=   7816 watch=0/0 saved=0 gcObj=  215399 qpix=   133 qimg=     0 axisH=  1.0 online=0
2026-08-05 18:44:42 up=  68.0m rss=    -1.0MB thr=  1 pools=  9 campools= 4 children=    27 items=  30132 camTot=   30133 camMax=   7816 watch=0/0 saved=0 gcObj=  215427 qpix=   133 qimg=     0 axisH=  1.0 online=0
2026-08-05 18:45:42 up=  69.0m rss=    -1.0MB thr=  1 pools=  9 campools= 4 children=    27 items=  30132 camTot=   30133 camMax=   7816 watch=0/0 saved=0 gcObj=  215455 qpix=   133 qimg=     0 axisH=  1.0 online=0
2026-08-05 18:46:42 up=  70.0m rss=    -1.0MB thr=  1 pools=  9 campools= 4 children=    27 items=  30132 camTot=   30133 camMax=   7816 watch=0/0 saved=0 gcObj=  215483 qpix=   133 qimg=     0 axisH=  1.0 online=0
2026-08-05 18:47:42 up=  71.0m rss=    -1.0MB thr=  1 pools=  9 campools= 4 children=    27 items=  30132 camTot=   30133 camMax=   7816 watch=0/0 saved=0 gcObj=  215511 qpix=   133 qimg=     0 axisH=  1.0 online=0
2026-08-05 18:48:42 up=  72.0m rss=    -1.0MB thr=  1 pools=  9 campools= 4 children=    27 items=  30132 camTot=   30133 camMax=   7816 watch=0/0 saved=0 gcObj=  215539 qpix=   133 qimg=     0 axisH=  1.0 online=0
2026-08-05 18:49:42 up=  73.0m rss=    -1.0MB thr=  1 pools=  9 campools= 4 children=    27 items=  30132 camTot=   30133 camMax=   7816 watch=0/0 saved=0 gcObj=  215567 qpix=   133 qimg=     0 axisH=  1.0 online=0
2026-08-05 18:50:42 up=  74.0m rss=    -1.0MB thr=  1 pools=  9 campools= 4 children=    27 items=  30132 camTot=   30133 camMax=   7816 watch=0/0 saved=0 gcObj=  215595 qpix=   133 qimg=     0 axisH=  1.0 online=0
2026-08-05 18:51:42 up=  75.0m rss=    -1.0MB thr=  1 pools=  9 campools= 4 children=    27 items=  30132 camTot=   30133 camMax=   7816 watch=0/0 saved=0 gcObj=  215623 qpix=   133 qimg=     0 axisH=  1.0 online=0
2026-08-05 18:52:42 up=  76.0m rss=    -1.0MB thr=  1 pools=  9 campools= 4 children=    27 items=  30132 camTot=   30133 camMax=   7816 watch=0/0 saved=0 gcObj=  215651 qpix=   133 qimg=     0 axisH=  1.0 online=0
2026-08-05 18:53:42 up=  77.0m rss=    -1.0MB thr=  1 pools=  9 campools= 4 children=    27 items=  30132 camTot=   30133 camMax=   7816 watch=0/0 saved=0 gcObj=  215679 qpix=   133 qimg=     0 axisH=  1.0 online=0
2026-08-05 18:54:42 up=  78.0m rss=    -1.0MB thr=  1 pools=  9 campools= 4 children=    27 items=  30132 camTot=   30133 camMax=   7816 watch=0/0 saved=0 gcObj=  215707 qpix=   133 qimg=     0 axisH=  1.0 online=0
2026-08-05 18:55:42 up=  79.0m rss=    -1.0MB thr=  1 pools=  9 campools= 4 children=    27 items=  30132 camTot=   30133 camMax=   7816 watch=0/0 saved=0 gcObj=  215735 qpix=   133 qimg=     0 axisH=  1.0 online=0
2026-08-05 18:56:42 up=  80.0m rss=    -1.0MB thr=  1 pools=  9 campools= 4 children=    27 items=  30132 camTot=   30133 camMax=   7816 watch=0/0 saved=0 gcObj=  215763 qpix=   133 qimg=     0 axisH=  1.0 online=0
2026-08-05 18:57:42 up=  81.0m rss=    -1.0MB thr=  1 pools=  9 campools= 4 children=    27 items=  30132 camTot=   30133 camMax=   7816 watch=0/0 saved=0 gcObj=  215791 qpix=   133 qimg=     0 axisH=  1.0 online=0
2026-08-05 18:58:42 up=  82.0m rss=    -1.0MB thr=  1 pools=  9 campools= 4 children=    27 items=  30132 camTot=   30133 camMax=   7816 watch=0/0 saved=0 gcObj=  215819 qpix=   133 qimg=     0 axisH=  1.0 online=0
2026-08-05 18:59:42 up=  83.0m rss=    -1.0MB thr=  1 pools=  9 campools= 4 children=    27 items=  30132 camTot=   30133 camMax=   7816 watch=0/0 saved=0 gcObj=  215847 qpix=   133 qimg=     0 axisH=  1.0 online=0
2026-08-05 19:00:42 up=  84.0m rss=    -1.0MB thr=  1 pools=  9 campools= 4 children=    27 items=  30132 camTot=   30133 camMax=   7816 watch=0/0 saved=0 gcObj=  215875 qpix=   133 qimg=     0 axisH=  1.0 online=0
2026-08-05 19:01:42 up=  85.0m rss=    -1.0MB thr=  1 pools=  9 campools= 4 children=    27 items=  30132 camTot=   30133 camMax=   7816 watch=0/0 saved=0 gcObj=  215903 qpix=   133 qimg=     0 axisH=  1.0 online=0
2026-08-05 19:02:42 up=  86.0m rss=    -1.0MB thr=  1 pools=  9 campools= 4 children=    27 items=  30132 camTot=   30133 camMax=   7816 watch=0/0 saved=0 gcObj=  215931 qpix=   133 qimg=     0 axisH=  1.0 online=0
2026-08-05 19:03:42 up=  87.0m rss=    -1.0MB thr=  1 pools=  9 campools= 4 children=    27 items=  30132 camTot=   30133 camMax=   7816 watch=0/0 saved=0 gcObj=  215959 qpix=   133 qimg=     0 axisH=  1.0 online=0
2026-08-05 19:04:42 up=  88.0m rss=    -1.0MB thr=  1 pools=  9 campools= 4 children=    27 items=  30132 camTot=   30133 camMax=   7816 watch=0/0 saved=0 gcObj=  215948 qpix=   133 qimg=     0 axisH=  1.0 online=0
2026-08-05 19:05:42 up=  89.0m rss=    -1.0MB thr=  1 pools=  9 campools= 4 children=    27 items=  30132 camTot=   30133 camMax=   7816 watch=0/0 saved=0 gcObj=  215976 qpix=   133 qimg=     0 axisH=  1.0 online=0
2026-08-05 19:06:42 up=  90.0m rss=    -1.0MB thr=  1 pools=  9 campools= 4 children=    27 items=  30132 camTot=   30133 camMax=   7816 watch=0/0 saved=0 gcObj=  216004 qpix=   133 qimg=     0 axisH=  1.0 online=0
2026-08-05 19:07:42 up=  91.0m rss=    -1.0MB thr=  1 pools=  9 campools= 4 children=    27 items=  30132 camTot=   30133 camMax=   7816 watch=0/0 saved=0 gcObj=  216032 qpix=   133 qimg=     0 axisH=  1.0 online=0
2026-08-05 19:08:42 up=  92.0m rss=    -1.0MB thr=  1 pools=  9 campools= 4 children=    27 items=  30132 camTot=   30133 camMax=   7816 watch=0/0 saved=0 gcObj=  216060 qpix=   133 qimg=     0 axisH=  1.0 online=0
2026-08-05 19:09:42 up=  93.0m rss=    -1.0MB thr=  1 pools=  9 campools= 4 children=    27 items=  30132 camTot=   30133 camMax=   7816 watch=0/0 saved=0 gcObj=  216088 qpix=   133 qimg=     0 axisH=  1.0 online=0
2026-08-05 19:10:42 up=  94.0m rss=    -1.0MB thr=  1 pools=  9 campools= 4 children=    27 items=  30132 camTot=   30133 camMax=   7816 watch=0/0 saved=0 gcObj=  216116 qpix=   133 qimg=     0 axisH=  1.0 online=0
2026-08-05 19:11:42 up=  95.0m rss=    -1.0MB thr=  1 pools=  9 campools= 4 children=    27 items=  30132 camTot=   30133 camMax=   7816 watch=0/0 saved=0 gcObj=  216144 qpix=   133 qimg=     0 axisH=  1.0 online=0
2026-08-05 19:12:42 up=  96.0m rss=    -1.0MB thr=  1 pools=  9 campools= 4 children=    27 items=  30132 camTot=   30133 camMax=   7816 watch=0/0 saved=0 gcObj=  216172 qpix=   133 qimg=     0 axisH=  1.0 online=0
2026-08-05 19:13:42 up=  97.0m rss=    -1.0MB thr=  1 pools=  9 campools= 4 children=    27 items=  30132 camTot=   30133 camMax=   7816 watch=0/0 saved=0 gcObj=  216200 qpix=   133 qimg=     0 axisH=  1.0 online=0
2026-08-05 19:14:42 up=  98.0m rss=    -1.0MB thr=  1 pools=  9 campools= 4 children=    27 items=  30132 camTot=   30133 camMax=   7816 watch=0/0 saved=0 gcObj=  216228 qpix=   133 qimg=     0 axisH=  1.0 online=0
2026-08-05 19:15:42 up=  99.0m rss=    -1.0MB thr=  1 pools=  9 campools= 4 children=    27 items=  30132 camTot=   30133 camMax=   7816 watch=0/0 saved=0 gcObj=  216256 qpix=   133 qimg=     0 axisH=  1.0 online=0
2026-08-05 19:16:42 up= 100.0m rss=    -1.0MB thr=  1 pools=  9 campools= 4 children=    27 items=  30132 camTot=   30133 camMax=   7816 watch=0/0 saved=0 gcObj=  216284 qpix=   133 qimg=     0 axisH=  1.0 online=0
2026-08-05 19:17:42 up= 101.0m rss=    -1.0MB thr=  1 pools=  9 campools= 4 children=    27 items=  30132 camTot=   30133 camMax=   7816 watch=0/0 saved=0 gcObj=  216312 qpix=   133 qimg=     0 axisH=  1.0 online=0
2026-08-05 19:18:42 up= 102.0m rss=    -1.0MB thr=  1 pools=  9 campools= 4 children=    27 items=  30132 camTot=   30133 camMax=   7816 watch=0/0 saved=0 gcObj=  216340 qpix=   133 qimg=     0 axisH=  1.0 online=0
2026-08-05 19:19:42 up= 103.0m rss=    -1.0MB thr=  1 pools=  9 campools= 4 children=    27 items=  30132 camTot=   30133 camMax=   7816 watch=0/0 saved=0 gcObj=  216368 qpix=   133 qimg=     0 axisH=  1.0 online=0
2026-08-05 19:20:42 up= 104.0m rss=    -1.0MB thr=  1 pools=  9 campools= 4 children=    27 items=  30132 camTot=   30133 camMax=   7816 watch=0/0 saved=0 gcObj=  216396 qpix=   133 qimg=     0 axisH=  1.0 online=0
2026-08-05 19:21:42 up= 105.0m rss=    -1.0MB thr=  1 pools=  9 campools= 4 children=    27 items=  30132 camTot=   30133 camMax=   7816 watch=0/0 saved=0 gcObj=  216424 qpix=   133 qimg=     0 axisH=  1.0 online=0
2026-08-05 19:22:42 up= 106.0m rss=    -1.0MB thr=  1 pools=  9 campools= 4 children=    27 items=  30132 camTot=   30133 camMax=   7816 watch=0/0 saved=0 gcObj=  216452 qpix=   133 qimg=     0 axisH=  1.0 online=0
2026-08-05 19:23:42 up= 107.0m rss=    -1.0MB thr=  1 pools=  9 campools= 4 children=    27 items=  30132 camTot=   30133 camMax=   7816 watch=0/0 saved=0 gcObj=  216480 qpix=   133 qimg=     0 axisH=  1.0 online=0
2026-08-05 19:24:42 up= 108.0m rss=    -1.0MB thr=  1 pools=  9 campools= 4 children=    27 items=  30132 camTot=   30133 camMax=   7816 watch=0/0 saved=0 gcObj=  216508 qpix=   133 qimg=     0 axisH=  1.0 online=0
2026-08-05 19:25:42 up= 109.0m rss=    -1.0MB thr=  1 pools=  9 campools= 4 children=    27 items=  30132 camTot=   30133 camMax=   7816 watch=0/0 saved=0 gcObj=  216536 qpix=   133 qimg=     0 axisH=  1.0 online=0
2026-08-05 19:26:42 up= 110.0m rss=    -1.0MB thr=  1 pools=  9 campools= 4 children=    27 items=  30132 camTot=   30133 camMax=   7816 watch=0/0 saved=0 gcObj=  216564 qpix=   133 qimg=     0 axisH=  1.0 online=0
2026-08-05 19:27:42 up= 111.0m rss=    -1.0MB thr=  1 pools=  9 campools= 4 children=    27 items=  30132 camTot=   30133 camMax=   7816 watch=0/0 saved=0 gcObj=  216592 qpix=   133 qimg=     0 axisH=  1.0 online=0
2026-08-05 19:28:42 up= 112.0m rss=    -1.0MB thr=  1 pools=  9 campools= 4 children=    27 items=  30132 camTot=   30133 camMax=   7816 watch=0/0 saved=0 gcObj=  216620 qpix=   133 qimg=     0 axisH=  1.0 online=0
2026-08-05 19:29:42 up= 113.0m rss=    -1.0MB thr=  1 pools=  9 campools= 4 children=    27 items=  30132 camTot=   30133 camMax=   7816 watch=0/0 saved=0 gcObj=  214462 qpix=   133 qimg=     0 axisH=  1.0 online=0
2026-08-05 19:30:42 up= 114.0m rss=    -1.0MB thr=  1 pools=  9 campools= 4 children=    27 items=  30132 camTot=   30133 camMax=   7816 watch=0/0 saved=0 gcObj=  214490 qpix=   133 qimg=     0 axisH=  1.0 online=0
2026-08-05 19:31:42 up= 115.0m rss=    -1.0MB thr=  1 pools=  9 campools= 4 children=    27 items=  30132 camTot=   30133 camMax=   7816 watch=0/0 saved=0 gcObj=  214518 qpix=   133 qimg=     0 axisH=  1.0 online=0
2026-08-05 19:32:42 up= 116.0m rss=    -1.0MB thr=  1 pools=  9 campools= 4 children=    27 items=  30132 camTot=   30133 camMax=   7816 watch=0/0 saved=0 gcObj=  214546 qpix=   133 qimg=     0 axisH=  1.0 online=0
2026-08-05 19:33:42 up= 117.0m rss=    -1.0MB thr=  1 pools=  9 campools= 4 children=    27 items=  30132 camTot=   30133 camMax=   7816 watch=0/0 saved=0 gcObj=  214574 qpix=   133 qimg=     0 axisH=  1.0 online=0
2026-08-05 19:34:42 up= 118.0m rss=    -1.0MB thr=  1 pools=  9 campools= 4 children=    27 items=  30132 camTot=   30133 camMax=   7816 watch=0/0 saved=0 gcObj=  214602 qpix=   133 qimg=     0 axisH=  1.0 online=0
2026-08-05 19:35:42 up= 119.0m rss=    -1.0MB thr=  1 pools=  9 campools= 4 children=    27 items=  30132 camTot=   30133 camMax=   7816 watch=0/0 saved=0 gcObj=  214630 qpix=   133 qimg=     0 axisH=  1.0 online=0
2026-08-05 19:36:42 up= 120.0m rss=    -1.0MB thr=  1 pools=  9 campools= 4 children=    27 items=  30132 camTot=   30133 camMax=   7816 watch=0/0 saved=0 gcObj=  214658 qpix=   133 qimg=     0 axisH=  1.0 online=0
2026-08-05 19:37:42 up= 121.0m rss=    -1.0MB thr=  1 pools=  9 campools= 4 children=    27 items=  30132 camTot=   30133 camMax=   7816 watch=0/0 saved=0 gcObj=  214686 qpix=   133 qimg=     0 axisH=  1.0 online=0
2026-08-05 19:38:42 up= 122.0m rss=    -1.0MB thr=  1 pools=  9 campools= 4 children=    27 items=  30132 camTot=   30133 camMax=   7816 watch=0/0 saved=0 gcObj=  214714 qpix=   133 qimg=     0 axisH=  1.0 online=0
2026-08-05 19:39:42 up= 123.0m rss=    -1.0MB thr=  1 pools=  9 campools= 4 children=    27 items=  30132 camTot=   30133 camMax=   7816 watch=0/0 saved=0 gcObj=  214742 qpix=   133 qimg=     0 axisH=  1.0 online=0
2026-08-05 19:40:42 up= 124.0m rss=    -1.0MB thr=  1 pools=  9 campools= 4 children=    27 items=  30132 camTot=   30133 camMax=   7816 watch=0/0 saved=0 gcObj=  214770 qpix=   133 qimg=     0 axisH=  1.0 online=0
2026-08-05 19:41:42 up= 125.0m rss=    -1.0MB thr=  1 pools=  9 campools= 4 children=    27 items=  30132 camTot=   30133 camMax=   7816 watch=0/0 saved=0 gcObj=  214798 qpix=   133 qimg=     0 axisH=  1.0 online=0
2026-08-05 19:42:42 up= 126.0m rss=    -1.0MB thr=  1 pools=  9 campools= 4 children=    27 items=  30132 camTot=   30133 camMax=   7816 watch=0/0 saved=0 gcObj=  214826 qpix=   133 qimg=     0 axisH=  1.0 online=0
2026-08-05 19:43:42 up= 127.0m rss=    -1.0MB thr=  1 pools=  9 campools= 4 children=    27 items=  30132 camTot=   30133 camMax=   7816 watch=0/0 saved=0 gcObj=  214854 qpix=   133 qimg=     0 axisH=  1.0 online=0
2026-08-05 19:44:42 up= 128.0m rss=    -1.0MB thr=  1 pools=  9 campools= 4 children=    27 items=  30132 camTot=   30133 camMax=   7816 watch=0/0 saved=0 gcObj=  214882 qpix=   133 qimg=     0 axisH=  1.0 online=0
2026-08-05 19:45:42 up= 129.0m rss=    -1.0MB thr=  1 pools=  9 campools= 4 children=    27 items=  30132 camTot=   30133 camMax=   7816 watch=0/0 saved=0 gcObj=  214910 qpix=   133 qimg=     0 axisH=  1.0 online=0
2026-08-05 19:46:42 up= 130.0m rss=    -1.0MB thr=  1 pools=  9 campools= 4 children=    27 items=  30132 camTot=   30133 camMax=   7816 watch=0/0 saved=0 gcObj=  214938 qpix=   133 qimg=     0 axisH=  1.0 online=0
2026-08-05 19:47:42 up= 131.0m rss=    -1.0MB thr=  1 pools=  9 campools= 4 children=    27 items=  30132 camTot=   30133 camMax=   7816 watch=0/0 saved=0 gcObj=  214966 qpix=   133 qimg=     0 axisH=  1.0 online=0
2026-08-05 19:48:42 up= 132.0m rss=    -1.0MB thr=  1 pools=  9 campools= 4 children=    27 items=  30132 camTot=   30133 camMax=   7816 watch=0/0 saved=0 gcObj=  214994 qpix=   133 qimg=     0 axisH=  1.0 online=0
2026-08-05 19:49:42 up= 133.0m rss=    -1.0MB thr=  1 pools=  9 campools= 4 children=    27 items=  30132 camTot=   30133 camMax=   7816 watch=0/0 saved=0 gcObj=  215022 qpix=   133 qimg=     0 axisH=  1.0 online=0
2026-08-05 19:50:42 up= 134.0m rss=    -1.0MB thr=  1 pools=  9 campools= 4 children=    27 items=  30132 camTot=   30133 camMax=   7816 watch=0/0 saved=0 gcObj=  215050 qpix=   133 qimg=     0 axisH=  1.0 online=0
2026-08-05 19:51:42 up= 135.0m rss=    -1.0MB thr=  1 pools=  9 campools= 4 children=    27 items=  30132 camTot=   30133 camMax=   7816 watch=0/0 saved=0 gcObj=  215078 qpix=   133 qimg=     0 axisH=  1.0 online=0
2026-08-05 19:52:42 up= 136.0m rss=    -1.0MB thr=  1 pools=  9 campools= 4 children=    27 items=  30132 camTot=   30133 camMax=   7816 watch=0/0 saved=0 gcObj=  215106 qpix=   133 qimg=     0 axisH=  1.0 online=0
2026-08-05 19:53:42 up= 137.0m rss=    -1.0MB thr=  1 pools=  9 campools= 4 children=    27 items=  30132 camTot=   30133 camMax=   7816 watch=0/0 saved=0 gcObj=  215134 qpix=   133 qimg=     0 axisH=  1.0 online=0
2026-08-05 19:54:42 up= 138.0m rss=    -1.0MB thr=  1 pools=  9 campools= 4 children=    27 items=  30132 camTot=   30133 camMax=   7816 watch=0/0 saved=0 gcObj=  215162 qpix=   133 qimg=     0 axisH=  1.0 online=0
2026-08-05 19:55:42 up= 139.0m rss=    -1.0MB thr=  1 pools=  9 campools= 4 children=    27 items=  30132 camTot=   30133 camMax=   7816 watch=0/0 saved=0 gcObj=  215190 qpix=   133 qimg=     0 axisH=  1.0 online=0
2026-08-05 19:56:42 up= 140.0m rss=    -1.0MB thr=  1 pools=  9 campools= 4 children=    27 items=  30132 camTot=   30133 camMax=   7816 watch=0/0 saved=0 gcObj=  215218 qpix=   133 qimg=     0 axisH=  1.0 online=0
2026-08-05 19:57:42 up= 141.0m rss=    -1.0MB thr=  1 pools=  9 campools= 4 children=    27 items=  30132 camTot=   30133 camMax=   7816 watch=0/0 saved=0 gcObj=  215246 qpix=   133 qimg=     0 axisH=  1.0 online=0
2026-08-05 19:58:42 up= 142.0m rss=    -1.0MB thr=  1 pools=  9 campools= 4 children=    27 items=  30132 camTot=   30133 camMax=   7816 watch=0/0 saved=0 gcObj=  215274 qpix=   133 qimg=     0 axisH=  1.0 online=0
2026-08-05 19:59:42 up= 143.0m rss=    -1.0MB thr=  1 pools=  9 campools= 4 children=    27 items=  30132 camTot=   30133 camMax=   7816 watch=0/0 saved=0 gcObj=  215302 qpix=   133 qimg=     0 axisH=  1.0 online=0
2026-08-05 20:00:42 up= 144.0m rss=    -1.0MB thr=  1 pools=  9 campools= 4 children=    27 items=  30132 camTot=   30133 camMax=   7816 watch=0/0 saved=0 gcObj=  215330 qpix=   133 qimg=     0 axisH=  1.0 online=0
2026-08-05 20:01:42 up= 145.0m rss=    -1.0MB thr=  1 pools=  9 campools= 4 children=    27 items=  30132 camTot=   30133 camMax=   7816 watch=0/0 saved=0 gcObj=  215358 qpix=   133 qimg=     0 axisH=  1.0 online=0
2026-08-05 20:02:42 up= 146.0m rss=    -1.0MB thr=  1 pools=  9 campools= 4 children=    27 items=  30132 camTot=   30133 camMax=   7816 watch=0/0 saved=0 gcObj=  215386 qpix=   133 qimg=     0 axisH=  1.0 online=0
2026-08-05 20:03:42 up= 147.0m rss=    -1.0MB thr=  1 pools=  9 campools= 4 children=    27 items=  30132 camTot=   30133 camMax=   7816 watch=0/0 saved=0 gcObj=  215414 qpix=   133 qimg=     0 axisH=  1.0 online=0
2026-08-05 20:04:42 up= 148.0m rss=    -1.0MB thr=  1 pools=  9 campools= 4 children=    27 items=  30132 camTot=   30133 camMax=   7816 watch=0/0 saved=0 gcObj=  215442 qpix=   133 qimg=     0 axisH=  1.0 online=0
2026-08-05 20:05:42 up= 149.0m rss=    -1.0MB thr=  1 pools=  9 campools= 4 children=    27 items=  30132 camTot=   30133 camMax=   7816 watch=0/0 saved=0 gcObj=  215470 qpix=   133 qimg=     0 axisH=  1.0 online=0
2026-08-05 20:06:42 up= 150.0m rss=    -1.0MB thr=  1 pools=  9 campools= 4 children=    27 items=  30132 camTot=   30133 camMax=   7816 watch=0/0 saved=0 gcObj=  215498 qpix=   133 qimg=     0 axisH=  1.0 online=0
2026-08-05 20:07:42 up= 151.0m rss=    -1.0MB thr=  1 pools=  9 campools= 4 children=    27 items=  30132 camTot=   30133 camMax=   7816 watch=0/0 saved=0 gcObj=  215526 qpix=   133 qimg=     0 axisH=  1.0 online=0
2026-08-05 20:08:42 up= 152.0m rss=    -1.0MB thr=  1 pools=  9 campools= 4 children=    27 items=  30132 camTot=   30133 camMax=   7816 watch=0/0 saved=0 gcObj=  215554 qpix=   133 qimg=     0 axisH=  1.0 online=0
2026-08-05 20:09:42 up= 153.0m rss=    -1.0MB thr=  1 pools=  9 campools= 4 children=    27 items=  30132 camTot=   30133 camMax=   7816 watch=0/0 saved=0 gcObj=  215582 qpix=   133 qimg=     0 axisH=  1.0 online=0
2026-08-05 20:10:42 up= 154.0m rss=    -1.0MB thr=  1 pools=  9 campools= 4 children=    27 items=  30132 camTot=   30133 camMax=   7816 watch=0/0 saved=0 gcObj=  215610 qpix=   133 qimg=     0 axisH=  1.0 online=0
2026-08-05 20:11:42 up= 155.0m rss=    -1.0MB thr=  1 pools=  9 campools= 4 children=    27 items=  30132 camTot=   30133 camMax=   7816 watch=0/0 saved=0 gcObj=  215638 qpix=   133 qimg=     0 axisH=  1.0 online=0
2026-08-05 20:12:42 up= 156.0m rss=    -1.0MB thr=  1 pools=  9 campools= 4 children=    27 items=  30132 camTot=   30133 camMax=   7816 watch=0/0 saved=0 gcObj=  215666 qpix=   133 qimg=     0 axisH=  1.0 online=0
2026-08-05 20:13:42 up= 157.0m rss=    -1.0MB thr=  1 pools=  9 campools= 4 children=    27 items=  30132 camTot=   30133 camMax=   7816 watch=0/0 saved=0 gcObj=  215694 qpix=   133 qimg=     0 axisH=  1.0 online=0
2026-08-05 20:14:42 up= 158.0m rss=    -1.0MB thr=  1 pools=  9 campools= 4 children=    27 items=  30132 camTot=   30133 camMax=   7816 watch=0/0 saved=0 gcObj=  215722 qpix=   133 qimg=     0 axisH=  1.0 online=0
2026-08-05 20:15:42 up= 159.0m rss=    -1.0MB thr=  1 pools=  9 campools= 4 children=    27 items=  30132 camTot=   30133 camMax=   7816 watch=0/0 saved=0 gcObj=  215750 qpix=   133 qimg=     0 axisH=  1.0 online=0
2026-08-05 20:16:42 up= 160.0m rss=    -1.0MB thr=  1 pools=  9 campools= 4 children=    27 items=  30132 camTot=   30133 camMax=   7816 watch=0/0 saved=0 gcObj=  215732 qpix=   133 qimg=     0 axisH=  1.0 online=0
2026-08-05 20:17:42 up= 161.0m rss=    -1.0MB thr=  1 pools=  9 campools= 4 children=    27 items=  30132 camTot=   30133 camMax=   7816 watch=0/0 saved=0 gcObj=  215760 qpix=   133 qimg=     0 axisH=  1.0 online=0
2026-08-05 20:18:42 up= 162.0m rss=    -1.0MB thr=  1 pools=  9 campools= 4 children=    27 items=  30132 camTot=   30133 camMax=   7816 watch=0/0 saved=0 gcObj=  215788 qpix=   133 qimg=     0 axisH=  1.0 online=0
2026-08-05 20:19:42 up= 163.0m rss=    -1.0MB thr=  1 pools=  9 campools= 4 children=    27 items=  30132 camTot=   30133 camMax=   7816 watch=0/0 saved=0 gcObj=  215816 qpix=   133 qimg=     0 axisH=  1.0 online=0
2026-08-05 20:20:42 up= 164.0m rss=    -1.0MB thr=  1 pools=  9 campools= 4 children=    27 items=  30132 camTot=   30133 camMax=   7816 watch=0/0 saved=0 gcObj=  215844 qpix=   133 qimg=     0 axisH=  1.0 online=0
2026-08-05 20:21:42 up= 165.0m rss=    -1.0MB thr=  1 pools=  9 campools= 4 children=    27 items=  30132 camTot=   30133 camMax=   7816 watch=0/0 saved=0 gcObj=  215872 qpix=   133 qimg=     0 axisH=  1.0 online=0
2026-08-05 20:22:42 up= 166.0m rss=    -1.0MB thr=  1 pools=  9 campools= 4 children=    27 items=  30132 camTot=   30133 camMax=   7816 watch=0/0 saved=0 gcObj=  215900 qpix=   133 qimg=     0 axisH=  1.0 online=0
2026-08-05 20:23:42 up= 167.0m rss=    -1.0MB thr=  1 pools=  9 campools= 4 children=    27 items=  30132 camTot=   30133 camMax=   7816 watch=0/0 saved=0 gcObj=  215928 qpix=   133 qimg=     0 axisH=  1.0 online=0
2026-08-05 20:24:42 up= 168.0m rss=    -1.0MB thr=  1 pools=  9 campools= 4 children=    27 items=  30132 camTot=   30133 camMax=   7816 watch=0/0 saved=0 gcObj=  215956 qpix=   133 qimg=     0 axisH=  1.0 online=0
2026-08-05 20:25:42 up= 169.0m rss=    -1.0MB thr=  1 pools=  9 campools= 4 children=    27 items=  30132 camTot=   30133 camMax=   7816 watch=0/0 saved=0 gcObj=  215984 qpix=   133 qimg=     0 axisH=  1.0 online=0
2026-08-05 20:26:43 up= 170.0m rss=    -1.0MB thr=  1 pools=  9 campools= 4 children=    27 items=  30132 camTot=   30133 camMax=   7816 watch=0/0 saved=0 gcObj=  216012 qpix=   133 qimg=     0 axisH=  1.0 online=0
2026-08-05 20:27:42 up= 171.0m rss=    -1.0MB thr=  1 pools=  9 campools= 4 children=    27 items=  30132 camTot=   30133 camMax=   7816 watch=0/0 saved=0 gcObj=  216040 qpix=   133 qimg=     0 axisH=  1.0 online=0
2026-08-05 20:28:42 up= 172.0m rss=    -1.0MB thr=  1 pools=  9 campools= 4 children=    27 items=  30132 camTot=   30133 camMax=   7816 watch=0/0 saved=0 gcObj=  216068 qpix=   133 qimg=     0 axisH=  1.0 online=0
2026-08-05 20:29:42 up= 173.0m rss=    -1.0MB thr=  1 pools=  9 campools= 4 children=    27 items=  30132 camTot=   30133 camMax=   7816 watch=0/0 saved=0 gcObj=  216096 qpix=   133 qimg=     0 axisH=  1.0 online=0
2026-08-05 20:30:42 up= 174.0m rss=    -1.0MB thr=  1 pools=  9 campools= 4 children=    27 items=  30132 camTot=   30133 camMax=   7816 watch=0/0 saved=0 gcObj=  216124 qpix=   133 qimg=     0 axisH=  1.0 online=0
2026-08-05 20:31:42 up= 175.0m rss=    -1.0MB thr=  1 pools=  9 campools= 4 children=    27 items=  30132 camTot=   30133 camMax=   7816 watch=0/0 saved=0 gcObj=  216152 qpix=   133 qimg=     0 axisH=  1.0 online=0
2026-08-05 20:32:42 up= 176.0m rss=    -1.0MB thr=  1 pools=  9 campools= 4 children=    27 items=  30132 camTot=   30133 camMax=   7816 watch=0/0 saved=0 gcObj=  216180 qpix=   133 qimg=     0 axisH=  1.0 online=0
2026-08-05 20:33:43 up= 177.0m rss=    -1.0MB thr=  1 pools=  9 campools= 4 children=    27 items=  30132 camTot=   30133 camMax=   7816 watch=0/0 saved=0 gcObj=  216208 qpix=   133 qimg=     0 axisH=  1.0 online=0
2026-08-05 20:34:43 up= 178.0m rss=    -1.0MB thr=  1 pools=  9 campools= 4 children=    27 items=  30132 camTot=   30133 camMax=   7816 watch=0/0 saved=0 gcObj=  216236 qpix=   133 qimg=     0 axisH=  1.0 online=0
2026-08-05 20:35:43 up= 179.0m rss=    -1.0MB thr=  1 pools=  9 campools= 4 children=    27 items=  30132 camTot=   30133 camMax=   7816 watch=0/0 saved=0 gcObj=  216264 qpix=   133 qimg=     0 axisH=  1.0 online=0
2026-08-05 20:36:43 up= 180.0m rss=    -1.0MB thr=  1 pools=  9 campools= 4 children=    27 items=  30132 camTot=   30133 camMax=   7816 watch=0/0 saved=0 gcObj=  216292 qpix=   133 qimg=     0 axisH=  1.0 online=0
2026-08-05 20:37:43 up= 181.0m rss=    -1.0MB thr=  1 pools=  9 campools= 4 children=    27 items=  30132 camTot=   30133 camMax=   7816 watch=0/0 saved=0 gcObj=  216320 qpix=   133 qimg=     0 axisH=  1.0 online=0
2026-08-05 20:38:42 up= 182.0m rss=    -1.0MB thr=  1 pools=  9 campools= 4 children=    27 items=  30132 camTot=   30133 camMax=   7816 watch=0/0 saved=0 gcObj=  216348 qpix=   133 qimg=     0 axisH=  1.0 online=0
2026-08-05 20:39:43 up= 183.0m rss=    -1.0MB thr=  1 pools=  9 campools= 4 children=    27 items=  30132 camTot=   30133 camMax=   7816 watch=0/0 saved=0 gcObj=  216376 qpix=   133 qimg=     0 axisH=  1.0 online=0
2026-08-05 20:40:43 up= 184.0m rss=    -1.0MB thr=  1 pools=  9 campools= 4 children=    27 items=  30132 camTot=   30133 camMax=   7816 watch=0/0 saved=0 gcObj=  216404 qpix=   133 qimg=     0 axisH=  1.0 online=0
2026-08-05 20:41:43 up= 185.0m rss=    -1.0MB thr=  1 pools=  9 campools= 4 children=    27 items=  30132 camTot=   30133 camMax=   7816 watch=0/0 saved=0 gcObj=  216432 qpix=   133 qimg=     0 axisH=  1.0 online=0
2026-08-05 20:42:43 up= 186.0m rss=    -1.0MB thr=  1 pools=  9 campools= 4 children=    27 items=  30132 camTot=   30133 camMax=   7816 watch=0/0 saved=0 gcObj=  216460 qpix=   133 qimg=     0 axisH=  1.0 online=0
2026-08-05 20:43:43 up= 187.0m rss=    -1.0MB thr=  1 pools=  9 campools= 4 children=    27 items=  30132 camTot=   30133 camMax=   7816 watch=0/0 saved=0 gcObj=  216488 qpix=   133 qimg=     0 axisH=  1.0 online=0
2026-08-05 20:44:43 up= 188.0m rss=    -1.0MB thr=  1 pools=  9 campools= 4 children=    27 items=  30132 camTot=   30133 camMax=   7816 watch=0/0 saved=0 gcObj=  216516 qpix=   133 qimg=     0 axisH=  1.0 online=0
2026-08-05 20:45:43 up= 189.0m rss=    -1.0MB thr=  1 pools=  9 campools= 4 children=    27 items=  30132 camTot=   30133 camMax=   7816 watch=0/0 saved=0 gcObj=  216544 qpix=   133 qimg=     0 axisH=  1.0 online=0
2026-08-05 20:46:43 up= 190.0m rss=    -1.0MB thr=  1 pools=  9 campools= 4 children=    27 items=  30132 camTot=   30133 camMax=   7816 watch=0/0 saved=0 gcObj=  216572 qpix=   133 qimg=     0 axisH=  1.0 online=0
2026-08-05 20:47:43 up= 191.0m rss=    -1.0MB thr=  1 pools=  9 campools= 4 children=    27 items=  30132 camTot=   30133 camMax=   7816 watch=0/0 saved=0 gcObj=  216600 qpix=   133 qimg=     0 axisH=  1.0 online=0
2026-08-05 20:48:43 up= 192.0m rss=    -1.0MB thr=  1 pools=  9 campools= 4 children=    27 items=  30132 camTot=   30133 camMax=   7816 watch=0/0 saved=0 gcObj=  216628 qpix=   133 qimg=     0 axisH=  1.0 online=0
2026-08-05 20:49:43 up= 193.0m rss=    -1.0MB thr=  1 pools=  9 campools= 4 children=    27 items=  30132 camTot=   30133 camMax=   7816 watch=0/0 saved=0 gcObj=  216656 qpix=   133 qimg=     0 axisH=  1.0 online=0
2026-08-05 20:50:43 up= 194.0m rss=    -1.0MB thr=  1 pools=  9 campools= 4 children=    27 items=  30132 camTot=   30133 camMax=   7816 watch=0/0 saved=0 gcObj=  216684 qpix=   133 qimg=     0 axisH=  1.0 online=0
2026-08-05 20:51:43 up= 195.0m rss=    -1.0MB thr=  1 pools=  9 campools= 4 children=    27 items=  30132 camTot=   30133 camMax=   7816 watch=0/0 saved=0 gcObj=  216712 qpix=   133 qimg=     0 axisH=  1.0 online=0
2026-08-05 20:52:43 up= 196.0m rss=    -1.0MB thr=  1 pools=  9 campools= 4 children=    27 items=  30132 camTot=   30133 camMax=   7816 watch=0/0 saved=0 gcObj=  216740 qpix=   133 qimg=     0 axisH=  1.0 online=0
2026-08-05 20:53:43 up= 197.0m rss=    -1.0MB thr=  1 pools=  9 campools= 4 children=    27 items=  30132 camTot=   30133 camMax=   7816 watch=0/0 saved=0 gcObj=  216768 qpix=   133 qimg=     0 axisH=  1.0 online=0
2026-08-05 20:54:43 up= 198.0m rss=    -1.0MB thr=  1 pools=  9 campools= 4 children=    27 items=  30132 camTot=   30133 camMax=   7816 watch=0/0 saved=0 gcObj=  216796 qpix=   133 qimg=     0 axisH=  1.0 online=0
2026-08-05 20:55:43 up= 199.0m rss=    -1.0MB thr=  1 pools=  9 campools= 4 children=    27 items=  30132 camTot=   30133 camMax=   7816 watch=0/0 saved=0 gcObj=  216824 qpix=   133 qimg=     0 axisH=  1.0 online=0
2026-08-05 20:56:43 up= 200.0m rss=    -1.0MB thr=  1 pools=  9 campools= 4 children=    27 items=  30132 camTot=   30133 camMax=   7816 watch=0/0 saved=0 gcObj=  216812 qpix=   133 qimg=     0 axisH=  1.0 online=0
2026-08-05 20:57:43 up= 201.0m rss=    -1.0MB thr=  1 pools=  9 campools= 4 children=    27 items=  30132 camTot=   30133 camMax=   7816 watch=0/0 saved=0 gcObj=  216840 qpix=   133 qimg=     0 axisH=  1.0 online=0
2026-08-05 20:58:43 up= 202.0m rss=    -1.0MB thr=  1 pools=  9 campools= 4 children=    27 items=  30132 camTot=   30133 camMax=   7816 watch=0/0 saved=0 gcObj=  216868 qpix=   133 qimg=     0 axisH=  1.0 online=0
2026-08-05 20:59:43 up= 203.0m rss=    -1.0MB thr=  1 pools=  9 campools= 4 children=    27 items=  30132 camTot=   30133 camMax=   7816 watch=0/0 saved=0 gcObj=  216896 qpix=   133 qimg=     0 axisH=  1.0 online=0
2026-08-05 21:00:43 up= 204.0m rss=    -1.0MB thr=  1 pools=  9 campools= 4 children=    27 items=  30132 camTot=   30133 camMax=   7816 watch=0/0 saved=0 gcObj=  216924 qpix=   133 qimg=     0 axisH=  1.0 online=0
2026-08-05 21:01:43 up= 205.0m rss=    -1.0MB thr=  1 pools=  9 campools= 4 children=    27 items=  30132 camTot=   30133 camMax=   7816 watch=0/0 saved=0 gcObj=  216952 qpix=   133 qimg=     0 axisH=  1.0 online=0
2026-08-05 21:02:43 up= 206.0m rss=    -1.0MB thr=  1 pools=  9 campools= 4 children=    27 items=  30132 camTot=   30133 camMax=   7816 watch=0/0 saved=0 gcObj=  216980 qpix=   133 qimg=     0 axisH=  1.0 online=0
2026-08-05 21:03:43 up= 207.0m rss=    -1.0MB thr=  1 pools=  9 campools= 4 children=    27 items=  30132 camTot=   30133 camMax=   7816 watch=0/0 saved=0 gcObj=  217008 qpix=   133 qimg=     0 axisH=  1.0 online=0
2026-08-05 21:04:43 up= 208.0m rss=    -1.0MB thr=  1 pools=  9 campools= 4 children=    27 items=  30132 camTot=   30133 camMax=   7816 watch=0/0 saved=0 gcObj=  217036 qpix=   133 qimg=     0 axisH=  1.0 online=0
2026-08-05 21:05:43 up= 209.0m rss=    -1.0MB thr=  1 pools=  9 campools= 4 children=    27 items=  30132 camTot=   30133 camMax=   7816 watch=0/0 saved=0 gcObj=  217064 qpix=   133 qimg=     0 axisH=  1.0 online=0
2026-08-05 21:06:43 up= 210.0m rss=    -1.0MB thr=  1 pools=  9 campools= 4 children=    27 items=  30132 camTot=   30133 camMax=   7816 watch=0/0 saved=0 gcObj=  217092 qpix=   133 qimg=     0 axisH=  1.0 online=0
2026-08-05 21:07:43 up= 211.0m rss=    -1.0MB thr=  1 pools=  9 campools= 4 children=    27 items=  30132 camTot=   30133 camMax=   7816 watch=0/0 saved=0 gcObj=  217120 qpix=   133 qimg=     0 axisH=  1.0 online=0
2026-08-05 21:08:43 up= 212.0m rss=    -1.0MB thr=  1 pools=  9 campools= 4 children=    27 items=  30132 camTot=   30133 camMax=   7816 watch=0/0 saved=0 gcObj=  217148 qpix=   133 qimg=     0 axisH=  1.0 online=0
2026-08-05 21:09:43 up= 213.0m rss=    -1.0MB thr=  1 pools=  9 campools= 4 children=    27 items=  30132 camTot=   30133 camMax=   7816 watch=0/0 saved=0 gcObj=  217176 qpix=   133 qimg=     0 axisH=  1.0 online=0
2026-08-05 21:10:43 up= 214.0m rss=    -1.0MB thr=  1 pools=  9 campools= 4 children=    27 items=  30132 camTot=   30133 camMax=   7816 watch=0/0 saved=0 gcObj=  217204 qpix=   133 qimg=     0 axisH=  1.0 online=0
2026-08-05 21:11:43 up= 215.0m rss=    -1.0MB thr=  1 pools=  9 campools= 4 children=    27 items=  30132 camTot=   30133 camMax=   7816 watch=0/0 saved=0 gcObj=  217232 qpix=   133 qimg=     0 axisH=  1.0 online=0
2026-08-05 21:12:43 up= 216.0m rss=    -1.0MB thr=  1 pools=  9 campools= 4 children=    27 items=  30132 camTot=   30133 camMax=   7816 watch=0/0 saved=0 gcObj=  217260 qpix=   133 qimg=     0 axisH=  1.0 online=0
2026-08-05 21:13:43 up= 217.0m rss=    -1.0MB thr=  1 pools=  9 campools= 4 children=    27 items=  30132 camTot=   30133 camMax=   7816 watch=0/0 saved=0 gcObj=  217288 qpix=   133 qimg=     0 axisH=  1.0 online=0
2026-08-05 21:14:43 up= 218.0m rss=    -1.0MB thr=  1 pools=  9 campools= 4 children=    27 items=  30132 camTot=   30133 camMax=   7816 watch=0/0 saved=0 gcObj=  217316 qpix=   133 qimg=     0 axisH=  1.0 online=0
2026-08-05 21:15:43 up= 219.0m rss=    -1.0MB thr=  1 pools=  9 campools= 4 children=    27 items=  30132 camTot=   30133 camMax=   7816 watch=0/0 saved=0 gcObj=  217344 qpix=   133 qimg=     0 axisH=  1.0 online=0
2026-08-05 21:16:43 up= 220.0m rss=    -1.0MB thr=  1 pools=  9 campools= 4 children=    27 items=  30132 camTot=   30133 camMax=   7816 watch=0/0 saved=0 gcObj=  217372 qpix=   133 qimg=     0 axisH=  1.0 online=0
2026-08-05 21:17:43 up= 221.0m rss=    -1.0MB thr=  1 pools=  9 campools= 4 children=    27 items=  30132 camTot=   30133 camMax=   7816 watch=0/0 saved=0 gcObj=  217400 qpix=   133 qimg=     0 axisH=  1.0 online=0
2026-08-05 21:18:43 up= 222.0m rss=    -1.0MB thr=  1 pools=  9 campools= 4 children=    27 items=  30132 camTot=   30133 camMax=   7816 watch=0/0 saved=0 gcObj=  217428 qpix=   133 qimg=     0 axisH=  1.0 online=0
2026-08-05 21:19:43 up= 223.0m rss=    -1.0MB thr=  1 pools=  9 campools= 4 children=    27 items=  30132 camTot=   30133 camMax=   7816 watch=0/0 saved=0 gcObj=  217456 qpix=   133 qimg=     0 axisH=  1.0 online=0
2026-08-05 21:20:43 up= 224.0m rss=    -1.0MB thr=  1 pools=  9 campools= 4 children=    27 items=  30132 camTot=   30133 camMax=   7816 watch=0/0 saved=0 gcObj=  216811 qpix=   133 qimg=     0 axisH=  1.0 online=0
2026-08-05 21:21:43 up= 225.0m rss=    -1.0MB thr=  1 pools=  9 campools= 4 children=    27 items=  30132 camTot=   30133 camMax=   7816 watch=0/0 saved=0 gcObj=  216839 qpix=   133 qimg=     0 axisH=  1.0 online=0
2026-08-05 21:22:43 up= 226.0m rss=    -1.0MB thr=  1 pools=  9 campools= 4 children=    27 items=  30132 camTot=   30133 camMax=   7816 watch=0/0 saved=0 gcObj=  216867 qpix=   133 qimg=     0 axisH=  1.0 online=0
2026-08-05 21:23:43 up= 227.0m rss=    -1.0MB thr=  1 pools=  9 campools= 4 children=    27 items=  30132 camTot=   30133 camMax=   7816 watch=0/0 saved=0 gcObj=  216895 qpix=   133 qimg=     0 axisH=  1.0 online=0
2026-08-05 21:24:43 up= 228.0m rss=    -1.0MB thr=  1 pools=  9 campools= 4 children=    27 items=  30132 camTot=   30133 camMax=   7816 watch=0/0 saved=0 gcObj=  216923 qpix=   133 qimg=     0 axisH=  1.0 online=0
2026-08-05 21:25:43 up= 229.0m rss=    -1.0MB thr=  1 pools=  9 campools= 4 children=    27 items=  30132 camTot=   30133 camMax=   7816 watch=0/0 saved=0 gcObj=  216951 qpix=   133 qimg=     0 axisH=  1.0 online=0
2026-08-05 21:26:43 up= 230.0m rss=    -1.0MB thr=  1 pools=  9 campools= 4 children=    27 items=  30132 camTot=   30133 camMax=   7816 watch=0/0 saved=0 gcObj=  216979 qpix=   133 qimg=     0 axisH=  1.0 online=0
2026-08-05 21:27:43 up= 231.0m rss=    -1.0MB thr=  1 pools=  9 campools= 4 children=    27 items=  30132 camTot=   30133 camMax=   7816 watch=0/0 saved=0 gcObj=  217007 qpix=   133 qimg=     0 axisH=  1.0 online=0
2026-08-05 21:28:43 up= 232.0m rss=    -1.0MB thr=  1 pools=  9 campools= 4 children=    27 items=  30132 camTot=   30133 camMax=   7816 watch=0/0 saved=0 gcObj=  217035 qpix=   133 qimg=     0 axisH=  1.0 online=0
2026-08-05 21:29:43 up= 233.0m rss=    -1.0MB thr=  1 pools=  9 campools= 4 children=    27 items=  30132 camTot=   30133 camMax=   7816 watch=0/0 saved=0 gcObj=  217063 qpix=   133 qimg=     0 axisH=  1.0 online=0
2026-08-05 21:30:43 up= 234.0m rss=    -1.0MB thr=  1 pools=  9 campools= 4 children=    27 items=  30132 camTot=   30133 camMax=   7816 watch=0/0 saved=0 gcObj=  217091 qpix=   133 qimg=     0 axisH=  1.0 online=0
2026-08-05 21:31:43 up= 235.0m rss=    -1.0MB thr=  1 pools=  9 campools= 4 children=    27 items=  30132 camTot=   30133 camMax=   7816 watch=0/0 saved=0 gcObj=  217119 qpix=   133 qimg=     0 axisH=  1.0 online=0
2026-08-05 21:32:43 up= 236.0m rss=    -1.0MB thr=  1 pools=  9 campools= 4 children=    27 items=  30132 camTot=   30133 camMax=   7816 watch=0/0 saved=0 gcObj=  217147 qpix=   133 qimg=     0 axisH=  1.0 online=0
2026-08-05 21:33:43 up= 237.0m rss=    -1.0MB thr=  1 pools=  9 campools= 4 children=    27 items=  30132 camTot=   30133 camMax=   7816 watch=0/0 saved=0 gcObj=  217175 qpix=   133 qimg=     0 axisH=  1.0 online=0
2026-08-05 21:34:43 up= 238.0m rss=    -1.0MB thr=  1 pools=  9 campools= 4 children=    27 items=  30132 camTot=   30133 camMax=   7816 watch=0/0 saved=0 gcObj=  217203 qpix=   133 qimg=     0 axisH=  1.0 online=0
2026-08-05 21:35:43 up= 239.0m rss=    -1.0MB thr=  1 pools=  9 campools= 4 children=    27 items=  30132 camTot=   30133 camMax=   7816 watch=0/0 saved=0 gcObj=  217231 qpix=   133 qimg=     0 axisH=  1.0 online=0
2026-08-05 21:36:43 up= 240.0m rss=    -1.0MB thr=  1 pools=  9 campools= 4 children=    27 items=  30132 camTot=   30133 camMax=   7816 watch=0/0 saved=0 gcObj=  217259 qpix=   133 qimg=     0 axisH=  1.0 online=0
2026-08-05 21:37:43 up= 241.0m rss=    -1.0MB thr=  1 pools=  9 campools= 4 children=    27 items=  30132 camTot=   30133 camMax=   7816 watch=0/0 saved=0 gcObj=  217287 qpix=   133 qimg=     0 axisH=  1.0 online=0
2026-08-05 21:38:43 up= 242.0m rss=    -1.0MB thr=  1 pools=  9 campools= 4 children=    27 items=  30132 camTot=   30133 camMax=   7816 watch=0/0 saved=0 gcObj=  217315 qpix=   133 qimg=     0 axisH=  1.0 online=0
2026-08-05 21:39:43 up= 243.0m rss=    -1.0MB thr=  1 pools=  9 campools= 4 children=    27 items=  30132 camTot=   30133 camMax=   7816 watch=0/0 saved=0 gcObj=  217343 qpix=   133 qimg=     0 axisH=  1.0 online=0
2026-08-05 21:40:43 up= 244.0m rss=    -1.0MB thr=  1 pools=  9 campools= 4 children=    27 items=  30132 camTot=   30133 camMax=   7816 watch=0/0 saved=0 gcObj=  217371 qpix=   133 qimg=     0 axisH=  1.0 online=0
2026-08-05 21:41:43 up= 245.0m rss=    -1.0MB thr=  1 pools=  9 campools= 4 children=    27 items=  30132 camTot=   30133 camMax=   7816 watch=0/0 saved=0 gcObj=  217399 qpix=   133 qimg=     0 axisH=  1.0 online=0
2026-08-05 21:42:43 up= 246.0m rss=    -1.0MB thr=  1 pools=  9 campools= 4 children=    27 items=  30132 camTot=   30133 camMax=   7816 watch=0/0 saved=0 gcObj=  217427 qpix=   133 qimg=     0 axisH=  1.0 online=0
2026-08-05 21:43:43 up= 247.0m rss=    -1.0MB thr=  1 pools=  9 campools= 4 children=    27 items=  30132 camTot=   30133 camMax=   7816 watch=0/0 saved=0 gcObj=  217455 qpix=   133 qimg=     0 axisH=  1.0 online=0
2026-08-05 21:44:43 up= 248.0m rss=    -1.0MB thr=  1 pools=  9 campools= 4 children=    27 items=  30132 camTot=   30133 camMax=   7816 watch=0/0 saved=0 gcObj=  217483 qpix=   133 qimg=     0 axisH=  1.0 online=0
2026-08-05 21:45:43 up= 249.0m rss=    -1.0MB thr=  1 pools=  9 campools= 4 children=    27 items=  30132 camTot=   30133 camMax=   7816 watch=0/0 saved=0 gcObj=  217511 qpix=   133 qimg=     0 axisH=  1.0 online=0
2026-08-05 21:46:43 up= 250.0m rss=    -1.0MB thr=  1 pools=  9 campools= 4 children=    27 items=  30132 camTot=   30133 camMax=   7816 watch=0/0 saved=0 gcObj=  217539 qpix=   133 qimg=     0 axisH=  1.0 online=0
2026-08-05 21:47:43 up= 251.0m rss=    -1.0MB thr=  1 pools=  9 campools= 4 children=    27 items=  30132 camTot=   30133 camMax=   7816 watch=0/0 saved=0 gcObj=  217567 qpix=   133 qimg=     0 axisH=  1.0 online=0
2026-08-05 21:48:43 up= 252.0m rss=    -1.0MB thr=  1 pools=  9 campools= 4 children=    27 items=  30132 camTot=   30133 camMax=   7816 watch=0/0 saved=0 gcObj=  217595 qpix=   133 qimg=     0 axisH=  1.0 online=0
2026-08-05 21:49:43 up= 253.0m rss=    -1.0MB thr=  1 pools=  9 campools= 4 children=    27 items=  30132 camTot=   30133 camMax=   7816 watch=0/0 saved=0 gcObj=  217623 qpix=   133 qimg=     0 axisH=  1.0 online=0
2026-08-05 21:50:43 up= 254.0m rss=    -1.0MB thr=  1 pools=  9 campools= 4 children=    27 items=  30132 camTot=   30133 camMax=   7816 watch=0/0 saved=0 gcObj=  217651 qpix=   133 qimg=     0 axisH=  1.0 online=0
2026-08-05 21:51:43 up= 255.0m rss=    -1.0MB thr=  1 pools=  9 campools= 4 children=    27 items=  30132 camTot=   30133 camMax=   7816 watch=0/0 saved=0 gcObj=  217679 qpix=   133 qimg=     0 axisH=  1.0 online=0
2026-08-05 21:52:43 up= 256.0m rss=    -1.0MB thr=  1 pools=  9 campools= 4 children=    27 items=  30132 camTot=   30133 camMax=   7816 watch=0/0 saved=0 gcObj=  217707 qpix=   133 qimg=     0 axisH=  1.0 online=0
2026-08-05 21:53:43 up= 257.0m rss=    -1.0MB thr=  1 pools=  9 campools= 4 children=    27 items=  30132 camTot=   30133 camMax=   7816 watch=0/0 saved=0 gcObj=  217735 qpix=   133 qimg=     0 axisH=  1.0 online=0
2026-08-05 21:54:43 up= 258.0m rss=    -1.0MB thr=  1 pools=  9 campools= 4 children=    27 items=  30132 camTot=   30133 camMax=   7816 watch=0/0 saved=0 gcObj=  217763 qpix=   133 qimg=     0 axisH=  1.0 online=0
2026-08-05 21:55:43 up= 259.0m rss=    -1.0MB thr=  1 pools=  9 campools= 4 children=    27 items=  30132 camTot=   30133 camMax=   7816 watch=0/0 saved=0 gcObj=  217791 qpix=   133 qimg=     0 axisH=  1.0 online=0
2026-08-05 21:56:43 up= 260.0m rss=    -1.0MB thr=  1 pools=  9 campools= 4 children=    27 items=  30132 camTot=   30133 camMax=   7816 watch=0/0 saved=0 gcObj=  216838 qpix=   133 qimg=     0 axisH=  1.0 online=0
2026-08-05 21:57:43 up= 261.0m rss=    -1.0MB thr=  1 pools=  9 campools= 4 children=    27 items=  30132 camTot=   30133 camMax=   7816 watch=0/0 saved=0 gcObj=  216866 qpix=   133 qimg=     0 axisH=  1.0 online=0
2026-08-05 21:58:43 up= 262.0m rss=    -1.0MB thr=  1 pools=  9 campools= 4 children=    27 items=  30132 camTot=   30133 camMax=   7816 watch=0/0 saved=0 gcObj=  216894 qpix=   133 qimg=     0 axisH=  1.0 online=0
2026-08-05 21:59:43 up= 263.0m rss=    -1.0MB thr=  1 pools=  9 campools= 4 children=    27 items=  30132 camTot=   30133 camMax=   7816 watch=0/0 saved=0 gcObj=  216922 qpix=   133 qimg=     0 axisH=  1.0 online=0
2026-08-05 22:00:43 up= 264.0m rss=    -1.0MB thr=  1 pools=  9 campools= 4 children=    27 items=  30132 camTot=   30133 camMax=   7816 watch=0/0 saved=0 gcObj=  216950 qpix=   133 qimg=     0 axisH=  1.0 online=0
2026-08-05 22:01:43 up= 265.0m rss=    -1.0MB thr=  1 pools=  9 campools= 4 children=    27 items=  30132 camTot=   30133 camMax=   7816 watch=0/0 saved=0 gcObj=  216978 qpix=   133 qimg=     0 axisH=  1.0 online=0
2026-08-05 22:02:43 up= 266.0m rss=    -1.0MB thr=  1 pools=  9 campools= 4 children=    27 items=  30132 camTot=   30133 camMax=   7816 watch=0/0 saved=0 gcObj=  217006 qpix=   133 qimg=     0 axisH=  1.0 online=0
2026-08-05 22:03:43 up= 267.0m rss=    -1.0MB thr=  1 pools=  9 campools= 4 children=    27 items=  30132 camTot=   30133 camMax=   7816 watch=0/0 saved=0 gcObj=  217034 qpix=   133 qimg=     0 axisH=  1.0 online=0
2026-08-05 22:04:43 up= 268.0m rss=    -1.0MB thr=  1 pools=  9 campools= 4 children=    27 items=  30132 camTot=   30133 camMax=   7816 watch=0/0 saved=0 gcObj=  217062 qpix=   133 qimg=     0 axisH=  1.0 online=0
2026-08-05 22:05:43 up= 269.0m rss=    -1.0MB thr=  1 pools=  9 campools= 4 children=    27 items=  30132 camTot=   30133 camMax=   7816 watch=0/0 saved=0 gcObj=  217090 qpix=   133 qimg=     0 axisH=  1.0 online=0
2026-08-05 22:06:43 up= 270.0m rss=    -1.0MB thr=  1 pools=  9 campools= 4 children=    27 items=  30132 camTot=   30133 camMax=   7816 watch=0/0 saved=0 gcObj=  217118 qpix=   133 qimg=     0 axisH=  1.0 online=0
2026-08-05 22:07:43 up= 271.0m rss=    -1.0MB thr=  1 pools=  9 campools= 4 children=    27 items=  30132 camTot=   30133 camMax=   7816 watch=0/0 saved=0 gcObj=  217146 qpix=   133 qimg=     0 axisH=  1.0 online=0
2026-08-05 22:08:43 up= 272.0m rss=    -1.0MB thr=  1 pools=  9 campools= 4 children=    27 items=  30132 camTot=   30133 camMax=   7816 watch=0/0 saved=0 gcObj=  217174 qpix=   133 qimg=     0 axisH=  1.0 online=0
2026-08-05 22:09:43 up= 273.0m rss=    -1.0MB thr=  1 pools=  9 campools= 4 children=    27 items=  30132 camTot=   30133 camMax=   7816 watch=0/0 saved=0 gcObj=  217202 qpix=   133 qimg=     0 axisH=  1.0 online=0
2026-08-05 22:10:43 up= 274.0m rss=    -1.0MB thr=  1 pools=  9 campools= 4 children=    27 items=  30132 camTot=   30133 camMax=   7816 watch=0/0 saved=0 gcObj=  217230 qpix=   133 qimg=     0 axisH=  1.0 online=0
2026-08-05 22:11:43 up= 275.0m rss=    -1.0MB thr=  1 pools=  9 campools= 4 children=    27 items=  30132 camTot=   30133 camMax=   7816 watch=0/0 saved=0 gcObj=  217258 qpix=   133 qimg=     0 axisH=  1.0 online=0
2026-08-05 22:12:43 up= 276.0m rss=    -1.0MB thr=  1 pools=  9 campools= 4 children=    27 items=  30132 camTot=   30133 camMax=   7816 watch=0/0 saved=0 gcObj=  217286 qpix=   133 qimg=     0 axisH=  1.0 online=0
2026-08-05 22:13:43 up= 277.0m rss=    -1.0MB thr=  1 pools=  9 campools= 4 children=    27 items=  30132 camTot=   30133 camMax=   7816 watch=0/0 saved=0 gcObj=  217314 qpix=   133 qimg=     0 axisH=  1.0 online=0
2026-08-05 22:14:43 up= 278.0m rss=    -1.0MB thr=  1 pools=  9 campools= 4 children=    27 items=  30132 camTot=   30133 camMax=   7816 watch=0/0 saved=0 gcObj=  217342 qpix=   133 qimg=     0 axisH=  1.0 online=0
2026-08-05 22:15:43 up= 279.0m rss=    -1.0MB thr=  1 pools=  9 campools= 4 children=    27 items=  30132 camTot=   30133 camMax=   7816 watch=0/0 saved=0 gcObj=  217370 qpix=   133 qimg=     0 axisH=  1.0 online=0
2026-08-05 22:16:43 up= 280.0m rss=    -1.0MB thr=  1 pools=  9 campools= 4 children=    27 items=  30132 camTot=   30133 camMax=   7816 watch=0/0 saved=0 gcObj=  217398 qpix=   133 qimg=     0 axisH=  1.0 online=0
2026-08-05 22:17:43 up= 281.0m rss=    -1.0MB thr=  1 pools=  9 campools= 4 children=    27 items=  30132 camTot=   30133 camMax=   7816 watch=0/0 saved=0 gcObj=  217426 qpix=   133 qimg=     0 axisH=  1.0 online=0
2026-08-05 22:18:43 up= 282.0m rss=    -1.0MB thr=  1 pools=  9 campools= 4 children=    27 items=  30132 camTot=   30133 camMax=   7816 watch=0/0 saved=0 gcObj=  217454 qpix=   133 qimg=     0 axisH=  1.0 online=0
2026-08-05 22:19:43 up= 283.0m rss=    -1.0MB thr=  1 pools=  9 campools= 4 children=    27 items=  30132 camTot=   30133 camMax=   7816 watch=0/0 saved=0 gcObj=  217482 qpix=   133 qimg=     0 axisH=  1.0 online=0
2026-08-05 22:20:43 up= 284.0m rss=    -1.0MB thr=  1 pools=  9 campools= 4 children=    27 items=  30132 camTot=   30133 camMax=   7816 watch=0/0 saved=0 gcObj=  217510 qpix=   133 qimg=     0 axisH=  1.0 online=0
2026-08-05 22:21:43 up= 285.0m rss=    -1.0MB thr=  1 pools=  9 campools= 4 children=    27 items=  30132 camTot=   30133 camMax=   7816 watch=0/0 saved=0 gcObj=  217538 qpix=   133 qimg=     0 axisH=  1.0 online=0
2026-08-05 22:22:43 up= 286.0m rss=    -1.0MB thr=  1 pools=  9 campools= 4 children=    27 items=  30132 camTot=   30133 camMax=   7816 watch=0/0 saved=0 gcObj=  217566 qpix=   133 qimg=     0 axisH=  1.0 online=0
2026-08-05 22:23:43 up= 287.0m rss=    -1.0MB thr=  1 pools=  9 campools= 4 children=    27 items=  30132 camTot=   30133 camMax=   7816 watch=0/0 saved=0 gcObj=  217594 qpix=   133 qimg=     0 axisH=  1.0 online=0
2026-08-05 22:24:43 up= 288.0m rss=    -1.0MB thr=  1 pools=  9 campools= 4 children=    27 items=  30132 camTot=   30133 camMax=   7816 watch=0/0 saved=0 gcObj=  217622 qpix=   133 qimg=     0 axisH=  1.0 online=0
2026-08-05 22:25:43 up= 289.0m rss=    -1.0MB thr=  1 pools=  9 campools= 4 children=    27 items=  30132 camTot=   30133 camMax=   7816 watch=0/0 saved=0 gcObj=  217650 qpix=   133 qimg=     0 axisH=  1.0 online=0
2026-08-05 22:26:43 up= 290.0m rss=    -1.0MB thr=  1 pools=  9 campools= 4 children=    27 items=  30132 camTot=   30133 camMax=   7816 watch=0/0 saved=0 gcObj=  217678 qpix=   133 qimg=     0 axisH=  1.0 online=0
2026-08-05 22:27:43 up= 291.0m rss=    -1.0MB thr=  1 pools=  9 campools= 4 children=    27 items=  30132 camTot=   30133 camMax=   7816 watch=0/0 saved=0 gcObj=  217706 qpix=   133 qimg=     0 axisH=  1.0 online=0
2026-08-05 22:28:43 up= 292.0m rss=    -1.0MB thr=  1 pools=  9 campools= 4 children=    27 items=  30132 camTot=   30133 camMax=   7816 watch=0/0 saved=0 gcObj=  217734 qpix=   133 qimg=     0 axisH=  1.0 online=0
2026-08-05 22:29:43 up= 293.0m rss=    -1.0MB thr=  1 pools=  9 campools= 4 children=    27 items=  30132 camTot=   30133 camMax=   7816 watch=0/0 saved=0 gcObj=  217762 qpix=   133 qimg=     0 axisH=  1.0 online=0
2026-08-05 22:30:43 up= 294.0m rss=    -1.0MB thr=  1 pools=  9 campools= 4 children=    27 items=  30132 camTot=   30133 camMax=   7816 watch=0/0 saved=0 gcObj=  217790 qpix=   133 qimg=     0 axisH=  1.0 online=0
2026-08-05 22:31:43 up= 295.0m rss=    -1.0MB thr=  1 pools=  9 campools= 4 children=    27 items=  30132 camTot=   30133 camMax=   7816 watch=0/0 saved=0 gcObj=  217818 qpix=   133 qimg=     0 axisH=  1.0 online=0
2026-08-05 22:32:43 up= 296.0m rss=    -1.0MB thr=  1 pools=  9 campools= 4 children=    27 items=  30132 camTot=   30133 camMax=   7816 watch=0/0 saved=0 gcObj=  217846 qpix=   133 qimg=     0 axisH=  1.0 online=0
2026-08-05 22:33:43 up= 297.0m rss=    -1.0MB thr=  1 pools=  9 campools= 4 children=    27 items=  30132 camTot=   30133 camMax=   7816 watch=0/0 saved=0 gcObj=  217874 qpix=   133 qimg=     0 axisH=  1.0 online=0
2026-08-05 22:34:43 up= 298.0m rss=    -1.0MB thr=  1 pools=  9 campools= 4 children=    27 items=  30132 camTot=   30133 camMax=   7816 watch=0/0 saved=0 gcObj=  217902 qpix=   133 qimg=     0 axisH=  1.0 online=0
2026-08-05 22:35:43 up= 299.0m rss=    -1.0MB thr=  1 pools=  9 campools= 4 children=    27 items=  30132 camTot=   30133 camMax=   7816 watch=0/0 saved=0 gcObj=  217930 qpix=   133 qimg=     0 axisH=  1.0 online=0
2026-08-05 22:36:43 up= 300.0m rss=    -1.0MB thr=  1 pools=  9 campools= 4 children=    27 items=  30132 camTot=   30133 camMax=   7816 watch=0/0 saved=0 gcObj=  217958 qpix=   133 qimg=     0 axisH=  1.0 online=0
2026-08-05 22:37:43 up= 301.0m rss=    -1.0MB thr=  1 pools=  9 campools= 4 children=    27 items=  30132 camTot=   30133 camMax=   7816 watch=0/0 saved=0 gcObj=  217986 qpix=   133 qimg=     0 axisH=  1.0 online=0
2026-08-05 22:38:43 up= 302.0m rss=    -1.0MB thr=  1 pools=  9 campools= 4 children=    27 items=  30132 camTot=   30133 camMax=   7816 watch=0/0 saved=0 gcObj=  217973 qpix=   133 qimg=     0 axisH=  1.0 online=0
2026-08-05 22:39:43 up= 303.0m rss=    -1.0MB thr=  1 pools=  9 campools= 4 children=    27 items=  30132 camTot=   30133 camMax=   7816 watch=0/0 saved=0 gcObj=  218001 qpix=   133 qimg=     0 axisH=  1.0 online=0
2026-08-05 22:40:43 up= 304.0m rss=    -1.0MB thr=  1 pools=  9 campools= 4 children=    27 items=  30132 camTot=   30133 camMax=   7816 watch=0/0 saved=0 gcObj=  218029 qpix=   133 qimg=     0 axisH=  1.0 online=0
2026-08-05 22:41:43 up= 305.0m rss=    -1.0MB thr=  1 pools=  9 campools= 4 children=    27 items=  30132 camTot=   30133 camMax=   7816 watch=0/0 saved=0 gcObj=  218057 qpix=   133 qimg=     0 axisH=  1.0 online=0
2026-08-05 22:42:43 up= 306.0m rss=    -1.0MB thr=  1 pools=  9 campools= 4 children=    27 items=  30132 camTot=   30133 camMax=   7816 watch=0/0 saved=0 gcObj=  218085 qpix=   133 qimg=     0 axisH=  1.0 online=0
2026-08-05 22:43:43 up= 307.0m rss=    -1.0MB thr=  1 pools=  9 campools= 4 children=    27 items=  30132 camTot=   30133 camMax=   7816 watch=0/0 saved=0 gcObj=  218113 qpix=   133 qimg=     0 axisH=  1.0 online=0
2026-08-05 22:44:43 up= 308.0m rss=    -1.0MB thr=  1 pools=  9 campools= 4 children=    27 items=  30132 camTot=   30133 camMax=   7816 watch=0/0 saved=0 gcObj=  218141 qpix=   133 qimg=     0 axisH=  1.0 online=0
2026-08-05 22:45:43 up= 309.0m rss=    -1.0MB thr=  1 pools=  9 campools= 4 children=    27 items=  30132 camTot=   30133 camMax=   7816 watch=0/0 saved=0 gcObj=  218169 qpix=   133 qimg=     0 axisH=  1.0 online=0
2026-08-05 22:46:43 up= 310.0m rss=    -1.0MB thr=  1 pools=  9 campools= 4 children=    27 items=  30132 camTot=   30133 camMax=   7816 watch=0/0 saved=0 gcObj=  218197 qpix=   133 qimg=     0 axisH=  1.0 online=0
2026-08-05 22:47:43 up= 311.0m rss=    -1.0MB thr=  1 pools=  9 campools= 4 children=    27 items=  30132 camTot=   30133 camMax=   7816 watch=0/0 saved=0 gcObj=  218225 qpix=   133 qimg=     0 axisH=  1.0 online=0
2026-08-05 22:48:43 up= 312.0m rss=    -1.0MB thr=  1 pools=  9 campools= 4 children=    27 items=  30132 camTot=   30133 camMax=   7816 watch=0/0 saved=0 gcObj=  218253 qpix=   133 qimg=     0 axisH=  1.0 online=0
2026-08-05 22:49:43 up= 313.0m rss=    -1.0MB thr=  1 pools=  9 campools= 4 children=    27 items=  30132 camTot=   30133 camMax=   7816 watch=0/0 saved=0 gcObj=  218281 qpix=   133 qimg=     0 axisH=  1.0 online=0
2026-08-05 22:50:43 up= 314.0m rss=    -1.0MB thr=  1 pools=  9 campools= 4 children=    27 items=  30132 camTot=   30133 camMax=   7816 watch=0/0 saved=0 gcObj=  218309 qpix=   133 qimg=     0 axisH=  1.0 online=0
2026-08-05 22:51:43 up= 315.0m rss=    -1.0MB thr=  1 pools=  9 campools= 4 children=    27 items=  30132 camTot=   30133 camMax=   7816 watch=0/0 saved=0 gcObj=  218337 qpix=   133 qimg=     0 axisH=  1.0 online=0
2026-08-05 22:52:43 up= 316.0m rss=    -1.0MB thr=  1 pools=  9 campools= 4 children=    27 items=  30132 camTot=   30133 camMax=   7816 watch=0/0 saved=0 gcObj=  218365 qpix=   133 qimg=     0 axisH=  1.0 online=0
2026-08-05 22:53:43 up= 317.0m rss=    -1.0MB thr=  1 pools=  9 campools= 4 children=    27 items=  30132 camTot=   30133 camMax=   7816 watch=0/0 saved=0 gcObj=  218393 qpix=   133 qimg=     0 axisH=  1.0 online=0
2026-08-05 22:54:43 up= 318.0m rss=    -1.0MB thr=  1 pools=  9 campools= 4 children=    27 items=  30132 camTot=   30133 camMax=   7816 watch=0/0 saved=0 gcObj=  218421 qpix=   133 qimg=     0 axisH=  1.0 online=0
2026-08-05 22:55:43 up= 319.0m rss=    -1.0MB thr=  1 pools=  9 campools= 4 children=    27 items=  30132 camTot=   30133 camMax=   7816 watch=0/0 saved=0 gcObj=  218449 qpix=   133 qimg=     0 axisH=  1.0 online=0
2026-08-05 22:56:43 up= 320.0m rss=    -1.0MB thr=  1 pools=  9 campools= 4 children=    27 items=  30132 camTot=   30133 camMax=   7816 watch=0/0 saved=0 gcObj=  218477 qpix=   133 qimg=     0 axisH=  1.0 online=0
2026-08-05 22:57:43 up= 321.0m rss=    -1.0MB thr=  1 pools=  9 campools= 4 children=    27 items=  30132 camTot=   30133 camMax=   7816 watch=0/0 saved=0 gcObj=  218505 qpix=   133 qimg=     0 axisH=  1.0 online=0
2026-08-05 22:58:43 up= 322.0m rss=    -1.0MB thr=  1 pools=  9 campools= 4 children=    27 items=  30132 camTot=   30133 camMax=   7816 watch=0/0 saved=0 gcObj=  218533 qpix=   133 qimg=     0 axisH=  1.0 online=0
2026-08-05 22:59:43 up= 323.0m rss=    -1.0MB thr=  1 pools=  9 campools= 4 children=    27 items=  30132 camTot=   30133 camMax=   7816 watch=0/0 saved=0 gcObj=  218561 qpix=   133 qimg=     0 axisH=  1.0 online=0
2026-08-05 23:00:43 up= 324.0m rss=    -1.0MB thr=  1 pools=  9 campools= 4 children=    27 items=  30132 camTot=   30133 camMax=   7816 watch=0/0 saved=0 gcObj=  218589 qpix=   133 qimg=     0 axisH=  1.0 online=0
2026-08-05 23:01:43 up= 325.0m rss=    -1.0MB thr=  1 pools=  9 campools= 4 children=    27 items=  30132 camTot=   30133 camMax=   7816 watch=0/0 saved=0 gcObj=  218617 qpix=   133 qimg=     0 axisH=  1.0 online=0
2026-08-05 23:02:43 up= 326.0m rss=    -1.0MB thr=  1 pools=  9 campools= 4 children=    27 items=  30132 camTot=   30133 camMax=   7816 watch=0/0 saved=0 gcObj=  217972 qpix=   133 qimg=     0 axisH=  1.0 online=0
2026-08-05 23:03:43 up= 327.0m rss=    -1.0MB thr=  1 pools=  9 campools= 4 children=    27 items=  30132 camTot=   30133 camMax=   7816 watch=0/0 saved=0 gcObj=  218000 qpix=   133 qimg=     0 axisH=  1.0 online=0
2026-08-05 23:04:43 up= 328.0m rss=    -1.0MB thr=  1 pools=  9 campools= 4 children=    27 items=  30132 camTot=   30133 camMax=   7816 watch=0/0 saved=0 gcObj=  218028 qpix=   133 qimg=     0 axisH=  1.0 online=0
2026-08-05 23:05:43 up= 329.0m rss=    -1.0MB thr=  1 pools=  9 campools= 4 children=    27 items=  30132 camTot=   30133 camMax=   7816 watch=0/0 saved=0 gcObj=  218056 qpix=   133 qimg=     0 axisH=  1.0 online=0
2026-08-05 23:06:43 up= 330.0m rss=    -1.0MB thr=  1 pools=  9 campools= 4 children=    27 items=  30132 camTot=   30133 camMax=   7816 watch=0/0 saved=0 gcObj=  218084 qpix=   133 qimg=     0 axisH=  1.0 online=0
2026-08-05 23:07:43 up= 331.0m rss=    -1.0MB thr=  1 pools=  9 campools= 4 children=    27 items=  30132 camTot=   30133 camMax=   7816 watch=0/0 saved=0 gcObj=  218112 qpix=   133 qimg=     0 axisH=  1.0 online=0
2026-08-05 23:08:43 up= 332.0m rss=    -1.0MB thr=  1 pools=  9 campools= 4 children=    27 items=  30132 camTot=   30133 camMax=   7816 watch=0/0 saved=0 gcObj=  218140 qpix=   133 qimg=     0 axisH=  1.0 online=0
2026-08-05 23:09:43 up= 333.0m rss=    -1.0MB thr=  1 pools=  9 campools= 4 children=    27 items=  30132 camTot=   30133 camMax=   7816 watch=0/0 saved=0 gcObj=  218168 qpix=   133 qimg=     0 axisH=  1.0 online=0
2026-08-05 23:10:43 up= 334.0m rss=    -1.0MB thr=  1 pools=  9 campools= 4 children=    27 items=  30132 camTot=   30133 camMax=   7816 watch=0/0 saved=0 gcObj=  218196 qpix=   133 qimg=     0 axisH=  1.0 online=0
2026-08-05 23:11:43 up= 335.0m rss=    -1.0MB thr=  1 pools=  9 campools= 4 children=    27 items=  30132 camTot=   30133 camMax=   7816 watch=0/0 saved=0 gcObj=  218224 qpix=   133 qimg=     0 axisH=  1.0 online=0
2026-08-05 23:12:43 up= 336.0m rss=    -1.0MB thr=  1 pools=  9 campools= 4 children=    27 items=  30132 camTot=   30133 camMax=   7816 watch=0/0 saved=0 gcObj=  218252 qpix=   133 qimg=     0 axisH=  1.0 online=0
2026-08-05 23:13:43 up= 337.0m rss=    -1.0MB thr=  1 pools=  9 campools= 4 children=    27 items=  30132 camTot=   30133 camMax=   7816 watch=0/0 saved=0 gcObj=  218280 qpix=   133 qimg=     0 axisH=  1.0 online=0
2026-08-05 23:14:43 up= 338.0m rss=    -1.0MB thr=  1 pools=  9 campools= 4 children=    27 items=  30132 camTot=   30133 camMax=   7816 watch=0/0 saved=0 gcObj=  218308 qpix=   133 qimg=     0 axisH=  1.0 online=0
2026-08-05 23:15:43 up= 339.0m rss=    -1.0MB thr=  1 pools=  9 campools= 4 children=    27 items=  30132 camTot=   30133 camMax=   7816 watch=0/0 saved=0 gcObj=  218336 qpix=   133 qimg=     0 axisH=  1.0 online=0
2026-08-05 23:16:43 up= 340.0m rss=    -1.0MB thr=  1 pools=  9 campools= 4 children=    27 items=  30132 camTot=   30133 camMax=   7816 watch=0/0 saved=0 gcObj=  218364 qpix=   133 qimg=     0 axisH=  1.0 online=0
2026-08-05 23:17:43 up= 341.0m rss=    -1.0MB thr=  1 pools=  9 campools= 4 children=    27 items=  30132 camTot=   30133 camMax=   7816 watch=0/0 saved=0 gcObj=  218392 qpix=   133 qimg=     0 axisH=  1.0 online=0
2026-08-05 23:18:43 up= 342.0m rss=    -1.0MB thr=  1 pools=  9 campools= 4 children=    27 items=  30132 camTot=   30133 camMax=   7816 watch=0/0 saved=0 gcObj=  218420 qpix=   133 qimg=     0 axisH=  1.0 online=0
2026-08-05 23:19:43 up= 343.0m rss=    -1.0MB thr=  1 pools=  9 campools= 4 children=    27 items=  30132 camTot=   30133 camMax=   7816 watch=0/0 saved=0 gcObj=  218448 qpix=   133 qimg=     0 axisH=  1.0 online=0
2026-08-05 23:20:43 up= 344.0m rss=    -1.0MB thr=  1 pools=  9 campools= 4 children=    27 items=  30132 camTot=   30133 camMax=   7816 watch=0/0 saved=0 gcObj=  218476 qpix=   133 qimg=     0 axisH=  1.0 online=0
2026-08-05 23:21:43 up= 345.0m rss=    -1.0MB thr=  1 pools=  9 campools= 4 children=    27 items=  30132 camTot=   30133 camMax=   7816 watch=0/0 saved=0 gcObj=  218504 qpix=   133 qimg=     0 axisH=  1.0 online=0
2026-08-05 23:22:43 up= 346.0m rss=    -1.0MB thr=  1 pools=  9 campools= 4 children=    27 items=  30132 camTot=   30133 camMax=   7816 watch=0/0 saved=0 gcObj=  218532 qpix=   133 qimg=     0 axisH=  1.0 online=0
2026-08-05 23:23:43 up= 347.0m rss=    -1.0MB thr=  1 pools=  9 campools= 4 children=    27 items=  30132 camTot=   30133 camMax=   7816 watch=0/0 saved=0 gcObj=  218560 qpix=   133 qimg=     0 axisH=  1.0 online=0
2026-08-05 23:24:43 up= 348.0m rss=    -1.0MB thr=  1 pools=  9 campools= 4 children=    27 items=  30132 camTot=   30133 camMax=   7816 watch=0/0 saved=0 gcObj=  218588 qpix=   133 qimg=     0 axisH=  1.0 online=0
2026-08-05 23:25:43 up= 349.0m rss=    -1.0MB thr=  1 pools=  9 campools= 4 children=    27 items=  30132 camTot=   30133 camMax=   7816 watch=0/0 saved=0 gcObj=  218616 qpix=   133 qimg=     0 axisH=  1.0 online=0
2026-08-05 23:26:43 up= 350.0m rss=    -1.0MB thr=  1 pools=  9 campools= 4 children=    27 items=  30132 camTot=   30133 camMax=   7816 watch=0/0 saved=0 gcObj=  218644 qpix=   133 qimg=     0 axisH=  1.0 online=0
2026-08-05 23:27:43 up= 351.0m rss=    -1.0MB thr=  1 pools=  9 campools= 4 children=    27 items=  30132 camTot=   30133 camMax=   7816 watch=0/0 saved=0 gcObj=  218672 qpix=   133 qimg=     0 axisH=  1.0 online=0
2026-08-05 23:28:43 up= 352.0m rss=    -1.0MB thr=  1 pools=  9 campools= 4 children=    27 items=  30132 camTot=   30133 camMax=   7816 watch=0/0 saved=0 gcObj=  218700 qpix=   133 qimg=     0 axisH=  1.0 online=0
2026-08-05 23:29:43 up= 353.0m rss=    -1.0MB thr=  1 pools=  9 campools= 4 children=    27 items=  30132 camTot=   30133 camMax=   7816 watch=0/0 saved=0 gcObj=  218728 qpix=   133 qimg=     0 axisH=  1.0 online=0
2026-08-05 23:30:43 up= 354.0m rss=    -1.0MB thr=  1 pools=  9 campools= 4 children=    27 items=  30132 camTot=   30133 camMax=   7816 watch=0/0 saved=0 gcObj=  218756 qpix=   133 qimg=     0 axisH=  1.0 online=0
2026-08-05 23:31:43 up= 355.0m rss=    -1.0MB thr=  1 pools=  9 campools= 4 children=    27 items=  30132 camTot=   30133 camMax=   7816 watch=0/0 saved=0 gcObj=  218784 qpix=   133 qimg=     0 axisH=  1.0 online=0
2026-08-05 23:32:43 up= 356.0m rss=    -1.0MB thr=  1 pools=  9 campools= 4 children=    27 items=  30132 camTot=   30133 camMax=   7816 watch=0/0 saved=0 gcObj=  218812 qpix=   133 qimg=     0 axisH=  1.0 online=0
2026-08-05 23:33:43 up= 357.0m rss=    -1.0MB thr=  1 pools=  9 campools= 4 children=    27 items=  30132 camTot=   30133 camMax=   7816 watch=0/0 saved=0 gcObj=  218840 qpix=   133 qimg=     0 axisH=  1.0 online=0
2026-08-05 23:34:43 up= 358.0m rss=    -1.0MB thr=  1 pools=  9 campools= 4 children=    27 items=  30132 camTot=   30133 camMax=   7816 watch=0/0 saved=0 gcObj=  218868 qpix=   133 qimg=     0 axisH=  1.0 online=0
2026-08-05 23:35:43 up= 359.0m rss=    -1.0MB thr=  1 pools=  9 campools= 4 children=    27 items=  30132 camTot=   30133 camMax=   7816 watch=0/0 saved=0 gcObj=  218896 qpix=   133 qimg=     0 axisH=  1.0 online=0
2026-08-05 23:36:43 up= 360.0m rss=    -1.0MB thr=  1 pools=  9 campools= 4 children=    27 items=  30132 camTot=   30133 camMax=   7816 watch=0/0 saved=0 gcObj=  218924 qpix=   133 qimg=     0 axisH=  1.0 online=0
2026-08-05 23:37:43 up= 361.0m rss=    -1.0MB thr=  1 pools=  9 campools= 4 children=    27 items=  30132 camTot=   30133 camMax=   7816 watch=0/0 saved=0 gcObj=  218952 qpix=   133 qimg=     0 axisH=  1.0 online=0
2026-08-05 23:38:43 up= 362.0m rss=    -1.0MB thr=  1 pools=  9 campools= 4 children=    27 items=  30132 camTot=   30133 camMax=   7816 watch=0/0 saved=0 gcObj=  217999 qpix=   133 qimg=     0 axisH=  1.0 online=0
2026-08-05 23:39:43 up= 363.0m rss=    -1.0MB thr=  1 pools=  9 campools= 4 children=    27 items=  30132 camTot=   30133 camMax=   7816 watch=0/0 saved=0 gcObj=  218027 qpix=   133 qimg=     0 axisH=  1.0 online=0
2026-08-05 23:40:43 up= 364.0m rss=    -1.0MB thr=  1 pools=  9 campools= 4 children=    27 items=  30132 camTot=   30133 camMax=   7816 watch=0/0 saved=0 gcObj=  218055 qpix=   133 qimg=     0 axisH=  1.0 online=0
2026-08-05 23:41:43 up= 365.0m rss=    -1.0MB thr=  1 pools=  9 campools= 4 children=    27 items=  30132 camTot=   30133 camMax=   7816 watch=0/0 saved=0 gcObj=  218083 qpix=   133 qimg=     0 axisH=  1.0 online=0
2026-08-05 23:42:43 up= 366.0m rss=    -1.0MB thr=  1 pools=  9 campools= 4 children=    27 items=  30132 camTot=   30133 camMax=   7816 watch=0/0 saved=0 gcObj=  218111 qpix=   133 qimg=     0 axisH=  1.0 online=0
2026-08-05 23:43:43 up= 367.0m rss=    -1.0MB thr=  1 pools=  9 campools= 4 children=    27 items=  30132 camTot=   30133 camMax=   7816 watch=0/0 saved=0 gcObj=  218139 qpix=   133 qimg=     0 axisH=  1.0 online=0
2026-08-05 23:44:43 up= 368.0m rss=    -1.0MB thr=  1 pools=  9 campools= 4 children=    27 items=  30132 camTot=   30133 camMax=   7816 watch=0/0 saved=0 gcObj=  218167 qpix=   133 qimg=     0 axisH=  1.0 online=0
2026-08-05 23:45:43 up= 369.0m rss=    -1.0MB thr=  1 pools=  9 campools= 4 children=    27 items=  30132 camTot=   30133 camMax=   7816 watch=0/0 saved=0 gcObj=  218195 qpix=   133 qimg=     0 axisH=  1.0 online=0
2026-08-05 23:46:43 up= 370.0m rss=    -1.0MB thr=  1 pools=  9 campools= 4 children=    27 items=  30132 camTot=   30133 camMax=   7816 watch=0/0 saved=0 gcObj=  218223 qpix=   133 qimg=     0 axisH=  1.0 online=0
2026-08-05 23:47:43 up= 371.0m rss=    -1.0MB thr=  1 pools=  9 campools= 4 children=    27 items=  30132 camTot=   30133 camMax=   7816 watch=0/0 saved=0 gcObj=  218251 qpix=   133 qimg=     0 axisH=  1.0 online=0
2026-08-05 23:48:43 up= 372.0m rss=    -1.0MB thr=  1 pools=  9 campools= 4 children=    27 items=  30132 camTot=   30133 camMax=   7816 watch=0/0 saved=0 gcObj=  218279 qpix=   133 qimg=     0 axisH=  1.0 online=0
2026-08-05 23:49:43 up= 373.0m rss=    -1.0MB thr=  1 pools=  9 campools= 4 children=    27 items=  30132 camTot=   30133 camMax=   7816 watch=0/0 saved=0 gcObj=  218307 qpix=   133 qimg=     0 axisH=  1.0 online=0
2026-08-05 23:50:43 up= 374.0m rss=    -1.0MB thr=  1 pools=  9 campools= 4 children=    27 items=  30132 camTot=   30133 camMax=   7816 watch=0/0 saved=0 gcObj=  218335 qpix=   133 qimg=     0 axisH=  1.0 online=0
2026-08-05 23:51:43 up= 375.0m rss=    -1.0MB thr=  1 pools=  9 campools= 4 children=    27 items=  30132 camTot=   30133 camMax=   7816 watch=0/0 saved=0 gcObj=  218363 qpix=   133 qimg=     0 axisH=  1.0 online=0
2026-08-05 23:52:43 up= 376.0m rss=    -1.0MB thr=  1 pools=  9 campools= 4 children=    27 items=  30132 camTot=   30133 camMax=   7816 watch=0/0 saved=0 gcObj=  218391 qpix=   133 qimg=     0 axisH=  1.0 online=0
2026-08-05 23:53:43 up= 377.0m rss=    -1.0MB thr=  1 pools=  9 campools= 4 children=    27 items=  30132 camTot=   30133 camMax=   7816 watch=0/0 saved=0 gcObj=  218419 qpix=   133 qimg=     0 axisH=  1.0 online=0
2026-08-05 23:54:43 up= 378.0m rss=    -1.0MB thr=  1 pools=  9 campools= 4 children=    27 items=  30132 camTot=   30133 camMax=   7816 watch=0/0 saved=0 gcObj=  218447 qpix=   133 qimg=     0 axisH=  1.0 online=0
2026-08-05 23:55:43 up= 379.0m rss=    -1.0MB thr=  1 pools=  9 campools= 4 children=    27 items=  30132 camTot=   30133 camMax=   7816 watch=0/0 saved=0 gcObj=  218475 qpix=   133 qimg=     0 axisH=  1.0 online=0
2026-08-05 23:56:43 up= 380.0m rss=    -1.0MB thr=  1 pools=  9 campools= 4 children=    27 items=  30132 camTot=   30133 camMax=   7816 watch=0/0 saved=0 gcObj=  218503 qpix=   133 qimg=     0 axisH=  1.0 online=0
2026-08-05 23:57:43 up= 381.0m rss=    -1.0MB thr=  1 pools=  9 campools= 4 children=    27 items=  30132 camTot=   30133 camMax=   7816 watch=0/0 saved=0 gcObj=  218531 qpix=   133 qimg=     0 axisH=  1.0 online=0
2026-08-05 23:58:43 up= 382.0m rss=    -1.0MB thr=  1 pools=  9 campools= 4 children=    27 items=  30132 camTot=   30133 camMax=   7816 watch=0/0 saved=0 gcObj=  218559 qpix=   133 qimg=     0 axisH=  1.0 online=0
2026-08-05 23:59:43 up= 383.0m rss=    -1.0MB thr=  1 pools=  9 campools= 4 children=    27 items=  30132 camTot=   30133 camMax=   7816 watch=0/0 saved=0 gcObj=  218587 qpix=   133 qimg=     0 axisH=  1.0 online=0
2026-08-06 00:00:43 up= 384.0m rss=    -1.0MB thr=  1 pools=  9 campools= 4 children=    27 items=  30132 camTot=   30133 camMax=   7816 watch=0/0 saved=0 gcObj=  218615 qpix=   133 qimg=     0 axisH=  1.0 online=0
2026-08-06 00:01:43 up= 385.0m rss=    -1.0MB thr=  1 pools=  9 campools= 4 children=    27 items=  30132 camTot=   30133 camMax=   7816 watch=0/0 saved=0 gcObj=  218643 qpix=   133 qimg=     0 axisH=  1.0 online=0
2026-08-06 00:02:43 up= 386.0m rss=    -1.0MB thr=  1 pools=  9 campools= 4 children=    27 items=  30132 camTot=   30133 camMax=   7816 watch=0/0 saved=0 gcObj=  218671 qpix=   133 qimg=     0 axisH=  1.0 online=0
2026-08-06 00:03:43 up= 387.0m rss=    -1.0MB thr=  1 pools=  9 campools= 4 children=    27 items=  30132 camTot=   30133 camMax=   7816 watch=0/0 saved=0 gcObj=  218699 qpix=   133 qimg=     0 axisH=  1.0 online=0
2026-08-06 00:04:43 up= 388.0m rss=    -1.0MB thr=  1 pools=  9 campools= 4 children=    27 items=  30132 camTot=   30133 camMax=   7816 watch=0/0 saved=0 gcObj=  218727 qpix=   133 qimg=     0 axisH=  1.0 online=0
2026-08-06 00:05:43 up= 389.0m rss=    -1.0MB thr=  1 pools=  9 campools= 4 children=    27 items=  30132 camTot=   30133 camMax=   7816 watch=0/0 saved=0 gcObj=  218755 qpix=   133 qimg=     0 axisH=  1.0 online=0
2026-08-06 00:06:43 up= 390.0m rss=    -1.0MB thr=  1 pools=  9 campools= 4 children=    27 items=  30132 camTot=   30133 camMax=   7816 watch=0/0 saved=0 gcObj=  218783 qpix=   133 qimg=     0 axisH=  1.0 online=0
2026-08-06 00:07:43 up= 391.0m rss=    -1.0MB thr=  1 pools=  9 campools= 4 children=    27 items=  30132 camTot=   30133 camMax=   7816 watch=0/0 saved=0 gcObj=  218811 qpix=   133 qimg=     0 axisH=  1.0 online=0
2026-08-06 00:08:43 up= 392.0m rss=    -1.0MB thr=  1 pools=  9 campools= 4 children=    27 items=  30132 camTot=   30133 camMax=   7816 watch=0/0 saved=0 gcObj=  218839 qpix=   133 qimg=     0 axisH=  1.0 online=0
2026-08-06 00:09:43 up= 393.0m rss=    -1.0MB thr=  1 pools=  9 campools= 4 children=    27 items=  30132 camTot=   30133 camMax=   7816 watch=0/0 saved=0 gcObj=  218867 qpix=   133 qimg=     0 axisH=  1.0 online=0
2026-08-06 00:10:43 up= 394.0m rss=    -1.0MB thr=  1 pools=  9 campools= 4 children=    27 items=  30132 camTot=   30133 camMax=   7816 watch=0/0 saved=0 gcObj=  218895 qpix=   133 qimg=     0 axisH=  1.0 online=0
2026-08-06 00:11:43 up= 395.0m rss=    -1.0MB thr=  1 pools=  9 campools= 4 children=    27 items=  30132 camTot=   30133 camMax=   7816 watch=0/0 saved=0 gcObj=  218923 qpix=   133 qimg=     0 axisH=  1.0 online=0
2026-08-06 00:12:43 up= 396.0m rss=    -1.0MB thr=  1 pools=  9 campools= 4 children=    27 items=  30132 camTot=   30133 camMax=   7816 watch=0/0 saved=0 gcObj=  218951 qpix=   133 qimg=     0 axisH=  1.0 online=0
2026-08-06 00:13:43 up= 397.0m rss=    -1.0MB thr=  1 pools=  9 campools= 4 children=    27 items=  30132 camTot=   30133 camMax=   7816 watch=0/0 saved=0 gcObj=  218979 qpix=   133 qimg=     0 axisH=  1.0 online=0
2026-08-06 00:14:43 up= 398.0m rss=    -1.0MB thr=  1 pools=  9 campools= 4 children=    27 items=  30132 camTot=   30133 camMax=   7816 watch=0/0 saved=0 gcObj=  219007 qpix=   133 qimg=     0 axisH=  1.0 online=0
2026-08-06 00:15:43 up= 399.0m rss=    -1.0MB thr=  1 pools=  9 campools= 4 children=    27 items=  30132 camTot=   30133 camMax=   7816 watch=0/0 saved=0 gcObj=  219035 qpix=   133 qimg=     0 axisH=  1.0 online=0
2026-08-06 00:16:43 up= 400.0m rss=    -1.0MB thr=  1 pools=  9 campools= 4 children=    27 items=  30132 camTot=   30133 camMax=   7816 watch=0/0 saved=0 gcObj=  219063 qpix=   133 qimg=     0 axisH=  1.0 online=0
2026-08-06 00:17:43 up= 401.0m rss=    -1.0MB thr=  1 pools=  9 campools= 4 children=    27 items=  30132 camTot=   30133 camMax=   7816 watch=0/0 saved=0 gcObj=  219091 qpix=   133 qimg=     0 axisH=  1.0 online=0
2026-08-06 00:18:43 up= 402.0m rss=    -1.0MB thr=  1 pools=  9 campools= 4 children=    27 items=  30132 camTot=   30133 camMax=   7816 watch=0/0 saved=0 gcObj=  219119 qpix=   133 qimg=     0 axisH=  1.0 online=0
2026-08-06 00:19:43 up= 403.0m rss=    -1.0MB thr=  1 pools=  9 campools= 4 children=    27 items=  30132 camTot=   30133 camMax=   7816 watch=0/0 saved=0 gcObj=  219147 qpix=   133 qimg=     0 axisH=  1.0 online=0
2026-08-06 00:20:43 up= 404.0m rss=    -1.0MB thr=  1 pools=  9 campools= 4 children=    27 items=  30132 camTot=   30133 camMax=   7816 watch=0/0 saved=0 gcObj=  219134 qpix=   133 qimg=     0 axisH=  1.0 online=0
2026-08-06 00:21:43 up= 405.0m rss=    -1.0MB thr=  1 pools=  9 campools= 4 children=    27 items=  30132 camTot=   30133 camMax=   7816 watch=0/0 saved=0 gcObj=  219162 qpix=   133 qimg=     0 axisH=  1.0 online=0
2026-08-06 00:22:43 up= 406.0m rss=    -1.0MB thr=  1 pools=  9 campools= 4 children=    27 items=  30132 camTot=   30133 camMax=   7816 watch=0/0 saved=0 gcObj=  219190 qpix=   133 qimg=     0 axisH=  1.0 online=0
2026-08-06 00:23:43 up= 407.0m rss=    -1.0MB thr=  1 pools=  9 campools= 4 children=    27 items=  30132 camTot=   30133 camMax=   7816 watch=0/0 saved=0 gcObj=  219218 qpix=   133 qimg=     0 axisH=  1.0 online=0
2026-08-06 00:24:43 up= 408.0m rss=    -1.0MB thr=  1 pools=  9 campools= 4 children=    27 items=  30132 camTot=   30133 camMax=   7816 watch=0/0 saved=0 gcObj=  219246 qpix=   133 qimg=     0 axisH=  1.0 online=0
2026-08-06 00:25:43 up= 409.0m rss=    -1.0MB thr=  1 pools=  9 campools= 4 children=    27 items=  30132 camTot=   30133 camMax=   7816 watch=0/0 saved=0 gcObj=  219274 qpix=   133 qimg=     0 axisH=  1.0 online=0
2026-08-06 00:26:43 up= 410.0m rss=    -1.0MB thr=  1 pools=  9 campools= 4 children=    27 items=  30132 camTot=   30133 camMax=   7816 watch=0/0 saved=0 gcObj=  219302 qpix=   133 qimg=     0 axisH=  1.0 online=0
2026-08-06 00:27:43 up= 411.0m rss=    -1.0MB thr=  1 pools=  9 campools= 4 children=    27 items=  30132 camTot=   30133 camMax=   7816 watch=0/0 saved=0 gcObj=  219330 qpix=   133 qimg=     0 axisH=  1.0 online=0
2026-08-06 00:28:43 up= 412.0m rss=    -1.0MB thr=  1 pools=  9 campools= 4 children=    27 items=  30132 camTot=   30133 camMax=   7816 watch=0/0 saved=0 gcObj=  219358 qpix=   133 qimg=     0 axisH=  1.0 online=0
2026-08-06 00:29:43 up= 413.0m rss=    -1.0MB thr=  1 pools=  9 campools= 4 children=    27 items=  30132 camTot=   30133 camMax=   7816 watch=0/0 saved=0 gcObj=  219386 qpix=   133 qimg=     0 axisH=  1.0 online=0
2026-08-06 00:30:43 up= 414.0m rss=    -1.0MB thr=  1 pools=  9 campools= 4 children=    27 items=  30132 camTot=   30133 camMax=   7816 watch=0/0 saved=0 gcObj=  219414 qpix=   133 qimg=     0 axisH=  1.0 online=0
2026-08-06 00:31:43 up= 415.0m rss=    -1.0MB thr=  1 pools=  9 campools= 4 children=    27 items=  30132 camTot=   30133 camMax=   7816 watch=0/0 saved=0 gcObj=  219442 qpix=   133 qimg=     0 axisH=  1.0 online=0
2026-08-06 00:32:43 up= 416.0m rss=    -1.0MB thr=  1 pools=  9 campools= 4 children=    27 items=  30132 camTot=   30133 camMax=   7816 watch=0/0 saved=0 gcObj=  219470 qpix=   133 qimg=     0 axisH=  1.0 online=0
2026-08-06 00:33:43 up= 417.0m rss=    -1.0MB thr=  1 pools=  9 campools= 4 children=    27 items=  30132 camTot=   30133 camMax=   7816 watch=0/0 saved=0 gcObj=  219498 qpix=   133 qimg=     0 axisH=  1.0 online=0
2026-08-06 00:34:43 up= 418.0m rss=    -1.0MB thr=  1 pools=  9 campools= 4 children=    27 items=  30132 camTot=   30133 camMax=   7816 watch=0/0 saved=0 gcObj=  219526 qpix=   133 qimg=     0 axisH=  1.0 online=0
2026-08-06 00:35:43 up= 419.0m rss=    -1.0MB thr=  1 pools=  9 campools= 4 children=    27 items=  30132 camTot=   30133 camMax=   7816 watch=0/0 saved=0 gcObj=  219554 qpix=   133 qimg=     0 axisH=  1.0 online=0
2026-08-06 00:36:43 up= 420.0m rss=    -1.0MB thr=  1 pools=  9 campools= 4 children=    27 items=  30132 camTot=   30133 camMax=   7816 watch=0/0 saved=0 gcObj=  219582 qpix=   133 qimg=     0 axisH=  1.0 online=0
2026-08-06 00:37:43 up= 421.0m rss=    -1.0MB thr=  1 pools=  9 campools= 4 children=    27 items=  30132 camTot=   30133 camMax=   7816 watch=0/0 saved=0 gcObj=  219610 qpix=   133 qimg=     0 axisH=  1.0 online=0
2026-08-06 00:38:43 up= 422.0m rss=    -1.0MB thr=  1 pools=  9 campools= 4 children=    27 items=  30132 camTot=   30133 camMax=   7816 watch=0/0 saved=0 gcObj=  219638 qpix=   133 qimg=     0 axisH=  1.0 online=0
2026-08-06 00:39:43 up= 423.0m rss=    -1.0MB thr=  1 pools=  9 campools= 4 children=    27 items=  30132 camTot=   30133 camMax=   7816 watch=0/0 saved=0 gcObj=  219666 qpix=   133 qimg=     0 axisH=  1.0 online=0
2026-08-06 00:40:43 up= 424.0m rss=    -1.0MB thr=  1 pools=  9 campools= 4 children=    27 items=  30132 camTot=   30133 camMax=   7816 watch=0/0 saved=0 gcObj=  219694 qpix=   133 qimg=     0 axisH=  1.0 online=0
2026-08-06 00:41:43 up= 425.0m rss=    -1.0MB thr=  1 pools=  9 campools= 4 children=    27 items=  30132 camTot=   30133 camMax=   7816 watch=0/0 saved=0 gcObj=  219722 qpix=   133 qimg=     0 axisH=  1.0 online=0
2026-08-06 00:42:43 up= 426.0m rss=    -1.0MB thr=  1 pools=  9 campools= 4 children=    27 items=  30132 camTot=   30133 camMax=   7816 watch=0/0 saved=0 gcObj=  219750 qpix=   133 qimg=     0 axisH=  1.0 online=0
2026-08-06 00:43:43 up= 427.0m rss=    -1.0MB thr=  1 pools=  9 campools= 4 children=    27 items=  30132 camTot=   30133 camMax=   7816 watch=0/0 saved=0 gcObj=  219778 qpix=   133 qimg=     0 axisH=  1.0 online=0
2026-08-06 00:44:43 up= 428.0m rss=    -1.0MB thr=  1 pools=  9 campools= 4 children=    27 items=  30132 camTot=   30133 camMax=   7816 watch=0/0 saved=0 gcObj=  219133 qpix=   133 qimg=     0 axisH=  1.0 online=0
2026-08-06 00:45:43 up= 429.0m rss=    -1.0MB thr=  1 pools=  9 campools= 4 children=    27 items=  30132 camTot=   30133 camMax=   7816 watch=0/0 saved=0 gcObj=  219161 qpix=   133 qimg=     0 axisH=  1.0 online=0
2026-08-06 00:46:43 up= 430.0m rss=    -1.0MB thr=  1 pools=  9 campools= 4 children=    27 items=  30132 camTot=   30133 camMax=   7816 watch=0/0 saved=0 gcObj=  219189 qpix=   133 qimg=     0 axisH=  1.0 online=0
2026-08-06 00:47:43 up= 431.0m rss=    -1.0MB thr=  1 pools=  9 campools= 4 children=    27 items=  30132 camTot=   30133 camMax=   7816 watch=0/0 saved=0 gcObj=  219217 qpix=   133 qimg=     0 axisH=  1.0 online=0
2026-08-06 00:48:43 up= 432.0m rss=    -1.0MB thr=  1 pools=  9 campools= 4 children=    27 items=  30132 camTot=   30133 camMax=   7816 watch=0/0 saved=0 gcObj=  219245 qpix=   133 qimg=     0 axisH=  1.0 online=0
2026-08-06 00:49:43 up= 433.0m rss=    -1.0MB thr=  1 pools=  9 campools= 4 children=    27 items=  30132 camTot=   30133 camMax=   7816 watch=0/0 saved=0 gcObj=  219273 qpix=   133 qimg=     0 axisH=  1.0 online=0
2026-08-06 00:50:43 up= 434.0m rss=    -1.0MB thr=  1 pools=  9 campools= 4 children=    27 items=  30132 camTot=   30133 camMax=   7816 watch=0/0 saved=0 gcObj=  219301 qpix=   133 qimg=     0 axisH=  1.0 online=0
2026-08-06 00:51:43 up= 435.0m rss=    -1.0MB thr=  1 pools=  9 campools= 4 children=    27 items=  30132 camTot=   30133 camMax=   7816 watch=0/0 saved=0 gcObj=  219329 qpix=   133 qimg=     0 axisH=  1.0 online=0
2026-08-06 00:52:43 up= 436.0m rss=    -1.0MB thr=  1 pools=  9 campools= 4 children=    27 items=  30132 camTot=   30133 camMax=   7816 watch=0/0 saved=0 gcObj=  219357 qpix=   133 qimg=     0 axisH=  1.0 online=0
2026-08-06 00:53:43 up= 437.0m rss=    -1.0MB thr=  1 pools=  9 campools= 4 children=    27 items=  30132 camTot=   30133 camMax=   7816 watch=0/0 saved=0 gcObj=  219385 qpix=   133 qimg=     0 axisH=  1.0 online=0
2026-08-06 00:54:43 up= 438.0m rss=    -1.0MB thr=  1 pools=  9 campools= 4 children=    27 items=  30132 camTot=   30133 camMax=   7816 watch=0/0 saved=0 gcObj=  219413 qpix=   133 qimg=     0 axisH=  1.0 online=0
2026-08-06 00:55:43 up= 439.0m rss=    -1.0MB thr=  1 pools=  9 campools= 4 children=    27 items=  30132 camTot=   30133 camMax=   7816 watch=0/0 saved=0 gcObj=  219441 qpix=   133 qimg=     0 axisH=  1.0 online=0
2026-08-06 00:56:43 up= 440.0m rss=    -1.0MB thr=  1 pools=  9 campools= 4 children=    27 items=  30132 camTot=   30133 camMax=   7816 watch=0/0 saved=0 gcObj=  219469 qpix=   133 qimg=     0 axisH=  1.0 online=0
2026-08-06 00:57:43 up= 441.0m rss=    -1.0MB thr=  1 pools=  9 campools= 4 children=    27 items=  30132 camTot=   30133 camMax=   7816 watch=0/0 saved=0 gcObj=  219497 qpix=   133 qimg=     0 axisH=  1.0 online=0
2026-08-06 00:58:43 up= 442.0m rss=    -1.0MB thr=  1 pools=  9 campools= 4 children=    27 items=  30132 camTot=   30133 camMax=   7816 watch=0/0 saved=0 gcObj=  219525 qpix=   133 qimg=     0 axisH=  1.0 online=0
2026-08-06 00:59:43 up= 443.0m rss=    -1.0MB thr=  1 pools=  9 campools= 4 children=    27 items=  30132 camTot=   30133 camMax=   7816 watch=0/0 saved=0 gcObj=  219553 qpix=   133 qimg=     0 axisH=  1.0 online=0
2026-08-06 01:00:43 up= 444.0m rss=    -1.0MB thr=  1 pools=  9 campools= 4 children=    27 items=  30132 camTot=   30133 camMax=   7816 watch=0/0 saved=0 gcObj=  219581 qpix=   133 qimg=     0 axisH=  1.0 online=0
2026-08-06 01:01:43 up= 445.0m rss=    -1.0MB thr=  1 pools=  9 campools= 4 children=    27 items=  30132 camTot=   30133 camMax=   7816 watch=0/0 saved=0 gcObj=  219609 qpix=   133 qimg=     0 axisH=  1.0 online=0
2026-08-06 01:02:43 up= 446.0m rss=    -1.0MB thr=  1 pools=  9 campools= 4 children=    27 items=  30132 camTot=   30133 camMax=   7816 watch=0/0 saved=0 gcObj=  219637 qpix=   133 qimg=     0 axisH=  1.0 online=0
2026-08-06 01:03:43 up= 447.0m rss=    -1.0MB thr=  1 pools=  9 campools= 4 children=    27 items=  30132 camTot=   30133 camMax=   7816 watch=0/0 saved=0 gcObj=  219665 qpix=   133 qimg=     0 axisH=  1.0 online=0
2026-08-06 01:04:43 up= 448.0m rss=    -1.0MB thr=  1 pools=  9 campools= 4 children=    27 items=  30132 camTot=   30133 camMax=   7816 watch=0/0 saved=0 gcObj=  219693 qpix=   133 qimg=     0 axisH=  1.0 online=0
2026-08-06 01:05:43 up= 449.0m rss=    -1.0MB thr=  1 pools=  9 campools= 4 children=    27 items=  30132 camTot=   30133 camMax=   7816 watch=0/0 saved=0 gcObj=  219721 qpix=   133 qimg=     0 axisH=  1.0 online=0
2026-08-06 01:06:43 up= 450.0m rss=    -1.0MB thr=  1 pools=  9 campools= 4 children=    27 items=  30132 camTot=   30133 camMax=   7816 watch=0/0 saved=0 gcObj=  219749 qpix=   133 qimg=     0 axisH=  1.0 online=0
2026-08-06 01:07:43 up= 451.0m rss=    -1.0MB thr=  1 pools=  9 campools= 4 children=    27 items=  30132 camTot=   30133 camMax=   7816 watch=0/0 saved=0 gcObj=  219777 qpix=   133 qimg=     0 axisH=  1.0 online=0
2026-08-06 01:08:43 up= 452.0m rss=    -1.0MB thr=  1 pools=  9 campools= 4 children=    27 items=  30132 camTot=   30133 camMax=   7816 watch=0/0 saved=0 gcObj=  219805 qpix=   133 qimg=     0 axisH=  1.0 online=0
2026-08-06 01:09:43 up= 453.0m rss=    -1.0MB thr=  1 pools=  9 campools= 4 children=    27 items=  30132 camTot=   30133 camMax=   7816 watch=0/0 saved=0 gcObj=  219833 qpix=   133 qimg=     0 axisH=  1.0 online=0
2026-08-06 01:10:43 up= 454.0m rss=    -1.0MB thr=  1 pools=  9 campools= 4 children=    27 items=  30132 camTot=   30133 camMax=   7816 watch=0/0 saved=0 gcObj=  219861 qpix=   133 qimg=     0 axisH=  1.0 online=0
2026-08-06 01:11:43 up= 455.0m rss=    -1.0MB thr=  1 pools=  9 campools= 4 children=    27 items=  30132 camTot=   30133 camMax=   7816 watch=0/0 saved=0 gcObj=  219889 qpix=   133 qimg=     0 axisH=  1.0 online=0
2026-08-06 01:12:43 up= 456.0m rss=    -1.0MB thr=  1 pools=  9 campools= 4 children=    27 items=  30132 camTot=   30133 camMax=   7816 watch=0/0 saved=0 gcObj=  219917 qpix=   133 qimg=     0 axisH=  1.0 online=0
2026-08-06 01:13:43 up= 457.0m rss=    -1.0MB thr=  1 pools=  9 campools= 4 children=    27 items=  30132 camTot=   30133 camMax=   7816 watch=0/0 saved=0 gcObj=  219945 qpix=   133 qimg=     0 axisH=  1.0 online=0
2026-08-06 01:14:43 up= 458.0m rss=    -1.0MB thr=  1 pools=  9 campools= 4 children=    27 items=  30132 camTot=   30133 camMax=   7816 watch=0/0 saved=0 gcObj=  219973 qpix=   133 qimg=     0 axisH=  1.0 online=0
2026-08-06 01:15:43 up= 459.0m rss=    -1.0MB thr=  1 pools=  9 campools= 4 children=    27 items=  30132 camTot=   30133 camMax=   7816 watch=0/0 saved=0 gcObj=  220001 qpix=   133 qimg=     0 axisH=  1.0 online=0
2026-08-06 01:16:43 up= 460.0m rss=    -1.0MB thr=  1 pools=  9 campools= 4 children=    27 items=  30132 camTot=   30133 camMax=   7816 watch=0/0 saved=0 gcObj=  220029 qpix=   133 qimg=     0 axisH=  1.0 online=0
2026-08-06 01:17:43 up= 461.0m rss=    -1.0MB thr=  1 pools=  9 campools= 4 children=    27 items=  30132 camTot=   30133 camMax=   7816 watch=0/0 saved=0 gcObj=  220057 qpix=   133 qimg=     0 axisH=  1.0 online=0
2026-08-06 01:18:43 up= 462.0m rss=    -1.0MB thr=  1 pools=  9 campools= 4 children=    27 items=  30132 camTot=   30133 camMax=   7816 watch=0/0 saved=0 gcObj=  220085 qpix=   133 qimg=     0 axisH=  1.0 online=0
2026-08-06 01:19:43 up= 463.0m rss=    -1.0MB thr=  1 pools=  9 campools= 4 children=    27 items=  30132 camTot=   30133 camMax=   7816 watch=0/0 saved=0 gcObj=  220113 qpix=   133 qimg=     0 axisH=  1.0 online=0
2026-08-06 01:20:43 up= 464.0m rss=    -1.0MB thr=  1 pools=  9 campools= 4 children=    27 items=  30132 camTot=   30133 camMax=   7816 watch=0/0 saved=0 gcObj=  219160 qpix=   133 qimg=     0 axisH=  1.0 online=0
2026-08-06 01:21:43 up= 465.0m rss=    -1.0MB thr=  1 pools=  9 campools= 4 children=    27 items=  30132 camTot=   30133 camMax=   7816 watch=0/0 saved=0 gcObj=  219188 qpix=   133 qimg=     0 axisH=  1.0 online=0
2026-08-06 01:22:43 up= 466.0m rss=    -1.0MB thr=  1 pools=  9 campools= 4 children=    27 items=  30132 camTot=   30133 camMax=   7816 watch=0/0 saved=0 gcObj=  219216 qpix=   133 qimg=     0 axisH=  1.0 online=0
2026-08-06 01:23:43 up= 467.0m rss=    -1.0MB thr=  1 pools=  9 campools= 4 children=    27 items=  30132 camTot=   30133 camMax=   7816 watch=0/0 saved=0 gcObj=  219244 qpix=   133 qimg=     0 axisH=  1.0 online=0
2026-08-06 01:24:43 up= 468.0m rss=    -1.0MB thr=  1 pools=  9 campools= 4 children=    27 items=  30132 camTot=   30133 camMax=   7816 watch=0/0 saved=0 gcObj=  219272 qpix=   133 qimg=     0 axisH=  1.0 online=0
2026-08-06 01:25:43 up= 469.0m rss=    -1.0MB thr=  1 pools=  9 campools= 4 children=    27 items=  30132 camTot=   30133 camMax=   7816 watch=0/0 saved=0 gcObj=  219300 qpix=   133 qimg=     0 axisH=  1.0 online=0
2026-08-06 01:26:43 up= 470.0m rss=    -1.0MB thr=  1 pools=  9 campools= 4 children=    27 items=  30132 camTot=   30133 camMax=   7816 watch=0/0 saved=0 gcObj=  219328 qpix=   133 qimg=     0 axisH=  1.0 online=0
2026-08-06 01:27:43 up= 471.0m rss=    -1.0MB thr=  1 pools=  9 campools= 4 children=    27 items=  30132 camTot=   30133 camMax=   7816 watch=0/0 saved=0 gcObj=  219356 qpix=   133 qimg=     0 axisH=  1.0 online=0
2026-08-06 01:28:43 up= 472.0m rss=    -1.0MB thr=  1 pools=  9 campools= 4 children=    27 items=  30132 camTot=   30133 camMax=   7816 watch=0/0 saved=0 gcObj=  219384 qpix=   133 qimg=     0 axisH=  1.0 online=0
2026-08-06 01:29:43 up= 473.0m rss=    -1.0MB thr=  1 pools=  9 campools= 4 children=    27 items=  30132 camTot=   30133 camMax=   7816 watch=0/0 saved=0 gcObj=  219412 qpix=   133 qimg=     0 axisH=  1.0 online=0
2026-08-06 01:30:43 up= 474.0m rss=    -1.0MB thr=  1 pools=  9 campools= 4 children=    27 items=  30132 camTot=   30133 camMax=   7816 watch=0/0 saved=0 gcObj=  219440 qpix=   133 qimg=     0 axisH=  1.0 online=0
2026-08-06 01:31:43 up= 475.0m rss=    -1.0MB thr=  1 pools=  9 campools= 4 children=    27 items=  30132 camTot=   30133 camMax=   7816 watch=0/0 saved=0 gcObj=  219468 qpix=   133 qimg=     0 axisH=  1.0 online=0
2026-08-06 01:32:43 up= 476.0m rss=    -1.0MB thr=  1 pools=  9 campools= 4 children=    27 items=  30132 camTot=   30133 camMax=   7816 watch=0/0 saved=0 gcObj=  219496 qpix=   133 qimg=     0 axisH=  1.0 online=0
2026-08-06 01:33:43 up= 477.0m rss=    -1.0MB thr=  1 pools=  9 campools= 4 children=    27 items=  30132 camTot=   30133 camMax=   7816 watch=0/0 saved=0 gcObj=  219524 qpix=   133 qimg=     0 axisH=  1.0 online=0
2026-08-06 01:34:43 up= 478.0m rss=    -1.0MB thr=  1 pools=  9 campools= 4 children=    27 items=  30132 camTot=   30133 camMax=   7816 watch=0/0 saved=0 gcObj=  219552 qpix=   133 qimg=     0 axisH=  1.0 online=0
2026-08-06 01:35:43 up= 479.0m rss=    -1.0MB thr=  1 pools=  9 campools= 4 children=    27 items=  30132 camTot=   30133 camMax=   7816 watch=0/0 saved=0 gcObj=  219580 qpix=   133 qimg=     0 axisH=  1.0 online=0
2026-08-06 01:36:43 up= 480.0m rss=    -1.0MB thr=  1 pools=  9 campools= 4 children=    27 items=  30132 camTot=   30133 camMax=   7816 watch=0/0 saved=0 gcObj=  219608 qpix=   133 qimg=     0 axisH=  1.0 online=0
2026-08-06 01:37:43 up= 481.0m rss=    -1.0MB thr=  1 pools=  9 campools= 4 children=    27 items=  30132 camTot=   30133 camMax=   7816 watch=0/0 saved=0 gcObj=  219636 qpix=   133 qimg=     0 axisH=  1.0 online=0
2026-08-06 01:38:43 up= 482.0m rss=    -1.0MB thr=  1 pools=  9 campools= 4 children=    27 items=  30132 camTot=   30133 camMax=   7816 watch=0/0 saved=0 gcObj=  219664 qpix=   133 qimg=     0 axisH=  1.0 online=0
2026-08-06 01:39:43 up= 483.0m rss=    -1.0MB thr=  1 pools=  9 campools= 4 children=    27 items=  30132 camTot=   30133 camMax=   7816 watch=0/0 saved=0 gcObj=  219692 qpix=   133 qimg=     0 axisH=  1.0 online=0
2026-08-06 01:40:43 up= 484.0m rss=    -1.0MB thr=  1 pools=  9 campools= 4 children=    27 items=  30132 camTot=   30133 camMax=   7816 watch=0/0 saved=0 gcObj=  219720 qpix=   133 qimg=     0 axisH=  1.0 online=0
2026-08-06 01:41:43 up= 485.0m rss=    -1.0MB thr=  1 pools=  9 campools= 4 children=    27 items=  30132 camTot=   30133 camMax=   7816 watch=0/0 saved=0 gcObj=  219748 qpix=   133 qimg=     0 axisH=  1.0 online=0
2026-08-06 01:42:43 up= 486.0m rss=    -1.0MB thr=  1 pools=  9 campools= 4 children=    27 items=  30132 camTot=   30133 camMax=   7816 watch=0/0 saved=0 gcObj=  219776 qpix=   133 qimg=     0 axisH=  1.0 online=0
2026-08-06 01:43:43 up= 487.0m rss=    -1.0MB thr=  1 pools=  9 campools= 4 children=    27 items=  30132 camTot=   30133 camMax=   7816 watch=0/0 saved=0 gcObj=  219804 qpix=   133 qimg=     0 axisH=  1.0 online=0
2026-08-06 01:44:43 up= 488.0m rss=    -1.0MB thr=  1 pools=  9 campools= 4 children=    27 items=  30132 camTot=   30133 camMax=   7816 watch=0/0 saved=0 gcObj=  219832 qpix=   133 qimg=     0 axisH=  1.0 online=0
2026-08-06 01:45:43 up= 489.0m rss=    -1.0MB thr=  1 pools=  9 campools= 4 children=    27 items=  30132 camTot=   30133 camMax=   7816 watch=0/0 saved=0 gcObj=  219860 qpix=   133 qimg=     0 axisH=  1.0 online=0
2026-08-06 01:46:43 up= 490.0m rss=    -1.0MB thr=  1 pools=  9 campools= 4 children=    27 items=  30132 camTot=   30133 camMax=   7816 watch=0/0 saved=0 gcObj=  219888 qpix=   133 qimg=     0 axisH=  1.0 online=0
2026-08-06 01:47:43 up= 491.0m rss=    -1.0MB thr=  1 pools=  9 campools= 4 children=    27 items=  30132 camTot=   30133 camMax=   7816 watch=0/0 saved=0 gcObj=  219916 qpix=   133 qimg=     0 axisH=  1.0 online=0
2026-08-06 01:48:43 up= 492.0m rss=    -1.0MB thr=  1 pools=  9 campools= 4 children=    27 items=  30132 camTot=   30133 camMax=   7816 watch=0/0 saved=0 gcObj=  219944 qpix=   133 qimg=     0 axisH=  1.0 online=0
2026-08-06 01:49:43 up= 493.0m rss=    -1.0MB thr=  1 pools=  9 campools= 4 children=    27 items=  30132 camTot=   30133 camMax=   7816 watch=0/0 saved=0 gcObj=  219972 qpix=   133 qimg=     0 axisH=  1.0 online=0
2026-08-06 01:50:43 up= 494.0m rss=    -1.0MB thr=  1 pools=  9 campools= 4 children=    27 items=  30132 camTot=   30133 camMax=   7816 watch=0/0 saved=0 gcObj=  220000 qpix=   133 qimg=     0 axisH=  1.0 online=0
2026-08-06 01:51:43 up= 495.0m rss=    -1.0MB thr=  1 pools=  9 campools= 4 children=    27 items=  30132 camTot=   30133 camMax=   7816 watch=0/0 saved=0 gcObj=  220028 qpix=   133 qimg=     0 axisH=  1.0 online=0
2026-08-06 01:52:43 up= 496.0m rss=    -1.0MB thr=  1 pools=  9 campools= 4 children=    27 items=  30132 camTot=   30133 camMax=   7816 watch=0/0 saved=0 gcObj=  220056 qpix=   133 qimg=     0 axisH=  1.0 online=0
2026-08-06 01:53:43 up= 497.0m rss=    -1.0MB thr=  1 pools=  9 campools= 4 children=    27 items=  30132 camTot=   30133 camMax=   7816 watch=0/0 saved=0 gcObj=  220084 qpix=   133 qimg=     0 axisH=  1.0 online=0
2026-08-06 01:54:43 up= 498.0m rss=    -1.0MB thr=  1 pools=  9 campools= 4 children=    27 items=  30132 camTot=   30133 camMax=   7816 watch=0/0 saved=0 gcObj=  220112 qpix=   133 qimg=     0 axisH=  1.0 online=0
2026-08-06 01:55:43 up= 499.0m rss=    -1.0MB thr=  1 pools=  9 campools= 4 children=    27 items=  30132 camTot=   30133 camMax=   7816 watch=0/0 saved=0 gcObj=  220140 qpix=   133 qimg=     0 axisH=  1.0 online=0
2026-08-06 01:56:43 up= 500.0m rss=    -1.0MB thr=  1 pools=  9 campools= 4 children=    27 items=  30132 camTot=   30133 camMax=   7816 watch=0/0 saved=0 gcObj=  220168 qpix=   133 qimg=     0 axisH=  1.0 online=0
2026-08-06 01:57:43 up= 501.0m rss=    -1.0MB thr=  1 pools=  9 campools= 4 children=    27 items=  30132 camTot=   30133 camMax=   7816 watch=0/0 saved=0 gcObj=  220196 qpix=   133 qimg=     0 axisH=  1.0 online=0
2026-08-06 01:58:43 up= 502.0m rss=    -1.0MB thr=  1 pools=  9 campools= 4 children=    27 items=  30132 camTot=   30133 camMax=   7816 watch=0/0 saved=0 gcObj=  220224 qpix=   133 qimg=     0 axisH=  1.0 online=0
2026-08-06 01:59:43 up= 503.0m rss=    -1.0MB thr=  1 pools=  9 campools= 4 children=    27 items=  30132 camTot=   30133 camMax=   7816 watch=0/0 saved=0 gcObj=  220252 qpix=   133 qimg=     0 axisH=  1.0 online=0
2026-08-06 02:00:43 up= 504.0m rss=    -1.0MB thr=  1 pools=  9 campools= 4 children=    27 items=  30132 camTot=   30133 camMax=   7816 watch=0/0 saved=0 gcObj=  220280 qpix=   133 qimg=     0 axisH=  1.0 online=0
2026-08-06 02:01:43 up= 505.0m rss=    -1.0MB thr=  1 pools=  9 campools= 4 children=    27 items=  30132 camTot=   30133 camMax=   7816 watch=0/0 saved=0 gcObj=  220308 qpix=   133 qimg=     0 axisH=  1.0 online=0
2026-08-06 02:02:43 up= 506.0m rss=    -1.0MB thr=  1 pools=  9 campools= 4 children=    27 items=  30132 camTot=   30133 camMax=   7816 watch=0/0 saved=0 gcObj=  220295 qpix=   133 qimg=     0 axisH=  1.0 online=0
2026-08-06 02:03:43 up= 507.0m rss=    -1.0MB thr=  1 pools=  9 campools= 4 children=    27 items=  30132 camTot=   30133 camMax=   7816 watch=0/0 saved=0 gcObj=  220323 qpix=   133 qimg=     0 axisH=  1.0 online=0
2026-08-06 02:04:43 up= 508.0m rss=    -1.0MB thr=  1 pools=  9 campools= 4 children=    27 items=  30132 camTot=   30133 camMax=   7816 watch=0/0 saved=0 gcObj=  220351 qpix=   133 qimg=     0 axisH=  1.0 online=0
2026-08-06 02:05:43 up= 509.0m rss=    -1.0MB thr=  1 pools=  9 campools= 4 children=    27 items=  30132 camTot=   30133 camMax=   7816 watch=0/0 saved=0 gcObj=  220379 qpix=   133 qimg=     0 axisH=  1.0 online=0
2026-08-06 02:06:43 up= 510.0m rss=    -1.0MB thr=  1 pools=  9 campools= 4 children=    27 items=  30132 camTot=   30133 camMax=   7816 watch=0/0 saved=0 gcObj=  220407 qpix=   133 qimg=     0 axisH=  1.0 online=0
2026-08-06 02:07:43 up= 511.0m rss=    -1.0MB thr=  1 pools=  9 campools= 4 children=    27 items=  30132 camTot=   30133 camMax=   7816 watch=0/0 saved=0 gcObj=  220435 qpix=   133 qimg=     0 axisH=  1.0 online=0
2026-08-06 02:08:43 up= 512.0m rss=    -1.0MB thr=  1 pools=  9 campools= 4 children=    27 items=  30132 camTot=   30133 camMax=   7816 watch=0/0 saved=0 gcObj=  220463 qpix=   133 qimg=     0 axisH=  1.0 online=0
2026-08-06 02:09:43 up= 513.0m rss=    -1.0MB thr=  1 pools=  9 campools= 4 children=    27 items=  30132 camTot=   30133 camMax=   7816 watch=0/0 saved=0 gcObj=  220491 qpix=   133 qimg=     0 axisH=  1.0 online=0
2026-08-06 02:10:43 up= 514.0m rss=    -1.0MB thr=  1 pools=  9 campools= 4 children=    27 items=  30132 camTot=   30133 camMax=   7816 watch=0/0 saved=0 gcObj=  220519 qpix=   133 qimg=     0 axisH=  1.0 online=0
2026-08-06 02:11:43 up= 515.0m rss=    -1.0MB thr=  1 pools=  9 campools= 4 children=    27 items=  30132 camTot=   30133 camMax=   7816 watch=0/0 saved=0 gcObj=  220547 qpix=   133 qimg=     0 axisH=  1.0 online=0
2026-08-06 02:12:43 up= 516.0m rss=    -1.0MB thr=  1 pools=  9 campools= 4 children=    27 items=  30132 camTot=   30133 camMax=   7816 watch=0/0 saved=0 gcObj=  220575 qpix=   133 qimg=     0 axisH=  1.0 online=0
2026-08-06 02:13:43 up= 517.0m rss=    -1.0MB thr=  1 pools=  9 campools= 4 children=    27 items=  30132 camTot=   30133 camMax=   7816 watch=0/0 saved=0 gcObj=  220603 qpix=   133 qimg=     0 axisH=  1.0 online=0
2026-08-06 02:14:43 up= 518.0m rss=    -1.0MB thr=  1 pools=  9 campools= 4 children=    27 items=  30132 camTot=   30133 camMax=   7816 watch=0/0 saved=0 gcObj=  220631 qpix=   133 qimg=     0 axisH=  1.0 online=0
2026-08-06 02:15:43 up= 519.0m rss=    -1.0MB thr=  1 pools=  9 campools= 4 children=    27 items=  30132 camTot=   30133 camMax=   7816 watch=0/0 saved=0 gcObj=  220659 qpix=   133 qimg=     0 axisH=  1.0 online=0
2026-08-06 02:16:43 up= 520.0m rss=    -1.0MB thr=  1 pools=  9 campools= 4 children=    27 items=  30132 camTot=   30133 camMax=   7816 watch=0/0 saved=0 gcObj=  220687 qpix=   133 qimg=     0 axisH=  1.0 online=0
2026-08-06 02:17:43 up= 521.0m rss=    -1.0MB thr=  1 pools=  9 campools= 4 children=    27 items=  30132 camTot=   30133 camMax=   7816 watch=0/0 saved=0 gcObj=  220715 qpix=   133 qimg=     0 axisH=  1.0 online=0
2026-08-06 02:18:43 up= 522.0m rss=    -1.0MB thr=  1 pools=  9 campools= 4 children=    27 items=  30132 camTot=   30133 camMax=   7816 watch=0/0 saved=0 gcObj=  220743 qpix=   133 qimg=     0 axisH=  1.0 online=0
2026-08-06 02:19:43 up= 523.0m rss=    -1.0MB thr=  1 pools=  9 campools= 4 children=    27 items=  30132 camTot=   30133 camMax=   7816 watch=0/0 saved=0 gcObj=  220771 qpix=   133 qimg=     0 axisH=  1.0 online=0
2026-08-06 02:20:43 up= 524.0m rss=    -1.0MB thr=  1 pools=  9 campools= 4 children=    27 items=  30132 camTot=   30133 camMax=   7816 watch=0/0 saved=0 gcObj=  220799 qpix=   133 qimg=     0 axisH=  1.0 online=0
2026-08-06 02:21:43 up= 525.0m rss=    -1.0MB thr=  1 pools=  9 campools= 4 children=    27 items=  30132 camTot=   30133 camMax=   7816 watch=0/0 saved=0 gcObj=  220827 qpix=   133 qimg=     0 axisH=  1.0 online=0
2026-08-06 02:22:43 up= 526.0m rss=    -1.0MB thr=  1 pools=  9 campools= 4 children=    27 items=  30132 camTot=   30133 camMax=   7816 watch=0/0 saved=0 gcObj=  220855 qpix=   133 qimg=     0 axisH=  1.0 online=0
2026-08-06 02:23:43 up= 527.0m rss=    -1.0MB thr=  1 pools=  9 campools= 4 children=    27 items=  30132 camTot=   30133 camMax=   7816 watch=0/0 saved=0 gcObj=  220883 qpix=   133 qimg=     0 axisH=  1.0 online=0
2026-08-06 02:24:43 up= 528.0m rss=    -1.0MB thr=  1 pools=  9 campools= 4 children=    27 items=  30132 camTot=   30133 camMax=   7816 watch=0/0 saved=0 gcObj=  220911 qpix=   133 qimg=     0 axisH=  1.0 online=0
2026-08-06 02:25:43 up= 529.0m rss=    -1.0MB thr=  1 pools=  9 campools= 4 children=    27 items=  30132 camTot=   30133 camMax=   7816 watch=0/0 saved=0 gcObj=  220939 qpix=   133 qimg=     0 axisH=  1.0 online=0
2026-08-06 02:26:43 up= 530.0m rss=    -1.0MB thr=  1 pools=  9 campools= 4 children=    27 items=  30132 camTot=   30133 camMax=   7816 watch=0/0 saved=0 gcObj=  214489 qpix=   133 qimg=     0 axisH=  1.0 online=0
2026-08-06 02:27:43 up= 531.0m rss=    -1.0MB thr=  1 pools=  9 campools= 4 children=    27 items=  30132 camTot=   30133 camMax=   7816 watch=0/0 saved=0 gcObj=  214517 qpix=   133 qimg=     0 axisH=  1.0 online=0
2026-08-06 02:28:43 up= 532.0m rss=    -1.0MB thr=  1 pools=  9 campools= 4 children=    27 items=  30132 camTot=   30133 camMax=   7816 watch=0/0 saved=0 gcObj=  214545 qpix=   133 qimg=     0 axisH=  1.0 online=0
2026-08-06 02:29:43 up= 533.0m rss=    -1.0MB thr=  1 pools=  9 campools= 4 children=    27 items=  30132 camTot=   30133 camMax=   7816 watch=0/0 saved=0 gcObj=  214573 qpix=   133 qimg=     0 axisH=  1.0 online=0
2026-08-06 02:30:43 up= 534.0m rss=    -1.0MB thr=  1 pools=  9 campools= 4 children=    27 items=  30132 camTot=   30133 camMax=   7816 watch=0/0 saved=0 gcObj=  214601 qpix=   133 qimg=     0 axisH=  1.0 online=0
2026-08-06 02:31:43 up= 535.0m rss=    -1.0MB thr=  1 pools=  9 campools= 4 children=    27 items=  30132 camTot=   30133 camMax=   7816 watch=0/0 saved=0 gcObj=  214629 qpix=   133 qimg=     0 axisH=  1.0 online=0
2026-08-06 02:32:43 up= 536.0m rss=    -1.0MB thr=  1 pools=  9 campools= 4 children=    27 items=  30132 camTot=   30133 camMax=   7816 watch=0/0 saved=0 gcObj=  214657 qpix=   133 qimg=     0 axisH=  1.0 online=0
2026-08-06 02:33:43 up= 537.0m rss=    -1.0MB thr=  1 pools=  9 campools= 4 children=    27 items=  30132 camTot=   30133 camMax=   7816 watch=0/0 saved=0 gcObj=  214685 qpix=   133 qimg=     0 axisH=  1.0 online=0
2026-08-06 02:34:43 up= 538.0m rss=    -1.0MB thr=  1 pools=  9 campools= 4 children=    27 items=  30132 camTot=   30133 camMax=   7816 watch=0/0 saved=0 gcObj=  214713 qpix=   133 qimg=     0 axisH=  1.0 online=0
2026-08-06 02:35:43 up= 539.0m rss=    -1.0MB thr=  1 pools=  9 campools= 4 children=    27 items=  30132 camTot=   30133 camMax=   7816 watch=0/0 saved=0 gcObj=  214741 qpix=   133 qimg=     0 axisH=  1.0 online=0
2026-08-06 02:36:43 up= 540.0m rss=    -1.0MB thr=  1 pools=  9 campools= 4 children=    27 items=  30132 camTot=   30133 camMax=   7816 watch=0/0 saved=0 gcObj=  214769 qpix=   133 qimg=     0 axisH=  1.0 online=0
2026-08-06 02:37:43 up= 541.0m rss=    -1.0MB thr=  1 pools=  9 campools= 4 children=    27 items=  30132 camTot=   30133 camMax=   7816 watch=0/0 saved=0 gcObj=  214797 qpix=   133 qimg=     0 axisH=  1.0 online=0
2026-08-06 02:38:43 up= 542.0m rss=    -1.0MB thr=  1 pools=  9 campools= 4 children=    27 items=  30132 camTot=   30133 camMax=   7816 watch=0/0 saved=0 gcObj=  214825 qpix=   133 qimg=     0 axisH=  1.0 online=0
2026-08-06 02:39:43 up= 543.0m rss=    -1.0MB thr=  1 pools=  9 campools= 4 children=    27 items=  30132 camTot=   30133 camMax=   7816 watch=0/0 saved=0 gcObj=  214853 qpix=   133 qimg=     0 axisH=  1.0 online=0
2026-08-06 02:40:43 up= 544.0m rss=    -1.0MB thr=  1 pools=  9 campools= 4 children=    27 items=  30132 camTot=   30133 camMax=   7816 watch=0/0 saved=0 gcObj=  214881 qpix=   133 qimg=     0 axisH=  1.0 online=0
2026-08-06 02:41:43 up= 545.0m rss=    -1.0MB thr=  1 pools=  9 campools= 4 children=    27 items=  30132 camTot=   30133 camMax=   7816 watch=0/0 saved=0 gcObj=  214909 qpix=   133 qimg=     0 axisH=  1.0 online=0
2026-08-06 02:42:43 up= 546.0m rss=    -1.0MB thr=  1 pools=  9 campools= 4 children=    27 items=  30132 camTot=   30133 camMax=   7816 watch=0/0 saved=0 gcObj=  214937 qpix=   133 qimg=     0 axisH=  1.0 online=0
2026-08-06 02:43:43 up= 547.0m rss=    -1.0MB thr=  1 pools=  9 campools= 4 children=    27 items=  30132 camTot=   30133 camMax=   7816 watch=0/0 saved=0 gcObj=  214965 qpix=   133 qimg=     0 axisH=  1.0 online=0
2026-08-06 02:44:43 up= 548.0m rss=    -1.0MB thr=  1 pools=  9 campools= 4 children=    27 items=  30132 camTot=   30133 camMax=   7816 watch=0/0 saved=0 gcObj=  214993 qpix=   133 qimg=     0 axisH=  1.0 online=0
2026-08-06 02:45:43 up= 549.0m rss=    -1.0MB thr=  1 pools=  9 campools= 4 children=    27 items=  30132 camTot=   30133 camMax=   7816 watch=0/0 saved=0 gcObj=  215021 qpix=   133 qimg=     0 axisH=  1.0 online=0
2026-08-06 02:46:43 up= 550.0m rss=    -1.0MB thr=  1 pools=  9 campools= 4 children=    27 items=  30132 camTot=   30133 camMax=   7816 watch=0/0 saved=0 gcObj=  215049 qpix=   133 qimg=     0 axisH=  1.0 online=0
2026-08-06 02:47:43 up= 551.0m rss=    -1.0MB thr=  1 pools=  9 campools= 4 children=    27 items=  30132 camTot=   30133 camMax=   7816 watch=0/0 saved=0 gcObj=  215077 qpix=   133 qimg=     0 axisH=  1.0 online=0
2026-08-06 02:48:43 up= 552.0m rss=    -1.0MB thr=  1 pools=  9 campools= 4 children=    27 items=  30132 camTot=   30133 camMax=   7816 watch=0/0 saved=0 gcObj=  215105 qpix=   133 qimg=     0 axisH=  1.0 online=0
2026-08-06 02:49:43 up= 553.0m rss=    -1.0MB thr=  1 pools=  9 campools= 4 children=    27 items=  30132 camTot=   30133 camMax=   7816 watch=0/0 saved=0 gcObj=  215133 qpix=   133 qimg=     0 axisH=  1.0 online=0
2026-08-06 02:50:43 up= 554.0m rss=    -1.0MB thr=  1 pools=  9 campools= 4 children=    27 items=  30132 camTot=   30133 camMax=   7816 watch=0/0 saved=0 gcObj=  215161 qpix=   133 qimg=     0 axisH=  1.0 online=0
2026-08-06 02:51:43 up= 555.0m rss=    -1.0MB thr=  1 pools=  9 campools= 4 children=    27 items=  30132 camTot=   30133 camMax=   7816 watch=0/0 saved=0 gcObj=  215189 qpix=   133 qimg=     0 axisH=  1.0 online=0
2026-08-06 02:52:43 up= 556.0m rss=    -1.0MB thr=  1 pools=  9 campools= 4 children=    27 items=  30132 camTot=   30133 camMax=   7816 watch=0/0 saved=0 gcObj=  215217 qpix=   133 qimg=     0 axisH=  1.0 online=0
2026-08-06 02:53:43 up= 557.0m rss=    -1.0MB thr=  1 pools=  9 campools= 4 children=    27 items=  30132 camTot=   30133 camMax=   7816 watch=0/0 saved=0 gcObj=  215245 qpix=   133 qimg=     0 axisH=  1.0 online=0
2026-08-06 02:54:43 up= 558.0m rss=    -1.0MB thr=  1 pools=  9 campools= 4 children=    27 items=  30132 camTot=   30133 camMax=   7816 watch=0/0 saved=0 gcObj=  215273 qpix=   133 qimg=     0 axisH=  1.0 online=0
2026-08-06 02:55:43 up= 559.0m rss=    -1.0MB thr=  1 pools=  9 campools= 4 children=    27 items=  30132 camTot=   30133 camMax=   7816 watch=0/0 saved=0 gcObj=  215301 qpix=   133 qimg=     0 axisH=  1.0 online=0
2026-08-06 02:56:43 up= 560.0m rss=    -1.0MB thr=  1 pools=  9 campools= 4 children=    27 items=  30132 camTot=   30133 camMax=   7816 watch=0/0 saved=0 gcObj=  215329 qpix=   133 qimg=     0 axisH=  1.0 online=0
2026-08-06 02:57:43 up= 561.0m rss=    -1.0MB thr=  1 pools=  9 campools= 4 children=    27 items=  30132 camTot=   30133 camMax=   7816 watch=0/0 saved=0 gcObj=  215357 qpix=   133 qimg=     0 axisH=  1.0 online=0
2026-08-06 02:58:43 up= 562.0m rss=    -1.0MB thr=  1 pools=  9 campools= 4 children=    27 items=  30132 camTot=   30133 camMax=   7816 watch=0/0 saved=0 gcObj=  215385 qpix=   133 qimg=     0 axisH=  1.0 online=0
2026-08-06 02:59:43 up= 563.0m rss=    -1.0MB thr=  1 pools=  9 campools= 4 children=    27 items=  30132 camTot=   30133 camMax=   7816 watch=0/0 saved=0 gcObj=  215413 qpix=   133 qimg=     0 axisH=  1.0 online=0
2026-08-06 03:00:43 up= 564.0m rss=    -1.0MB thr=  1 pools=  9 campools= 4 children=    27 items=  30132 camTot=   30133 camMax=   7816 watch=0/0 saved=0 gcObj=  215441 qpix=   133 qimg=     0 axisH=  1.0 online=0
2026-08-06 03:01:43 up= 565.0m rss=    -1.0MB thr=  1 pools=  9 campools= 4 children=    27 items=  30132 camTot=   30133 camMax=   7816 watch=0/0 saved=0 gcObj=  215469 qpix=   133 qimg=     0 axisH=  1.0 online=0
2026-08-06 03:02:43 up= 566.0m rss=    -1.0MB thr=  1 pools=  9 campools= 4 children=    27 items=  30132 camTot=   30133 camMax=   7816 watch=0/0 saved=0 gcObj=  215497 qpix=   133 qimg=     0 axisH=  1.0 online=0
2026-08-06 03:03:43 up= 567.0m rss=    -1.0MB thr=  1 pools=  9 campools= 4 children=    27 items=  30132 camTot=   30133 camMax=   7816 watch=0/0 saved=0 gcObj=  215525 qpix=   133 qimg=     0 axisH=  1.0 online=0
2026-08-06 03:04:43 up= 568.0m rss=    -1.0MB thr=  1 pools=  9 campools= 4 children=    27 items=  30132 camTot=   30133 camMax=   7816 watch=0/0 saved=0 gcObj=  215553 qpix=   133 qimg=     0 axisH=  1.0 online=0
2026-08-06 03:05:43 up= 569.0m rss=    -1.0MB thr=  1 pools=  9 campools= 4 children=    27 items=  30132 camTot=   30133 camMax=   7816 watch=0/0 saved=0 gcObj=  215581 qpix=   133 qimg=     0 axisH=  1.0 online=0
2026-08-06 03:06:43 up= 570.0m rss=    -1.0MB thr=  1 pools=  9 campools= 4 children=    27 items=  30132 camTot=   30133 camMax=   7816 watch=0/0 saved=0 gcObj=  215609 qpix=   133 qimg=     0 axisH=  1.0 online=0
2026-08-06 03:07:43 up= 571.0m rss=    -1.0MB thr=  1 pools=  9 campools= 4 children=    27 items=  30132 camTot=   30133 camMax=   7816 watch=0/0 saved=0 gcObj=  215637 qpix=   133 qimg=     0 axisH=  1.0 online=0
2026-08-06 03:08:43 up= 572.0m rss=    -1.0MB thr=  1 pools=  9 campools= 4 children=    27 items=  30132 camTot=   30133 camMax=   7816 watch=0/0 saved=0 gcObj=  215665 qpix=   133 qimg=     0 axisH=  1.0 online=0
2026-08-06 03:09:43 up= 573.0m rss=    -1.0MB thr=  1 pools=  9 campools= 4 children=    27 items=  30132 camTot=   30133 camMax=   7816 watch=0/0 saved=0 gcObj=  215693 qpix=   133 qimg=     0 axisH=  1.0 online=0
2026-08-06 03:10:43 up= 574.0m rss=    -1.0MB thr=  1 pools=  9 campools= 4 children=    27 items=  30132 camTot=   30133 camMax=   7816 watch=0/0 saved=0 gcObj=  215721 qpix=   133 qimg=     0 axisH=  1.0 online=0
2026-08-06 03:11:43 up= 575.0m rss=    -1.0MB thr=  1 pools=  9 campools= 4 children=    27 items=  30132 camTot=   30133 camMax=   7816 watch=0/0 saved=0 gcObj=  215749 qpix=   133 qimg=     0 axisH=  1.0 online=0
2026-08-06 03:12:43 up= 576.0m rss=    -1.0MB thr=  1 pools=  9 campools= 4 children=    27 items=  30132 camTot=   30133 camMax=   7816 watch=0/0 saved=0 gcObj=  215777 qpix=   133 qimg=     0 axisH=  1.0 online=0
2026-08-06 03:13:43 up= 577.0m rss=    -1.0MB thr=  1 pools=  9 campools= 4 children=    27 items=  30132 camTot=   30133 camMax=   7816 watch=0/0 saved=0 gcObj=  215759 qpix=   133 qimg=     0 axisH=  1.0 online=0
2026-08-06 03:14:43 up= 578.0m rss=    -1.0MB thr=  1 pools=  9 campools= 4 children=    27 items=  30132 camTot=   30133 camMax=   7816 watch=0/0 saved=0 gcObj=  215787 qpix=   133 qimg=     0 axisH=  1.0 online=0
2026-08-06 03:15:43 up= 579.0m rss=    -1.0MB thr=  1 pools=  9 campools= 4 children=    27 items=  30132 camTot=   30133 camMax=   7816 watch=0/0 saved=0 gcObj=  215815 qpix=   133 qimg=     0 axisH=  1.0 online=0
2026-08-06 03:16:43 up= 580.0m rss=    -1.0MB thr=  1 pools=  9 campools= 4 children=    27 items=  30132 camTot=   30133 camMax=   7816 watch=0/0 saved=0 gcObj=  215843 qpix=   133 qimg=     0 axisH=  1.0 online=0
2026-08-06 03:17:43 up= 581.0m rss=    -1.0MB thr=  1 pools=  9 campools= 4 children=    27 items=  30132 camTot=   30133 camMax=   7816 watch=0/0 saved=0 gcObj=  215871 qpix=   133 qimg=     0 axisH=  1.0 online=0
2026-08-06 03:18:43 up= 582.0m rss=    -1.0MB thr=  1 pools=  9 campools= 4 children=    27 items=  30132 camTot=   30133 camMax=   7816 watch=0/0 saved=0 gcObj=  215899 qpix=   133 qimg=     0 axisH=  1.0 online=0
2026-08-06 03:19:43 up= 583.0m rss=    -1.0MB thr=  1 pools=  9 campools= 4 children=    27 items=  30132 camTot=   30133 camMax=   7816 watch=0/0 saved=0 gcObj=  215927 qpix=   133 qimg=     0 axisH=  1.0 online=0
2026-08-06 03:20:43 up= 584.0m rss=    -1.0MB thr=  1 pools=  9 campools= 4 children=    27 items=  30132 camTot=   30133 camMax=   7816 watch=0/0 saved=0 gcObj=  215955 qpix=   133 qimg=     0 axisH=  1.0 online=0
2026-08-06 03:21:43 up= 585.0m rss=    -1.0MB thr=  1 pools=  9 campools= 4 children=    27 items=  30132 camTot=   30133 camMax=   7816 watch=0/0 saved=0 gcObj=  215983 qpix=   133 qimg=     0 axisH=  1.0 online=0
2026-08-06 03:22:43 up= 586.0m rss=    -1.0MB thr=  1 pools=  9 campools= 4 children=    27 items=  30132 camTot=   30133 camMax=   7816 watch=0/0 saved=0 gcObj=  216011 qpix=   133 qimg=     0 axisH=  1.0 online=0
2026-08-06 03:23:43 up= 587.0m rss=    -1.0MB thr=  1 pools=  9 campools= 4 children=    27 items=  30132 camTot=   30133 camMax=   7816 watch=0/0 saved=0 gcObj=  216039 qpix=   133 qimg=     0 axisH=  1.0 online=0
2026-08-06 03:24:43 up= 588.0m rss=    -1.0MB thr=  1 pools=  9 campools= 4 children=    27 items=  30132 camTot=   30133 camMax=   7816 watch=0/0 saved=0 gcObj=  216067 qpix=   133 qimg=     0 axisH=  1.0 online=0
2026-08-06 03:25:43 up= 589.0m rss=    -1.0MB thr=  1 pools=  9 campools= 4 children=    27 items=  30132 camTot=   30133 camMax=   7816 watch=0/0 saved=0 gcObj=  216095 qpix=   133 qimg=     0 axisH=  1.0 online=0
2026-08-06 03:26:43 up= 590.0m rss=    -1.0MB thr=  1 pools=  9 campools= 4 children=    27 items=  30132 camTot=   30133 camMax=   7816 watch=0/0 saved=0 gcObj=  216123 qpix=   133 qimg=     0 axisH=  1.0 online=0
2026-08-06 03:27:43 up= 591.0m rss=    -1.0MB thr=  1 pools=  9 campools= 4 children=    27 items=  30132 camTot=   30133 camMax=   7816 watch=0/0 saved=0 gcObj=  216151 qpix=   133 qimg=     0 axisH=  1.0 online=0
2026-08-06 03:28:43 up= 592.0m rss=    -1.0MB thr=  1 pools=  9 campools= 4 children=    27 items=  30132 camTot=   30133 camMax=   7816 watch=0/0 saved=0 gcObj=  216179 qpix=   133 qimg=     0 axisH=  1.0 online=0
2026-08-06 03:29:43 up= 593.0m rss=    -1.0MB thr=  1 pools=  9 campools= 4 children=    27 items=  30132 camTot=   30133 camMax=   7816 watch=0/0 saved=0 gcObj=  216207 qpix=   133 qimg=     0 axisH=  1.0 online=0
2026-08-06 03:30:43 up= 594.0m rss=    -1.0MB thr=  1 pools=  9 campools= 4 children=    27 items=  30132 camTot=   30133 camMax=   7816 watch=0/0 saved=0 gcObj=  216235 qpix=   133 qimg=     0 axisH=  1.0 online=0
2026-08-06 03:31:43 up= 595.0m rss=    -1.0MB thr=  1 pools=  9 campools= 4 children=    27 items=  30132 camTot=   30133 camMax=   7816 watch=0/0 saved=0 gcObj=  216263 qpix=   133 qimg=     0 axisH=  1.0 online=0
2026-08-06 03:32:43 up= 596.0m rss=    -1.0MB thr=  1 pools=  9 campools= 4 children=    27 items=  30132 camTot=   30133 camMax=   7816 watch=0/0 saved=0 gcObj=  216291 qpix=   133 qimg=     0 axisH=  1.0 online=0
2026-08-06 03:33:43 up= 597.0m rss=    -1.0MB thr=  1 pools=  9 campools= 4 children=    27 items=  30132 camTot=   30133 camMax=   7816 watch=0/0 saved=0 gcObj=  216319 qpix=   133 qimg=     0 axisH=  1.0 online=0
2026-08-06 03:34:43 up= 598.0m rss=    -1.0MB thr=  1 pools=  9 campools= 4 children=    27 items=  30132 camTot=   30133 camMax=   7816 watch=0/0 saved=0 gcObj=  216347 qpix=   133 qimg=     0 axisH=  1.0 online=0
2026-08-06 03:35:43 up= 599.0m rss=    -1.0MB thr=  1 pools=  9 campools= 4 children=    27 items=  30132 camTot=   30133 camMax=   7816 watch=0/0 saved=0 gcObj=  216375 qpix=   133 qimg=     0 axisH=  1.0 online=0
2026-08-06 03:36:43 up= 600.0m rss=    -1.0MB thr=  1 pools=  9 campools= 4 children=    27 items=  30132 camTot=   30133 camMax=   7816 watch=0/0 saved=0 gcObj=  216403 qpix=   133 qimg=     0 axisH=  1.0 online=0
2026-08-06 03:37:43 up= 601.0m rss=    -1.0MB thr=  1 pools=  9 campools= 4 children=    27 items=  30132 camTot=   30133 camMax=   7816 watch=0/0 saved=0 gcObj=  216431 qpix=   133 qimg=     0 axisH=  1.0 online=0
2026-08-06 03:38:43 up= 602.0m rss=    -1.0MB thr=  1 pools=  9 campools= 4 children=    27 items=  30132 camTot=   30133 camMax=   7816 watch=0/0 saved=0 gcObj=  216459 qpix=   133 qimg=     0 axisH=  1.0 online=0
2026-08-06 03:39:43 up= 603.0m rss=    -1.0MB thr=  1 pools=  9 campools= 4 children=    27 items=  30132 camTot=   30133 camMax=   7816 watch=0/0 saved=0 gcObj=  216487 qpix=   133 qimg=     0 axisH=  1.0 online=0
2026-08-06 03:40:43 up= 604.0m rss=    -1.0MB thr=  1 pools=  9 campools= 4 children=    27 items=  30132 camTot=   30133 camMax=   7816 watch=0/0 saved=0 gcObj=  216515 qpix=   133 qimg=     0 axisH=  1.0 online=0
2026-08-06 03:41:43 up= 605.0m rss=    -1.0MB thr=  1 pools=  9 campools= 4 children=    27 items=  30132 camTot=   30133 camMax=   7816 watch=0/0 saved=0 gcObj=  216543 qpix=   133 qimg=     0 axisH=  1.0 online=0
2026-08-06 03:42:43 up= 606.0m rss=    -1.0MB thr=  1 pools=  9 campools= 4 children=    27 items=  30132 camTot=   30133 camMax=   7816 watch=0/0 saved=0 gcObj=  216571 qpix=   133 qimg=     0 axisH=  1.0 online=0
2026-08-06 03:43:43 up= 607.0m rss=    -1.0MB thr=  1 pools=  9 campools= 4 children=    27 items=  30132 camTot=   30133 camMax=   7816 watch=0/0 saved=0 gcObj=  216599 qpix=   133 qimg=     0 axisH=  1.0 online=0
2026-08-06 03:44:43 up= 608.0m rss=    -1.0MB thr=  1 pools=  9 campools= 4 children=    27 items=  30132 camTot=   30133 camMax=   7816 watch=0/0 saved=0 gcObj=  216627 qpix=   133 qimg=     0 axisH=  1.0 online=0
2026-08-06 03:45:43 up= 609.0m rss=    -1.0MB thr=  1 pools=  9 campools= 4 children=    27 items=  30132 camTot=   30133 camMax=   7816 watch=0/0 saved=0 gcObj=  216655 qpix=   133 qimg=     0 axisH=  1.0 online=0
2026-08-06 03:46:43 up= 610.0m rss=    -1.0MB thr=  1 pools=  9 campools= 4 children=    27 items=  30132 camTot=   30133 camMax=   7816 watch=0/0 saved=0 gcObj=  216683 qpix=   133 qimg=     0 axisH=  1.0 online=0
2026-08-06 03:47:43 up= 611.0m rss=    -1.0MB thr=  1 pools=  9 campools= 4 children=    27 items=  30132 camTot=   30133 camMax=   7816 watch=0/0 saved=0 gcObj=  216711 qpix=   133 qimg=     0 axisH=  1.0 online=0
2026-08-06 03:48:43 up= 612.0m rss=    -1.0MB thr=  1 pools=  9 campools= 4 children=    27 items=  30132 camTot=   30133 camMax=   7816 watch=0/0 saved=0 gcObj=  216739 qpix=   133 qimg=     0 axisH=  1.0 online=0
2026-08-06 03:49:43 up= 613.0m rss=    -1.0MB thr=  1 pools=  9 campools= 4 children=    27 items=  30132 camTot=   30133 camMax=   7816 watch=0/0 saved=0 gcObj=  216767 qpix=   133 qimg=     0 axisH=  1.0 online=0
2026-08-06 03:50:43 up= 614.0m rss=    -1.0MB thr=  1 pools=  9 campools= 4 children=    27 items=  30132 camTot=   30133 camMax=   7816 watch=0/0 saved=0 gcObj=  216795 qpix=   133 qimg=     0 axisH=  1.0 online=0
2026-08-06 03:51:43 up= 615.0m rss=    -1.0MB thr=  1 pools=  9 campools= 4 children=    27 items=  30132 camTot=   30133 camMax=   7816 watch=0/0 saved=0 gcObj=  216823 qpix=   133 qimg=     0 axisH=  1.0 online=0
2026-08-06 03:52:43 up= 616.0m rss=    -1.0MB thr=  1 pools=  9 campools= 4 children=    27 items=  30132 camTot=   30133 camMax=   7816 watch=0/0 saved=0 gcObj=  216851 qpix=   133 qimg=     0 axisH=  1.0 online=0
2026-08-06 03:53:43 up= 617.0m rss=    -1.0MB thr=  1 pools=  9 campools= 4 children=    27 items=  30132 camTot=   30133 camMax=   7816 watch=0/0 saved=0 gcObj=  216879 qpix=   133 qimg=     0 axisH=  1.0 online=0
2026-08-06 03:54:43 up= 618.0m rss=    -1.0MB thr=  1 pools=  9 campools= 4 children=    27 items=  30132 camTot=   30133 camMax=   7816 watch=0/0 saved=0 gcObj=  216907 qpix=   133 qimg=     0 axisH=  1.0 online=0
2026-08-06 03:55:43 up= 619.0m rss=    -1.0MB thr=  1 pools=  9 campools= 4 children=    27 items=  30132 camTot=   30133 camMax=   7816 watch=0/0 saved=0 gcObj=  216935 qpix=   133 qimg=     0 axisH=  1.0 online=0
2026-08-06 03:56:43 up= 620.0m rss=    -1.0MB thr=  1 pools=  9 campools= 4 children=    27 items=  30132 camTot=   30133 camMax=   7816 watch=0/0 saved=0 gcObj=  216963 qpix=   133 qimg=     0 axisH=  1.0 online=0
2026-08-06 03:57:43 up= 621.0m rss=    -1.0MB thr=  1 pools=  9 campools= 4 children=    27 items=  30132 camTot=   30133 camMax=   7816 watch=0/0 saved=0 gcObj=  216991 qpix=   133 qimg=     0 axisH=  1.0 online=0
2026-08-06 03:58:44 up= 622.0m rss=    -1.0MB thr=  1 pools=  9 campools= 4 children=    27 items=  30132 camTot=   30133 camMax=   7816 watch=0/0 saved=0 gcObj=  216974 qpix=   133 qimg=     0 axisH=  1.0 online=0
2026-08-06 03:59:43 up= 623.0m rss=    -1.0MB thr=  1 pools=  9 campools= 4 children=    27 items=  30132 camTot=   30133 camMax=   7816 watch=0/0 saved=0 gcObj=  217002 qpix=   133 qimg=     0 axisH=  1.0 online=0
2026-08-06 04:00:43 up= 624.0m rss=    -1.0MB thr=  1 pools=  9 campools= 4 children=    27 items=  30132 camTot=   30133 camMax=   7816 watch=0/0 saved=0 gcObj=  217030 qpix=   133 qimg=     0 axisH=  1.0 online=0
2026-08-06 04:01:43 up= 625.0m rss=    -1.0MB thr=  1 pools=  9 campools= 4 children=    27 items=  30132 camTot=   30133 camMax=   7816 watch=0/0 saved=0 gcObj=  217058 qpix=   133 qimg=     0 axisH=  1.0 online=0
2026-08-06 04:02:44 up= 626.0m rss=    -1.0MB thr=  1 pools=  9 campools= 4 children=    27 items=  30132 camTot=   30133 camMax=   7816 watch=0/0 saved=0 gcObj=  217086 qpix=   133 qimg=     0 axisH=  1.0 online=0
2026-08-06 04:03:44 up= 627.0m rss=    -1.0MB thr=  1 pools=  9 campools= 4 children=    27 items=  30132 camTot=   30133 camMax=   7816 watch=0/0 saved=0 gcObj=  217114 qpix=   133 qimg=     0 axisH=  1.0 online=0
2026-08-06 04:04:44 up= 628.0m rss=    -1.0MB thr=  1 pools=  9 campools= 4 children=    27 items=  30132 camTot=   30133 camMax=   7816 watch=0/0 saved=0 gcObj=  217142 qpix=   133 qimg=     0 axisH=  1.0 online=0
2026-08-06 04:05:44 up= 629.0m rss=    -1.0MB thr=  1 pools=  9 campools= 4 children=    27 items=  30132 camTot=   30133 camMax=   7816 watch=0/0 saved=0 gcObj=  217170 qpix=   133 qimg=     0 axisH=  1.0 online=0
2026-08-06 04:06:43 up= 630.0m rss=    -1.0MB thr=  1 pools=  9 campools= 4 children=    27 items=  30132 camTot=   30133 camMax=   7816 watch=0/0 saved=0 gcObj=  217198 qpix=   133 qimg=     0 axisH=  1.0 online=0
2026-08-06 04:07:44 up= 631.0m rss=    -1.0MB thr=  1 pools=  9 campools= 4 children=    27 items=  30132 camTot=   30133 camMax=   7816 watch=0/0 saved=0 gcObj=  217226 qpix=   133 qimg=     0 axisH=  1.0 online=0
2026-08-06 04:08:44 up= 632.0m rss=    -1.0MB thr=  1 pools=  9 campools= 4 children=    27 items=  30132 camTot=   30133 camMax=   7816 watch=0/0 saved=0 gcObj=  217254 qpix=   133 qimg=     0 axisH=  1.0 online=0
2026-08-06 04:09:44 up= 633.0m rss=    -1.0MB thr=  1 pools=  9 campools= 4 children=    27 items=  30132 camTot=   30133 camMax=   7816 watch=0/0 saved=0 gcObj=  217282 qpix=   133 qimg=     0 axisH=  1.0 online=0
2026-08-06 04:10:44 up= 634.0m rss=    -1.0MB thr=  1 pools=  9 campools= 4 children=    27 items=  30132 camTot=   30133 camMax=   7816 watch=0/0 saved=0 gcObj=  217310 qpix=   133 qimg=     0 axisH=  1.0 online=0
2026-08-06 04:11:44 up= 635.0m rss=    -1.0MB thr=  1 pools=  9 campools= 4 children=    27 items=  30132 camTot=   30133 camMax=   7816 watch=0/0 saved=0 gcObj=  217338 qpix=   133 qimg=     0 axisH=  1.0 online=0
2026-08-06 04:12:44 up= 636.0m rss=    -1.0MB thr=  1 pools=  9 campools= 4 children=    27 items=  30132 camTot=   30133 camMax=   7816 watch=0/0 saved=0 gcObj=  217366 qpix=   133 qimg=     0 axisH=  1.0 online=0
2026-08-06 04:13:44 up= 637.0m rss=    -1.0MB thr=  1 pools=  9 campools= 4 children=    27 items=  30132 camTot=   30133 camMax=   7816 watch=0/0 saved=0 gcObj=  217394 qpix=   133 qimg=     0 axisH=  1.0 online=0
2026-08-06 04:14:44 up= 638.0m rss=    -1.0MB thr=  1 pools=  9 campools= 4 children=    27 items=  30132 camTot=   30133 camMax=   7816 watch=0/0 saved=0 gcObj=  217422 qpix=   133 qimg=     0 axisH=  1.0 online=0
2026-08-06 04:15:44 up= 639.0m rss=    -1.0MB thr=  1 pools=  9 campools= 4 children=    27 items=  30132 camTot=   30133 camMax=   7816 watch=0/0 saved=0 gcObj=  217450 qpix=   133 qimg=     0 axisH=  1.0 online=0
2026-08-06 04:16:44 up= 640.0m rss=    -1.0MB thr=  1 pools=  9 campools= 4 children=    27 items=  30132 camTot=   30133 camMax=   7816 watch=0/0 saved=0 gcObj=  217478 qpix=   133 qimg=     0 axisH=  1.0 online=0
2026-08-06 04:17:44 up= 641.0m rss=    -1.0MB thr=  1 pools=  9 campools= 4 children=    27 items=  30132 camTot=   30133 camMax=   7816 watch=0/0 saved=0 gcObj=  217506 qpix=   133 qimg=     0 axisH=  1.0 online=0
2026-08-06 04:18:44 up= 642.0m rss=    -1.0MB thr=  1 pools=  9 campools= 4 children=    27 items=  30132 camTot=   30133 camMax=   7816 watch=0/0 saved=0 gcObj=  217534 qpix=   133 qimg=     0 axisH=  1.0 online=0
2026-08-06 04:19:44 up= 643.0m rss=    -1.0MB thr=  1 pools=  9 campools= 4 children=    27 items=  30132 camTot=   30133 camMax=   7816 watch=0/0 saved=0 gcObj=  217562 qpix=   133 qimg=     0 axisH=  1.0 online=0
2026-08-06 04:20:44 up= 644.0m rss=    -1.0MB thr=  1 pools=  9 campools= 4 children=    27 items=  30132 camTot=   30133 camMax=   7816 watch=0/0 saved=0 gcObj=  217590 qpix=   133 qimg=     0 axisH=  1.0 online=0
2026-08-06 04:21:44 up= 645.0m rss=    -1.0MB thr=  1 pools=  9 campools= 4 children=    27 items=  30132 camTot=   30133 camMax=   7816 watch=0/0 saved=0 gcObj=  217618 qpix=   133 qimg=     0 axisH=  1.0 online=0
2026-08-06 04:22:44 up= 646.0m rss=    -1.0MB thr=  1 pools=  9 campools= 4 children=    27 items=  30132 camTot=   30133 camMax=   7816 watch=0/0 saved=0 gcObj=  217646 qpix=   133 qimg=     0 axisH=  1.0 online=0
2026-08-06 04:23:44 up= 647.0m rss=    -1.0MB thr=  1 pools=  9 campools= 4 children=    27 items=  30132 camTot=   30133 camMax=   7816 watch=0/0 saved=0 gcObj=  217674 qpix=   133 qimg=     0 axisH=  1.0 online=0
2026-08-06 04:24:44 up= 648.0m rss=    -1.0MB thr=  1 pools=  9 campools= 4 children=    27 items=  30132 camTot=   30133 camMax=   7816 watch=0/0 saved=0 gcObj=  217702 qpix=   133 qimg=     0 axisH=  1.0 online=0
2026-08-06 04:25:44 up= 649.0m rss=    -1.0MB thr=  1 pools=  9 campools= 4 children=    27 items=  30132 camTot=   30133 camMax=   7816 watch=0/0 saved=0 gcObj=  217730 qpix=   133 qimg=     0 axisH=  1.0 online=0
2026-08-06 04:26:44 up= 650.0m rss=    -1.0MB thr=  1 pools=  9 campools= 4 children=    27 items=  30132 camTot=   30133 camMax=   7816 watch=0/0 saved=0 gcObj=  217758 qpix=   133 qimg=     0 axisH=  1.0 online=0
2026-08-06 04:27:44 up= 651.0m rss=    -1.0MB thr=  1 pools=  9 campools= 4 children=    27 items=  30132 camTot=   30133 camMax=   7816 watch=0/0 saved=0 gcObj=  217786 qpix=   133 qimg=     0 axisH=  1.0 online=0
2026-08-06 04:28:44 up= 652.0m rss=    -1.0MB thr=  1 pools=  9 campools= 4 children=    27 items=  30132 camTot=   30133 camMax=   7816 watch=0/0 saved=0 gcObj=  217814 qpix=   133 qimg=     0 axisH=  1.0 online=0
2026-08-06 04:29:44 up= 653.0m rss=    -1.0MB thr=  1 pools=  9 campools= 4 children=    27 items=  30132 camTot=   30133 camMax=   7816 watch=0/0 saved=0 gcObj=  217842 qpix=   133 qimg=     0 axisH=  1.0 online=0
2026-08-06 04:30:44 up= 654.0m rss=    -1.0MB thr=  1 pools=  9 campools= 4 children=    27 items=  30132 camTot=   30133 camMax=   7816 watch=0/0 saved=0 gcObj=  217870 qpix=   133 qimg=     0 axisH=  1.0 online=0
2026-08-06 04:31:44 up= 655.0m rss=    -1.0MB thr=  1 pools=  9 campools= 4 children=    27 items=  30132 camTot=   30133 camMax=   7816 watch=0/0 saved=0 gcObj=  217898 qpix=   133 qimg=     0 axisH=  1.0 online=0
2026-08-06 04:32:44 up= 656.0m rss=    -1.0MB thr=  1 pools=  9 campools= 4 children=    27 items=  30132 camTot=   30133 camMax=   7816 watch=0/0 saved=0 gcObj=  217926 qpix=   133 qimg=     0 axisH=  1.0 online=0
2026-08-06 04:33:44 up= 657.0m rss=    -1.0MB thr=  1 pools=  9 campools= 4 children=    27 items=  30132 camTot=   30133 camMax=   7816 watch=0/0 saved=0 gcObj=  217954 qpix=   133 qimg=     0 axisH=  1.0 online=0
2026-08-06 04:34:44 up= 658.0m rss=    -1.0MB thr=  1 pools=  9 campools= 4 children=    27 items=  30132 camTot=   30133 camMax=   7816 watch=0/0 saved=0 gcObj=  217982 qpix=   133 qimg=     0 axisH=  1.0 online=0
2026-08-06 04:35:44 up= 659.0m rss=    -1.0MB thr=  1 pools=  9 campools= 4 children=    27 items=  30132 camTot=   30133 camMax=   7816 watch=0/0 saved=0 gcObj=  218010 qpix=   133 qimg=     0 axisH=  1.0 online=0
2026-08-06 04:36:44 up= 660.0m rss=    -1.0MB thr=  1 pools=  9 campools= 4 children=    27 items=  30132 camTot=   30133 camMax=   7816 watch=0/0 saved=0 gcObj=  218038 qpix=   133 qimg=     0 axisH=  1.0 online=0
2026-08-06 04:37:44 up= 661.0m rss=    -1.0MB thr=  1 pools=  9 campools= 4 children=    27 items=  30132 camTot=   30133 camMax=   7816 watch=0/0 saved=0 gcObj=  218066 qpix=   133 qimg=     0 axisH=  1.0 online=0
2026-08-06 04:38:44 up= 662.0m rss=    -1.0MB thr=  1 pools=  9 campools= 4 children=    27 items=  30132 camTot=   30133 camMax=   7816 watch=0/0 saved=0 gcObj=  218094 qpix=   133 qimg=     0 axisH=  1.0 online=0
2026-08-06 04:39:44 up= 663.0m rss=    -1.0MB thr=  1 pools=  9 campools= 4 children=    27 items=  30132 camTot=   30133 camMax=   7816 watch=0/0 saved=0 gcObj=  218122 qpix=   133 qimg=     0 axisH=  1.0 online=0
2026-08-06 04:40:44 up= 664.0m rss=    -1.0MB thr=  1 pools=  9 campools= 4 children=    27 items=  30132 camTot=   30133 camMax=   7816 watch=0/0 saved=0 gcObj=  218150 qpix=   133 qimg=     0 axisH=  1.0 online=0
2026-08-06 04:41:44 up= 665.0m rss=    -1.0MB thr=  1 pools=  9 campools= 4 children=    27 items=  30132 camTot=   30133 camMax=   7816 watch=0/0 saved=0 gcObj=  218135 qpix=   133 qimg=     0 axisH=  1.0 online=0
2026-08-06 04:42:44 up= 666.0m rss=    -1.0MB thr=  1 pools=  9 campools= 4 children=    27 items=  30132 camTot=   30133 camMax=   7816 watch=0/0 saved=0 gcObj=  218163 qpix=   133 qimg=     0 axisH=  1.0 online=0
2026-08-06 04:43:44 up= 667.0m rss=    -1.0MB thr=  1 pools=  9 campools= 4 children=    27 items=  30132 camTot=   30133 camMax=   7816 watch=0/0 saved=0 gcObj=  218191 qpix=   133 qimg=     0 axisH=  1.0 online=0
2026-08-06 04:44:44 up= 668.0m rss=    -1.0MB thr=  1 pools=  9 campools= 4 children=    27 items=  30132 camTot=   30133 camMax=   7816 watch=0/0 saved=0 gcObj=  218219 qpix=   133 qimg=     0 axisH=  1.0 online=0
2026-08-06 04:45:44 up= 669.0m rss=    -1.0MB thr=  1 pools=  9 campools= 4 children=    27 items=  30132 camTot=   30133 camMax=   7816 watch=0/0 saved=0 gcObj=  218247 qpix=   133 qimg=     0 axisH=  1.0 online=0
2026-08-06 04:46:44 up= 670.0m rss=    -1.0MB thr=  1 pools=  9 campools= 4 children=    27 items=  30132 camTot=   30133 camMax=   7816 watch=0/0 saved=0 gcObj=  218275 qpix=   133 qimg=     0 axisH=  1.0 online=0
2026-08-06 04:47:44 up= 671.0m rss=    -1.0MB thr=  1 pools=  9 campools= 4 children=    27 items=  30132 camTot=   30133 camMax=   7816 watch=0/0 saved=0 gcObj=  218303 qpix=   133 qimg=     0 axisH=  1.0 online=0
2026-08-06 04:48:44 up= 672.0m rss=    -1.0MB thr=  1 pools=  9 campools= 4 children=    27 items=  30132 camTot=   30133 camMax=   7816 watch=0/0 saved=0 gcObj=  218331 qpix=   133 qimg=     0 axisH=  1.0 online=0
2026-08-06 04:49:44 up= 673.0m rss=    -1.0MB thr=  1 pools=  9 campools= 4 children=    27 items=  30132 camTot=   30133 camMax=   7816 watch=0/0 saved=0 gcObj=  218359 qpix=   133 qimg=     0 axisH=  1.0 online=0
2026-08-06 04:50:44 up= 674.0m rss=    -1.0MB thr=  1 pools=  9 campools= 4 children=    27 items=  30132 camTot=   30133 camMax=   7816 watch=0/0 saved=0 gcObj=  218387 qpix=   133 qimg=     0 axisH=  1.0 online=0
2026-08-06 04:51:44 up= 675.0m rss=    -1.0MB thr=  1 pools=  9 campools= 4 children=    27 items=  30132 camTot=   30133 camMax=   7816 watch=0/0 saved=0 gcObj=  218415 qpix=   133 qimg=     0 axisH=  1.0 online=0
2026-08-06 04:52:44 up= 676.0m rss=    -1.0MB thr=  1 pools=  9 campools= 4 children=    27 items=  30132 camTot=   30133 camMax=   7816 watch=0/0 saved=0 gcObj=  218443 qpix=   133 qimg=     0 axisH=  1.0 online=0
2026-08-06 04:53:44 up= 677.0m rss=    -1.0MB thr=  1 pools=  9 campools= 4 children=    27 items=  30132 camTot=   30133 camMax=   7816 watch=0/0 saved=0 gcObj=  218471 qpix=   133 qimg=     0 axisH=  1.0 online=0
2026-08-06 04:54:44 up= 678.0m rss=    -1.0MB thr=  1 pools=  9 campools= 4 children=    27 items=  30132 camTot=   30133 camMax=   7816 watch=0/0 saved=0 gcObj=  218499 qpix=   133 qimg=     0 axisH=  1.0 online=0
2026-08-06 04:55:44 up= 679.0m rss=    -1.0MB thr=  1 pools=  9 campools= 4 children=    27 items=  30132 camTot=   30133 camMax=   7816 watch=0/0 saved=0 gcObj=  218527 qpix=   133 qimg=     0 axisH=  1.0 online=0
2026-08-06 04:56:44 up= 680.0m rss=    -1.0MB thr=  1 pools=  9 campools= 4 children=    27 items=  30132 camTot=   30133 camMax=   7816 watch=0/0 saved=0 gcObj=  218555 qpix=   133 qimg=     0 axisH=  1.0 online=0
2026-08-06 04:57:44 up= 681.0m rss=    -1.0MB thr=  1 pools=  9 campools= 4 children=    27 items=  30132 camTot=   30133 camMax=   7816 watch=0/0 saved=0 gcObj=  218583 qpix=   133 qimg=     0 axisH=  1.0 online=0
2026-08-06 04:58:44 up= 682.0m rss=    -1.0MB thr=  1 pools=  9 campools= 4 children=    27 items=  30132 camTot=   30133 camMax=   7816 watch=0/0 saved=0 gcObj=  218611 qpix=   133 qimg=     0 axisH=  1.0 online=0
2026-08-06 04:59:44 up= 683.0m rss=    -1.0MB thr=  1 pools=  9 campools= 4 children=    27 items=  30132 camTot=   30133 camMax=   7816 watch=0/0 saved=0 gcObj=  218639 qpix=   133 qimg=     0 axisH=  1.0 online=0
2026-08-06 05:00:44 up= 684.0m rss=    -1.0MB thr=  1 pools=  9 campools= 4 children=    27 items=  30132 camTot=   30133 camMax=   7816 watch=0/0 saved=0 gcObj=  218667 qpix=   133 qimg=     0 axisH=  1.0 online=0
2026-08-06 05:01:44 up= 685.0m rss=    -1.0MB thr=  1 pools=  9 campools= 4 children=    27 items=  30132 camTot=   30133 camMax=   7816 watch=0/0 saved=0 gcObj=  218695 qpix=   133 qimg=     0 axisH=  1.0 online=0
2026-08-06 05:02:44 up= 686.0m rss=    -1.0MB thr=  1 pools=  9 campools= 4 children=    27 items=  30132 camTot=   30133 camMax=   7816 watch=0/0 saved=0 gcObj=  218723 qpix=   133 qimg=     0 axisH=  1.0 online=0
2026-08-06 05:03:44 up= 687.0m rss=    -1.0MB thr=  1 pools=  9 campools= 4 children=    27 items=  30132 camTot=   30133 camMax=   7816 watch=0/0 saved=0 gcObj=  218751 qpix=   133 qimg=     0 axisH=  1.0 online=0
2026-08-06 05:04:44 up= 688.0m rss=    -1.0MB thr=  1 pools=  9 campools= 4 children=    27 items=  30132 camTot=   30133 camMax=   7816 watch=0/0 saved=0 gcObj=  218779 qpix=   133 qimg=     0 axisH=  1.0 online=0
2026-08-06 05:05:44 up= 689.0m rss=    -1.0MB thr=  1 pools=  9 campools= 4 children=    27 items=  30132 camTot=   30133 camMax=   7816 watch=0/0 saved=0 gcObj=  218807 qpix=   133 qimg=     0 axisH=  1.0 online=0
2026-08-06 05:06:44 up= 690.0m rss=    -1.0MB thr=  1 pools=  9 campools= 4 children=    27 items=  30132 camTot=   30133 camMax=   7816 watch=0/0 saved=0 gcObj=  218835 qpix=   133 qimg=     0 axisH=  1.0 online=0
2026-08-06 05:07:44 up= 691.0m rss=    -1.0MB thr=  1 pools=  9 campools= 4 children=    27 items=  30132 camTot=   30133 camMax=   7816 watch=0/0 saved=0 gcObj=  218863 qpix=   133 qimg=     0 axisH=  1.0 online=0
2026-08-06 05:08:44 up= 692.0m rss=    -1.0MB thr=  1 pools=  9 campools= 4 children=    27 items=  30132 camTot=   30133 camMax=   7816 watch=0/0 saved=0 gcObj=  218891 qpix=   133 qimg=     0 axisH=  1.0 online=0
2026-08-06 05:09:44 up= 693.0m rss=    -1.0MB thr=  1 pools=  9 campools= 4 children=    27 items=  30132 camTot=   30133 camMax=   7816 watch=0/0 saved=0 gcObj=  218919 qpix=   133 qimg=     0 axisH=  1.0 online=0
2026-08-06 05:10:44 up= 694.0m rss=    -1.0MB thr=  1 pools=  9 campools= 4 children=    27 items=  30132 camTot=   30133 camMax=   7816 watch=0/0 saved=0 gcObj=  218947 qpix=   133 qimg=     0 axisH=  1.0 online=0
2026-08-06 05:11:44 up= 695.0m rss=    -1.0MB thr=  1 pools=  9 campools= 4 children=    27 items=  30132 camTot=   30133 camMax=   7816 watch=0/0 saved=0 gcObj=  218975 qpix=   133 qimg=     0 axisH=  1.0 online=0
2026-08-06 05:12:44 up= 696.0m rss=    -1.0MB thr=  1 pools=  9 campools= 4 children=    27 items=  30132 camTot=   30133 camMax=   7816 watch=0/0 saved=0 gcObj=  219003 qpix=   133 qimg=     0 axisH=  1.0 online=0
2026-08-06 05:13:44 up= 697.0m rss=    -1.0MB thr=  1 pools=  9 campools= 4 children=    27 items=  30132 camTot=   30133 camMax=   7816 watch=0/0 saved=0 gcObj=  219031 qpix=   133 qimg=     0 axisH=  1.0 online=0
2026-08-06 05:14:44 up= 698.0m rss=    -1.0MB thr=  1 pools=  9 campools= 4 children=    27 items=  30132 camTot=   30133 camMax=   7816 watch=0/0 saved=0 gcObj=  219059 qpix=   133 qimg=     0 axisH=  1.0 online=0
2026-08-06 05:15:44 up= 699.0m rss=    -1.0MB thr=  1 pools=  9 campools= 4 children=    27 items=  30132 camTot=   30133 camMax=   7816 watch=0/0 saved=0 gcObj=  219087 qpix=   133 qimg=     0 axisH=  1.0 online=0
2026-08-06 05:16:44 up= 700.0m rss=    -1.0MB thr=  1 pools=  9 campools= 4 children=    27 items=  30132 camTot=   30133 camMax=   7816 watch=0/0 saved=0 gcObj=  219115 qpix=   133 qimg=     0 axisH=  1.0 online=0
2026-08-06 05:17:44 up= 701.0m rss=    -1.0MB thr=  1 pools=  9 campools= 4 children=    27 items=  30132 camTot=   30133 camMax=   7816 watch=0/0 saved=0 gcObj=  219143 qpix=   133 qimg=     0 axisH=  1.0 online=0
2026-08-06 05:18:44 up= 702.0m rss=    -1.0MB thr=  1 pools=  9 campools= 4 children=    27 items=  30132 camTot=   30133 camMax=   7816 watch=0/0 saved=0 gcObj=  219171 qpix=   133 qimg=     0 axisH=  1.0 online=0
2026-08-06 05:19:44 up= 703.0m rss=    -1.0MB thr=  1 pools=  9 campools= 4 children=    27 items=  30132 camTot=   30133 camMax=   7816 watch=0/0 saved=0 gcObj=  219199 qpix=   133 qimg=     0 axisH=  1.0 online=0
2026-08-06 05:20:44 up= 704.0m rss=    -1.0MB thr=  1 pools=  9 campools= 4 children=    27 items=  30132 camTot=   30133 camMax=   7816 watch=0/0 saved=0 gcObj=  219227 qpix=   133 qimg=     0 axisH=  1.0 online=0
2026-08-06 05:21:44 up= 705.0m rss=    -1.0MB thr=  1 pools=  9 campools= 4 children=    27 items=  30132 camTot=   30133 camMax=   7816 watch=0/0 saved=0 gcObj=  219255 qpix=   133 qimg=     0 axisH=  1.0 online=0
2026-08-06 05:22:44 up= 706.0m rss=    -1.0MB thr=  1 pools=  9 campools= 4 children=    27 items=  30132 camTot=   30133 camMax=   7816 watch=0/0 saved=0 gcObj=  219283 qpix=   133 qimg=     0 axisH=  1.0 online=0
2026-08-06 05:23:44 up= 707.0m rss=    -1.0MB thr=  1 pools=  9 campools= 4 children=    27 items=  30132 camTot=   30133 camMax=   7816 watch=0/0 saved=0 gcObj=  219311 qpix=   133 qimg=     0 axisH=  1.0 online=0
2026-08-06 05:24:44 up= 708.0m rss=    -1.0MB thr=  1 pools=  9 campools= 4 children=    27 items=  30132 camTot=   30133 camMax=   7816 watch=0/0 saved=0 gcObj=  219296 qpix=   133 qimg=     0 axisH=  1.0 online=0
2026-08-06 05:25:44 up= 709.0m rss=    -1.0MB thr=  1 pools=  9 campools= 4 children=    27 items=  30132 camTot=   30133 camMax=   7816 watch=0/0 saved=0 gcObj=  219324 qpix=   133 qimg=     0 axisH=  1.0 online=0
2026-08-06 05:26:44 up= 710.0m rss=    -1.0MB thr=  1 pools=  9 campools= 4 children=    27 items=  30132 camTot=   30133 camMax=   7816 watch=0/0 saved=0 gcObj=  219352 qpix=   133 qimg=     0 axisH=  1.0 online=0
2026-08-06 05:27:44 up= 711.0m rss=    -1.0MB thr=  1 pools=  9 campools= 4 children=    27 items=  30132 camTot=   30133 camMax=   7816 watch=0/0 saved=0 gcObj=  219380 qpix=   133 qimg=     0 axisH=  1.0 online=0
2026-08-06 05:28:44 up= 712.0m rss=    -1.0MB thr=  1 pools=  9 campools= 4 children=    27 items=  30132 camTot=   30133 camMax=   7816 watch=0/0 saved=0 gcObj=  219408 qpix=   133 qimg=     0 axisH=  1.0 online=0
2026-08-06 05:29:44 up= 713.0m rss=    -1.0MB thr=  1 pools=  9 campools= 4 children=    27 items=  30132 camTot=   30133 camMax=   7816 watch=0/0 saved=0 gcObj=  219436 qpix=   133 qimg=     0 axisH=  1.0 online=0
2026-08-06 05:30:44 up= 714.0m rss=    -1.0MB thr=  1 pools=  9 campools= 4 children=    27 items=  30132 camTot=   30133 camMax=   7816 watch=0/0 saved=0 gcObj=  219464 qpix=   133 qimg=     0 axisH=  1.0 online=0
2026-08-06 05:31:44 up= 715.0m rss=    -1.0MB thr=  1 pools=  9 campools= 4 children=    27 items=  30132 camTot=   30133 camMax=   7816 watch=0/0 saved=0 gcObj=  219492 qpix=   133 qimg=     0 axisH=  1.0 online=0
2026-08-06 05:32:44 up= 716.0m rss=    -1.0MB thr=  1 pools=  9 campools= 4 children=    27 items=  30132 camTot=   30133 camMax=   7816 watch=0/0 saved=0 gcObj=  219520 qpix=   133 qimg=     0 axisH=  1.0 online=0
2026-08-06 05:33:44 up= 717.0m rss=    -1.0MB thr=  1 pools=  9 campools= 4 children=    27 items=  30132 camTot=   30133 camMax=   7816 watch=0/0 saved=0 gcObj=  219548 qpix=   133 qimg=     0 axisH=  1.0 online=0
2026-08-06 05:34:44 up= 718.0m rss=    -1.0MB thr=  1 pools=  9 campools= 4 children=    27 items=  30132 camTot=   30133 camMax=   7816 watch=0/0 saved=0 gcObj=  219576 qpix=   133 qimg=     0 axisH=  1.0 online=0
2026-08-06 05:35:44 up= 719.0m rss=    -1.0MB thr=  1 pools=  9 campools= 4 children=    27 items=  30132 camTot=   30133 camMax=   7816 watch=0/0 saved=0 gcObj=  219604 qpix=   133 qimg=     0 axisH=  1.0 online=0
2026-08-06 05:36:44 up= 720.0m rss=    -1.0MB thr=  1 pools=  9 campools= 4 children=    27 items=  30132 camTot=   30133 camMax=   7816 watch=0/0 saved=0 gcObj=  219632 qpix=   133 qimg=     0 axisH=  1.0 online=0
2026-08-06 05:37:44 up= 721.0m rss=    -1.0MB thr=  1 pools=  9 campools= 4 children=    27 items=  30132 camTot=   30133 camMax=   7816 watch=0/0 saved=0 gcObj=  219660 qpix=   133 qimg=     0 axisH=  1.0 online=0
2026-08-06 05:38:44 up= 722.0m rss=    -1.0MB thr=  1 pools=  9 campools= 4 children=    27 items=  30132 camTot=   30133 camMax=   7816 watch=0/0 saved=0 gcObj=  219688 qpix=   133 qimg=     0 axisH=  1.0 online=0
2026-08-06 05:39:44 up= 723.0m rss=    -1.0MB thr=  1 pools=  9 campools= 4 children=    27 items=  30132 camTot=   30133 camMax=   7816 watch=0/0 saved=0 gcObj=  219716 qpix=   133 qimg=     0 axisH=  1.0 online=0
2026-08-06 05:40:44 up= 724.0m rss=    -1.0MB thr=  1 pools=  9 campools= 4 children=    27 items=  30132 camTot=   30133 camMax=   7816 watch=0/0 saved=0 gcObj=  219744 qpix=   133 qimg=     0 axisH=  1.0 online=0
2026-08-06 05:41:44 up= 725.0m rss=    -1.0MB thr=  1 pools=  9 campools= 4 children=    27 items=  30132 camTot=   30133 camMax=   7816 watch=0/0 saved=0 gcObj=  219772 qpix=   133 qimg=     0 axisH=  1.0 online=0
2026-08-06 05:42:44 up= 726.0m rss=    -1.0MB thr=  1 pools=  9 campools= 4 children=    27 items=  30132 camTot=   30133 camMax=   7816 watch=0/0 saved=0 gcObj=  219800 qpix=   133 qimg=     0 axisH=  1.0 online=0
2026-08-06 05:43:44 up= 727.0m rss=    -1.0MB thr=  1 pools=  9 campools= 4 children=    27 items=  30132 camTot=   30133 camMax=   7816 watch=0/0 saved=0 gcObj=  219828 qpix=   133 qimg=     0 axisH=  1.0 online=0
2026-08-06 05:44:44 up= 728.0m rss=    -1.0MB thr=  1 pools=  9 campools= 4 children=    27 items=  30132 camTot=   30133 camMax=   7816 watch=0/0 saved=0 gcObj=  219856 qpix=   133 qimg=     0 axisH=  1.0 online=0
2026-08-06 05:45:44 up= 729.0m rss=    -1.0MB thr=  1 pools=  9 campools= 4 children=    27 items=  30132 camTot=   30133 camMax=   7816 watch=0/0 saved=0 gcObj=  219884 qpix=   133 qimg=     0 axisH=  1.0 online=0
2026-08-06 05:46:44 up= 730.0m rss=    -1.0MB thr=  1 pools=  9 campools= 4 children=    27 items=  30132 camTot=   30133 camMax=   7816 watch=0/0 saved=0 gcObj=  219912 qpix=   133 qimg=     0 axisH=  1.0 online=0
2026-08-06 05:47:44 up= 731.0m rss=    -1.0MB thr=  1 pools=  9 campools= 4 children=    27 items=  30132 camTot=   30133 camMax=   7816 watch=0/0 saved=0 gcObj=  219940 qpix=   133 qimg=     0 axisH=  1.0 online=0
2026-08-06 05:48:44 up= 732.0m rss=    -1.0MB thr=  1 pools=  9 campools= 4 children=    27 items=  30132 camTot=   30133 camMax=   7816 watch=0/0 saved=0 gcObj=  219968 qpix=   133 qimg=     0 axisH=  1.0 online=0
2026-08-06 05:49:44 up= 733.0m rss=    -1.0MB thr=  1 pools=  9 campools= 4 children=    27 items=  30132 camTot=   30133 camMax=   7816 watch=0/0 saved=0 gcObj=  219996 qpix=   133 qimg=     0 axisH=  1.0 online=0
2026-08-06 05:50:44 up= 734.0m rss=    -1.0MB thr=  1 pools=  9 campools= 4 children=    27 items=  30132 camTot=   30133 camMax=   7816 watch=0/0 saved=0 gcObj=  220024 qpix=   133 qimg=     0 axisH=  1.0 online=0
2026-08-06 05:51:44 up= 735.0m rss=    -1.0MB thr=  1 pools=  9 campools= 4 children=    27 items=  30132 camTot=   30133 camMax=   7816 watch=0/0 saved=0 gcObj=  220052 qpix=   133 qimg=     0 axisH=  1.0 online=0
2026-08-06 05:52:44 up= 736.0m rss=    -1.0MB thr=  1 pools=  9 campools= 4 children=    27 items=  30132 camTot=   30133 camMax=   7816 watch=0/0 saved=0 gcObj=  220080 qpix=   133 qimg=     0 axisH=  1.0 online=0
2026-08-06 05:53:44 up= 737.0m rss=    -1.0MB thr=  1 pools=  9 campools= 4 children=    27 items=  30132 camTot=   30133 camMax=   7816 watch=0/0 saved=0 gcObj=  220108 qpix=   133 qimg=     0 axisH=  1.0 online=0
2026-08-06 05:54:44 up= 738.0m rss=    -1.0MB thr=  1 pools=  9 campools= 4 children=    27 items=  30132 camTot=   30133 camMax=   7816 watch=0/0 saved=0 gcObj=  220136 qpix=   133 qimg=     0 axisH=  1.0 online=0
2026-08-06 05:55:44 up= 739.0m rss=    -1.0MB thr=  1 pools=  9 campools= 4 children=    27 items=  30132 camTot=   30133 camMax=   7816 watch=0/0 saved=0 gcObj=  220164 qpix=   133 qimg=     0 axisH=  1.0 online=0
2026-08-06 05:56:44 up= 740.0m rss=    -1.0MB thr=  1 pools=  9 campools= 4 children=    27 items=  30132 camTot=   30133 camMax=   7816 watch=0/0 saved=0 gcObj=  220192 qpix=   133 qimg=     0 axisH=  1.0 online=0
2026-08-06 05:57:44 up= 741.0m rss=    -1.0MB thr=  1 pools=  9 campools= 4 children=    27 items=  30132 camTot=   30133 camMax=   7816 watch=0/0 saved=0 gcObj=  220220 qpix=   133 qimg=     0 axisH=  1.0 online=0
2026-08-06 05:58:44 up= 742.0m rss=    -1.0MB thr=  1 pools=  9 campools= 4 children=    27 items=  30132 camTot=   30133 camMax=   7816 watch=0/0 saved=0 gcObj=  220248 qpix=   133 qimg=     0 axisH=  1.0 online=0
2026-08-06 05:59:44 up= 743.0m rss=    -1.0MB thr=  1 pools=  9 campools= 4 children=    27 items=  30132 camTot=   30133 camMax=   7816 watch=0/0 saved=0 gcObj=  219295 qpix=   133 qimg=     0 axisH=  1.0 online=0
2026-08-06 06:00:44 up= 744.0m rss=    -1.0MB thr=  1 pools=  9 campools= 4 children=    27 items=  30132 camTot=   30133 camMax=   7816 watch=0/0 saved=0 gcObj=  219323 qpix=   133 qimg=     0 axisH=  1.0 online=0
2026-08-06 06:01:44 up= 745.0m rss=    -1.0MB thr=  1 pools=  9 campools= 4 children=    27 items=  30132 camTot=   30133 camMax=   7816 watch=0/0 saved=0 gcObj=  219351 qpix=   133 qimg=     0 axisH=  1.0 online=0
2026-08-06 06:02:44 up= 746.0m rss=    -1.0MB thr=  1 pools=  9 campools= 4 children=    27 items=  30132 camTot=   30133 camMax=   7816 watch=0/0 saved=0 gcObj=  219379 qpix=   133 qimg=     0 axisH=  1.0 online=0
2026-08-06 06:03:44 up= 747.0m rss=    -1.0MB thr=  1 pools=  9 campools= 4 children=    27 items=  30132 camTot=   30133 camMax=   7816 watch=0/0 saved=0 gcObj=  219407 qpix=   133 qimg=     0 axisH=  1.0 online=0
2026-08-06 06:04:44 up= 748.0m rss=    -1.0MB thr=  1 pools=  9 campools= 4 children=    27 items=  30132 camTot=   30133 camMax=   7816 watch=0/0 saved=0 gcObj=  219435 qpix=   133 qimg=     0 axisH=  1.0 online=0
2026-08-06 06:05:44 up= 749.0m rss=    -1.0MB thr=  1 pools=  9 campools= 4 children=    27 items=  30132 camTot=   30133 camMax=   7816 watch=0/0 saved=0 gcObj=  219463 qpix=   133 qimg=     0 axisH=  1.0 online=0
2026-08-06 06:06:44 up= 750.0m rss=    -1.0MB thr=  1 pools=  9 campools= 4 children=    27 items=  30132 camTot=   30133 camMax=   7816 watch=0/0 saved=0 gcObj=  219491 qpix=   133 qimg=     0 axisH=  1.0 online=0
2026-08-06 06:07:44 up= 751.0m rss=    -1.0MB thr=  1 pools=  9 campools= 4 children=    27 items=  30132 camTot=   30133 camMax=   7816 watch=0/0 saved=0 gcObj=  219519 qpix=   133 qimg=     0 axisH=  1.0 online=0
2026-08-06 06:08:44 up= 752.0m rss=    -1.0MB thr=  1 pools=  9 campools= 4 children=    27 items=  30132 camTot=   30133 camMax=   7816 watch=0/0 saved=0 gcObj=  219547 qpix=   133 qimg=     0 axisH=  1.0 online=0
2026-08-06 06:09:44 up= 753.0m rss=    -1.0MB thr=  1 pools=  9 campools= 4 children=    27 items=  30132 camTot=   30133 camMax=   7816 watch=0/0 saved=0 gcObj=  219575 qpix=   133 qimg=     0 axisH=  1.0 online=0
2026-08-06 06:10:44 up= 754.0m rss=    -1.0MB thr=  1 pools=  9 campools= 4 children=    27 items=  30132 camTot=   30133 camMax=   7816 watch=0/0 saved=0 gcObj=  219603 qpix=   133 qimg=     0 axisH=  1.0 online=0
2026-08-06 06:11:44 up= 755.0m rss=    -1.0MB thr=  1 pools=  9 campools= 4 children=    27 items=  30132 camTot=   30133 camMax=   7816 watch=0/0 saved=0 gcObj=  219631 qpix=   133 qimg=     0 axisH=  1.0 online=0
2026-08-06 06:12:44 up= 756.0m rss=    -1.0MB thr=  1 pools=  9 campools= 4 children=    27 items=  30132 camTot=   30133 camMax=   7816 watch=0/0 saved=0 gcObj=  219659 qpix=   133 qimg=     0 axisH=  1.0 online=0
2026-08-06 06:13:44 up= 757.0m rss=    -1.0MB thr=  1 pools=  9 campools= 4 children=    27 items=  30132 camTot=   30133 camMax=   7816 watch=0/0 saved=0 gcObj=  219687 qpix=   133 qimg=     0 axisH=  1.0 online=0
2026-08-06 06:14:44 up= 758.0m rss=    -1.0MB thr=  1 pools=  9 campools= 4 children=    27 items=  30132 camTot=   30133 camMax=   7816 watch=0/0 saved=0 gcObj=  219715 qpix=   133 qimg=     0 axisH=  1.0 online=0
2026-08-06 06:15:44 up= 759.0m rss=    -1.0MB thr=  1 pools=  9 campools= 4 children=    27 items=  30132 camTot=   30133 camMax=   7816 watch=0/0 saved=0 gcObj=  219743 qpix=   133 qimg=     0 axisH=  1.0 online=0
2026-08-06 06:16:44 up= 760.0m rss=    -1.0MB thr=  1 pools=  9 campools= 4 children=    27 items=  30132 camTot=   30133 camMax=   7816 watch=0/0 saved=0 gcObj=  219771 qpix=   133 qimg=     0 axisH=  1.0 online=0
2026-08-06 06:17:44 up= 761.0m rss=    -1.0MB thr=  1 pools=  9 campools= 4 children=    27 items=  30132 camTot=   30133 camMax=   7816 watch=0/0 saved=0 gcObj=  219799 qpix=   133 qimg=     0 axisH=  1.0 online=0
2026-08-06 06:18:44 up= 762.0m rss=    -1.0MB thr=  1 pools=  9 campools= 4 children=    27 items=  30132 camTot=   30133 camMax=   7816 watch=0/0 saved=0 gcObj=  219827 qpix=   133 qimg=     0 axisH=  1.0 online=0
2026-08-06 06:19:44 up= 763.0m rss=    -1.0MB thr=  1 pools=  9 campools= 4 children=    27 items=  30132 camTot=   30133 camMax=   7816 watch=0/0 saved=0 gcObj=  219855 qpix=   133 qimg=     0 axisH=  1.0 online=0
2026-08-06 06:20:44 up= 764.0m rss=    -1.0MB thr=  1 pools=  9 campools= 4 children=    27 items=  30132 camTot=   30133 camMax=   7816 watch=0/0 saved=0 gcObj=  219883 qpix=   133 qimg=     0 axisH=  1.0 online=0
2026-08-06 06:21:44 up= 765.0m rss=    -1.0MB thr=  1 pools=  9 campools= 4 children=    27 items=  30132 camTot=   30133 camMax=   7816 watch=0/0 saved=0 gcObj=  219911 qpix=   133 qimg=     0 axisH=  1.0 online=0
2026-08-06 06:22:44 up= 766.0m rss=    -1.0MB thr=  1 pools=  9 campools= 4 children=    27 items=  30132 camTot=   30133 camMax=   7816 watch=0/0 saved=0 gcObj=  219939 qpix=   133 qimg=     0 axisH=  1.0 online=0
2026-08-06 06:23:44 up= 767.0m rss=    -1.0MB thr=  1 pools=  9 campools= 4 children=    27 items=  30132 camTot=   30133 camMax=   7816 watch=0/0 saved=0 gcObj=  219967 qpix=   133 qimg=     0 axisH=  1.0 online=0
2026-08-06 06:24:44 up= 768.0m rss=    -1.0MB thr=  1 pools=  9 campools= 4 children=    27 items=  30132 camTot=   30133 camMax=   7816 watch=0/0 saved=0 gcObj=  219995 qpix=   133 qimg=     0 axisH=  1.0 online=0
2026-08-06 06:25:44 up= 769.0m rss=    -1.0MB thr=  1 pools=  9 campools= 4 children=    27 items=  30132 camTot=   30133 camMax=   7816 watch=0/0 saved=0 gcObj=  220023 qpix=   133 qimg=     0 axisH=  1.0 online=0
2026-08-06 06:26:44 up= 770.0m rss=    -1.0MB thr=  1 pools=  9 campools= 4 children=    27 items=  30132 camTot=   30133 camMax=   7816 watch=0/0 saved=0 gcObj=  220051 qpix=   133 qimg=     0 axisH=  1.0 online=0
2026-08-06 06:27:44 up= 771.0m rss=    -1.0MB thr=  1 pools=  9 campools= 4 children=    27 items=  30132 camTot=   30133 camMax=   7816 watch=0/0 saved=0 gcObj=  220079 qpix=   133 qimg=     0 axisH=  1.0 online=0
2026-08-06 06:28:44 up= 772.0m rss=    -1.0MB thr=  1 pools=  9 campools= 4 children=    27 items=  30132 camTot=   30133 camMax=   7816 watch=0/0 saved=0 gcObj=  220107 qpix=   133 qimg=     0 axisH=  1.0 online=0
2026-08-06 06:29:44 up= 773.0m rss=    -1.0MB thr=  1 pools=  9 campools= 4 children=    27 items=  30132 camTot=   30133 camMax=   7816 watch=0/0 saved=0 gcObj=  220135 qpix=   133 qimg=     0 axisH=  1.0 online=0
2026-08-06 06:30:44 up= 774.0m rss=    -1.0MB thr=  1 pools=  9 campools= 4 children=    27 items=  30132 camTot=   30133 camMax=   7816 watch=0/0 saved=0 gcObj=  220163 qpix=   133 qimg=     0 axisH=  1.0 online=0
2026-08-06 06:31:44 up= 775.0m rss=    -1.0MB thr=  1 pools=  9 campools= 4 children=    27 items=  30132 camTot=   30133 camMax=   7816 watch=0/0 saved=0 gcObj=  220191 qpix=   133 qimg=     0 axisH=  1.0 online=0
2026-08-06 06:32:44 up= 776.0m rss=    -1.0MB thr=  1 pools=  9 campools= 4 children=    27 items=  30132 camTot=   30133 camMax=   7816 watch=0/0 saved=0 gcObj=  220219 qpix=   133 qimg=     0 axisH=  1.0 online=0
2026-08-06 06:33:44 up= 777.0m rss=    -1.0MB thr=  1 pools=  9 campools= 4 children=    27 items=  30132 camTot=   30133 camMax=   7816 watch=0/0 saved=0 gcObj=  220247 qpix=   133 qimg=     0 axisH=  1.0 online=0
2026-08-06 06:34:44 up= 778.0m rss=    -1.0MB thr=  1 pools=  9 campools= 4 children=    27 items=  30132 camTot=   30133 camMax=   7816 watch=0/0 saved=0 gcObj=  220275 qpix=   133 qimg=     0 axisH=  1.0 online=0
2026-08-06 06:35:44 up= 779.0m rss=    -1.0MB thr=  1 pools=  9 campools= 4 children=    27 items=  30132 camTot=   30133 camMax=   7816 watch=0/0 saved=0 gcObj=  220303 qpix=   133 qimg=     0 axisH=  1.0 online=0
2026-08-06 06:36:44 up= 780.0m rss=    -1.0MB thr=  1 pools=  9 campools= 4 children=    27 items=  30132 camTot=   30133 camMax=   7816 watch=0/0 saved=0 gcObj=  220331 qpix=   133 qimg=     0 axisH=  1.0 online=0
2026-08-06 06:37:44 up= 781.0m rss=    -1.0MB thr=  1 pools=  9 campools= 4 children=    27 items=  30132 camTot=   30133 camMax=   7816 watch=0/0 saved=0 gcObj=  220359 qpix=   133 qimg=     0 axisH=  1.0 online=0
2026-08-06 06:38:44 up= 782.0m rss=    -1.0MB thr=  1 pools=  9 campools= 4 children=    27 items=  30132 camTot=   30133 camMax=   7816 watch=0/0 saved=0 gcObj=  220387 qpix=   133 qimg=     0 axisH=  1.0 online=0
2026-08-06 06:39:44 up= 783.0m rss=    -1.0MB thr=  1 pools=  9 campools= 4 children=    27 items=  30132 camTot=   30133 camMax=   7816 watch=0/0 saved=0 gcObj=  220415 qpix=   133 qimg=     0 axisH=  1.0 online=0
2026-08-06 06:40:44 up= 784.0m rss=    -1.0MB thr=  1 pools=  9 campools= 4 children=    27 items=  30132 camTot=   30133 camMax=   7816 watch=0/0 saved=0 gcObj=  220443 qpix=   133 qimg=     0 axisH=  1.0 online=0
2026-08-06 06:41:44 up= 785.0m rss=    -1.0MB thr=  1 pools=  9 campools= 4 children=    27 items=  30132 camTot=   30133 camMax=   7816 watch=0/0 saved=0 gcObj=  220430 qpix=   133 qimg=     0 axisH=  1.0 online=0
2026-08-06 06:42:44 up= 786.0m rss=    -1.0MB thr=  1 pools=  9 campools= 4 children=    27 items=  30132 camTot=   30133 camMax=   7816 watch=0/0 saved=0 gcObj=  220458 qpix=   133 qimg=     0 axisH=  1.0 online=0
2026-08-06 06:43:44 up= 787.0m rss=    -1.0MB thr=  1 pools=  9 campools= 4 children=    27 items=  30132 camTot=   30133 camMax=   7816 watch=0/0 saved=0 gcObj=  220486 qpix=   133 qimg=     0 axisH=  1.0 online=0
2026-08-06 06:44:44 up= 788.0m rss=    -1.0MB thr=  1 pools=  9 campools= 4 children=    27 items=  30132 camTot=   30133 camMax=   7816 watch=0/0 saved=0 gcObj=  220514 qpix=   133 qimg=     0 axisH=  1.0 online=0
2026-08-06 06:45:44 up= 789.0m rss=    -1.0MB thr=  1 pools=  9 campools= 4 children=    27 items=  30132 camTot=   30133 camMax=   7816 watch=0/0 saved=0 gcObj=  220542 qpix=   133 qimg=     0 axisH=  1.0 online=0
2026-08-06 06:46:44 up= 790.0m rss=    -1.0MB thr=  1 pools=  9 campools= 4 children=    27 items=  30132 camTot=   30133 camMax=   7816 watch=0/0 saved=0 gcObj=  220570 qpix=   133 qimg=     0 axisH=  1.0 online=0
2026-08-06 06:47:44 up= 791.0m rss=    -1.0MB thr=  1 pools=  9 campools= 4 children=    27 items=  30132 camTot=   30133 camMax=   7816 watch=0/0 saved=0 gcObj=  220598 qpix=   133 qimg=     0 axisH=  1.0 online=0
2026-08-06 06:48:44 up= 792.0m rss=    -1.0MB thr=  1 pools=  9 campools= 4 children=    27 items=  30132 camTot=   30133 camMax=   7816 watch=0/0 saved=0 gcObj=  220626 qpix=   133 qimg=     0 axisH=  1.0 online=0
2026-08-06 06:49:44 up= 793.0m rss=    -1.0MB thr=  1 pools=  9 campools= 4 children=    27 items=  30132 camTot=   30133 camMax=   7816 watch=0/0 saved=0 gcObj=  220654 qpix=   133 qimg=     0 axisH=  1.0 online=0
2026-08-06 06:50:44 up= 794.0m rss=    -1.0MB thr=  1 pools=  9 campools= 4 children=    27 items=  30132 camTot=   30133 camMax=   7816 watch=0/0 saved=0 gcObj=  220682 qpix=   133 qimg=     0 axisH=  1.0 online=0
2026-08-06 06:51:44 up= 795.0m rss=    -1.0MB thr=  1 pools=  9 campools= 4 children=    27 items=  30132 camTot=   30133 camMax=   7816 watch=0/0 saved=0 gcObj=  220710 qpix=   133 qimg=     0 axisH=  1.0 online=0
2026-08-06 06:52:44 up= 796.0m rss=    -1.0MB thr=  1 pools=  9 campools= 4 children=    27 items=  30132 camTot=   30133 camMax=   7816 watch=0/0 saved=0 gcObj=  220738 qpix=   133 qimg=     0 axisH=  1.0 online=0
2026-08-06 06:53:44 up= 797.0m rss=    -1.0MB thr=  1 pools=  9 campools= 4 children=    27 items=  30132 camTot=   30133 camMax=   7816 watch=0/0 saved=0 gcObj=  220766 qpix=   133 qimg=     0 axisH=  1.0 online=0
2026-08-06 06:54:44 up= 798.0m rss=    -1.0MB thr=  1 pools=  9 campools= 4 children=    27 items=  30132 camTot=   30133 camMax=   7816 watch=0/0 saved=0 gcObj=  220794 qpix=   133 qimg=     0 axisH=  1.0 online=0
2026-08-06 06:55:44 up= 799.0m rss=    -1.0MB thr=  1 pools=  9 campools= 4 children=    27 items=  30132 camTot=   30133 camMax=   7816 watch=0/0 saved=0 gcObj=  220822 qpix=   133 qimg=     0 axisH=  1.0 online=0
2026-08-06 06:56:44 up= 800.0m rss=    -1.0MB thr=  1 pools=  9 campools= 4 children=    27 items=  30132 camTot=   30133 camMax=   7816 watch=0/0 saved=0 gcObj=  220850 qpix=   133 qimg=     0 axisH=  1.0 online=0
2026-08-06 06:57:44 up= 801.0m rss=    -1.0MB thr=  1 pools=  9 campools= 4 children=    27 items=  30132 camTot=   30133 camMax=   7816 watch=0/0 saved=0 gcObj=  220878 qpix=   133 qimg=     0 axisH=  1.0 online=0
2026-08-06 06:58:44 up= 802.0m rss=    -1.0MB thr=  1 pools=  9 campools= 4 children=    27 items=  30132 camTot=   30133 camMax=   7816 watch=0/0 saved=0 gcObj=  220906 qpix=   133 qimg=     0 axisH=  1.0 online=0
2026-08-06 06:59:44 up= 803.0m rss=    -1.0MB thr=  1 pools=  9 campools= 4 children=    27 items=  30132 camTot=   30133 camMax=   7816 watch=0/0 saved=0 gcObj=  220934 qpix=   133 qimg=     0 axisH=  1.0 online=0
2026-08-06 07:00:44 up= 804.0m rss=    -1.0MB thr=  1 pools=  9 campools= 4 children=    27 items=  30132 camTot=   30133 camMax=   7816 watch=0/0 saved=0 gcObj=  220962 qpix=   133 qimg=     0 axisH=  1.0 online=0
2026-08-06 07:01:44 up= 805.0m rss=    -1.0MB thr=  1 pools=  9 campools= 4 children=    27 items=  30132 camTot=   30133 camMax=   7816 watch=0/0 saved=0 gcObj=  220990 qpix=   133 qimg=     0 axisH=  1.0 online=0
2026-08-06 07:02:44 up= 806.0m rss=    -1.0MB thr=  1 pools=  9 campools= 4 children=    27 items=  30132 camTot=   30133 camMax=   7816 watch=0/0 saved=0 gcObj=  221018 qpix=   133 qimg=     0 axisH=  1.0 online=0
2026-08-06 07:03:44 up= 807.0m rss=    -1.0MB thr=  1 pools=  9 campools= 4 children=    27 items=  30132 camTot=   30133 camMax=   7816 watch=0/0 saved=0 gcObj=  221046 qpix=   133 qimg=     0 axisH=  1.0 online=0
2026-08-06 07:04:44 up= 808.0m rss=    -1.0MB thr=  1 pools=  9 campools= 4 children=    27 items=  30132 camTot=   30133 camMax=   7816 watch=0/0 saved=0 gcObj=  221074 qpix=   133 qimg=     0 axisH=  1.0 online=0
2026-08-06 07:05:44 up= 809.0m rss=    -1.0MB thr=  1 pools=  9 campools= 4 children=    27 items=  30132 camTot=   30133 camMax=   7816 watch=0/0 saved=0 gcObj=  221102 qpix=   133 qimg=     0 axisH=  1.0 online=0
2026-08-06 07:06:44 up= 810.0m rss=    -1.0MB thr=  1 pools=  9 campools= 4 children=    27 items=  30132 camTot=   30133 camMax=   7816 watch=0/0 saved=0 gcObj=  221130 qpix=   133 qimg=     0 axisH=  1.0 online=0
2026-08-06 07:07:44 up= 811.0m rss=    -1.0MB thr=  1 pools=  9 campools= 4 children=    27 items=  30132 camTot=   30133 camMax=   7816 watch=0/0 saved=0 gcObj=  221132 qpix=   133 qimg=     0 axisH=  1.0 online=0
2026-08-06 07:08:44 up= 812.0m rss=    -1.0MB thr=  1 pools=  9 campools= 4 children=    27 items=  30132 camTot=   30133 camMax=   7816 watch=0/0 saved=0 gcObj=  221160 qpix=   133 qimg=     0 axisH=  1.0 online=0
2026-08-06 07:09:44 up= 813.0m rss=    -1.0MB thr=  1 pools=  9 campools= 4 children=    27 items=  30132 camTot=   30133 camMax=   7816 watch=0/0 saved=0 gcObj=  221188 qpix=   133 qimg=     0 axisH=  1.0 online=0
2026-08-06 07:10:44 up= 814.0m rss=    -1.0MB thr=  1 pools=  9 campools= 4 children=    27 items=  30132 camTot=   30133 camMax=   7816 watch=0/0 saved=0 gcObj=  221216 qpix=   133 qimg=     0 axisH=  1.0 online=0
2026-08-06 07:11:44 up= 815.0m rss=    -1.0MB thr=  1 pools=  9 campools= 4 children=    27 items=  30132 camTot=   30133 camMax=   7816 watch=0/0 saved=0 gcObj=  221244 qpix=   133 qimg=     0 axisH=  1.0 online=0
2026-08-06 07:12:44 up= 816.0m rss=    -1.0MB thr=  1 pools=  9 campools= 4 children=    27 items=  30132 camTot=   30133 camMax=   7816 watch=0/0 saved=0 gcObj=  221272 qpix=   133 qimg=     0 axisH=  1.0 online=0
2026-08-06 07:13:44 up= 817.0m rss=    -1.0MB thr=  1 pools=  9 campools= 4 children=    27 items=  30132 camTot=   30133 camMax=   7816 watch=0/0 saved=0 gcObj=  221300 qpix=   133 qimg=     0 axisH=  1.0 online=0
2026-08-06 07:14:44 up= 818.0m rss=    -1.0MB thr=  1 pools=  9 campools= 4 children=    27 items=  30132 camTot=   30133 camMax=   7816 watch=0/0 saved=0 gcObj=  221328 qpix=   133 qimg=     0 axisH=  1.0 online=0
2026-08-06 07:15:44 up= 819.0m rss=    -1.0MB thr=  1 pools=  9 campools= 4 children=    27 items=  30132 camTot=   30133 camMax=   7816 watch=0/0 saved=0 gcObj=  221356 qpix=   133 qimg=     0 axisH=  1.0 online=0
2026-08-06 07:16:44 up= 820.0m rss=    -1.0MB thr=  1 pools=  9 campools= 4 children=    27 items=  30132 camTot=   30133 camMax=   7816 watch=0/0 saved=0 gcObj=  221384 qpix=   133 qimg=     0 axisH=  1.0 online=0
2026-08-06 07:17:44 up= 821.0m rss=    -1.0MB thr=  1 pools=  9 campools= 4 children=    27 items=  30132 camTot=   30133 camMax=   7816 watch=0/0 saved=0 gcObj=  221412 qpix=   133 qimg=     0 axisH=  1.0 online=0
2026-08-06 07:18:44 up= 822.0m rss=    -1.0MB thr=  1 pools=  9 campools= 4 children=    27 items=  30132 camTot=   30133 camMax=   7816 watch=0/0 saved=0 gcObj=  221440 qpix=   133 qimg=     0 axisH=  1.0 online=0
2026-08-06 07:19:44 up= 823.0m rss=    -1.0MB thr=  1 pools=  9 campools= 4 children=    27 items=  30132 camTot=   30133 camMax=   7816 watch=0/0 saved=0 gcObj=  221468 qpix=   133 qimg=     0 axisH=  1.0 online=0
2026-08-06 07:20:44 up= 824.0m rss=    -1.0MB thr=  1 pools=  9 campools= 4 children=    27 items=  30132 camTot=   30133 camMax=   7816 watch=0/0 saved=0 gcObj=  221496 qpix=   133 qimg=     0 axisH=  1.0 online=0
2026-08-06 07:21:44 up= 825.0m rss=    -1.0MB thr=  1 pools=  9 campools= 4 children=    27 items=  30132 camTot=   30133 camMax=   7816 watch=0/0 saved=0 gcObj=  221524 qpix=   133 qimg=     0 axisH=  1.0 online=0
2026-08-06 07:22:44 up= 826.0m rss=    -1.0MB thr=  1 pools=  9 campools= 4 children=    27 items=  30132 camTot=   30133 camMax=   7816 watch=0/0 saved=0 gcObj=  221552 qpix=   133 qimg=     0 axisH=  1.0 online=0
2026-08-06 07:23:44 up= 827.0m rss=    -1.0MB thr=  1 pools=  9 campools= 4 children=    27 items=  30132 camTot=   30133 camMax=   7816 watch=0/0 saved=0 gcObj=  221580 qpix=   133 qimg=     0 axisH=  1.0 online=0
2026-08-06 07:24:44 up= 828.0m rss=    -1.0MB thr=  1 pools=  9 campools= 4 children=    27 items=  30132 camTot=   30133 camMax=   7816 watch=0/0 saved=0 gcObj=  221608 qpix=   133 qimg=     0 axisH=  1.0 online=0
2026-08-06 07:25:44 up= 829.0m rss=    -1.0MB thr=  1 pools=  9 campools= 4 children=    27 items=  30132 camTot=   30133 camMax=   7816 watch=0/0 saved=0 gcObj=  221636 qpix=   133 qimg=     0 axisH=  1.0 online=0
2026-08-06 07:26:44 up= 830.0m rss=    -1.0MB thr=  1 pools=  9 campools= 4 children=    27 items=  30132 camTot=   30133 camMax=   7816 watch=0/0 saved=0 gcObj=  221664 qpix=   133 qimg=     0 axisH=  1.0 online=0
2026-08-06 07:27:44 up= 831.0m rss=    -1.0MB thr=  1 pools=  9 campools= 4 children=    27 items=  30132 camTot=   30133 camMax=   7816 watch=0/0 saved=0 gcObj=  221692 qpix=   133 qimg=     0 axisH=  1.0 online=0
2026-08-06 07:28:44 up= 832.0m rss=    -1.0MB thr=  1 pools=  9 campools= 4 children=    27 items=  30132 camTot=   30133 camMax=   7816 watch=0/0 saved=0 gcObj=  221720 qpix=   133 qimg=     0 axisH=  1.0 online=0
2026-08-06 07:29:44 up= 833.0m rss=    -1.0MB thr=  1 pools=  9 campools= 4 children=    27 items=  30132 camTot=   30133 camMax=   7816 watch=0/0 saved=0 gcObj=  221748 qpix=   133 qimg=     0 axisH=  1.0 online=0
2026-08-06 07:30:44 up= 834.0m rss=    -1.0MB thr=  1 pools=  9 campools= 4 children=    27 items=  30132 camTot=   30133 camMax=   7816 watch=0/0 saved=0 gcObj=  221776 qpix=   133 qimg=     0 axisH=  1.0 online=0
2026-08-06 07:31:44 up= 835.0m rss=    -1.0MB thr=  1 pools=  9 campools= 4 children=    27 items=  30132 camTot=   30133 camMax=   7816 watch=0/0 saved=0 gcObj=  221131 qpix=   133 qimg=     0 axisH=  1.0 online=0
2026-08-06 07:32:44 up= 836.0m rss=    -1.0MB thr=  1 pools=  9 campools= 4 children=    27 items=  30132 camTot=   30133 camMax=   7816 watch=0/0 saved=0 gcObj=  221159 qpix=   133 qimg=     0 axisH=  1.0 online=0
2026-08-06 07:33:44 up= 837.0m rss=    -1.0MB thr=  1 pools=  9 campools= 4 children=    27 items=  30132 camTot=   30133 camMax=   7816 watch=0/0 saved=0 gcObj=  221187 qpix=   133 qimg=     0 axisH=  1.0 online=0
2026-08-06 07:34:44 up= 838.0m rss=    -1.0MB thr=  1 pools=  9 campools= 4 children=    27 items=  30132 camTot=   30133 camMax=   7816 watch=0/0 saved=0 gcObj=  221215 qpix=   133 qimg=     0 axisH=  1.0 online=0
2026-08-06 07:35:44 up= 839.0m rss=    -1.0MB thr=  1 pools=  9 campools= 4 children=    27 items=  30132 camTot=   30133 camMax=   7816 watch=0/0 saved=0 gcObj=  221243 qpix=   133 qimg=     0 axisH=  1.0 online=0
2026-08-06 07:36:44 up= 840.0m rss=    -1.0MB thr=  1 pools=  9 campools= 4 children=    27 items=  30132 camTot=   30133 camMax=   7816 watch=0/0 saved=0 gcObj=  221271 qpix=   133 qimg=     0 axisH=  1.0 online=0
2026-08-06 07:37:44 up= 841.0m rss=    -1.0MB thr=  1 pools=  9 campools= 4 children=    27 items=  30132 camTot=   30133 camMax=   7816 watch=0/0 saved=0 gcObj=  221299 qpix=   133 qimg=     0 axisH=  1.0 online=0
2026-08-06 07:38:44 up= 842.0m rss=    -1.0MB thr=  1 pools=  9 campools= 4 children=    27 items=  30132 camTot=   30133 camMax=   7816 watch=0/0 saved=0 gcObj=  221327 qpix=   133 qimg=     0 axisH=  1.0 online=0
2026-08-06 07:39:44 up= 843.0m rss=    -1.0MB thr=  1 pools=  9 campools= 4 children=    27 items=  30132 camTot=   30133 camMax=   7816 watch=0/0 saved=0 gcObj=  221355 qpix=   133 qimg=     0 axisH=  1.0 online=0
2026-08-06 07:40:44 up= 844.0m rss=    -1.0MB thr=  1 pools=  9 campools= 4 children=    27 items=  30132 camTot=   30133 camMax=   7816 watch=0/0 saved=0 gcObj=  221383 qpix=   133 qimg=     0 axisH=  1.0 online=0
2026-08-06 07:41:44 up= 845.0m rss=    -1.0MB thr=  1 pools=  9 campools= 4 children=    27 items=  30132 camTot=   30133 camMax=   7816 watch=0/0 saved=0 gcObj=  221411 qpix=   133 qimg=     0 axisH=  1.0 online=0
2026-08-06 07:42:44 up= 846.0m rss=    -1.0MB thr=  1 pools=  9 campools= 4 children=    27 items=  30132 camTot=   30133 camMax=   7816 watch=0/0 saved=0 gcObj=  221439 qpix=   133 qimg=     0 axisH=  1.0 online=0
2026-08-06 07:43:44 up= 847.0m rss=    -1.0MB thr=  1 pools=  9 campools= 4 children=    27 items=  30132 camTot=   30133 camMax=   7816 watch=0/0 saved=0 gcObj=  221467 qpix=   133 qimg=     0 axisH=  1.0 online=0
2026-08-06 07:44:44 up= 848.0m rss=    -1.0MB thr=  1 pools=  9 campools= 4 children=    27 items=  30132 camTot=   30133 camMax=   7816 watch=0/0 saved=0 gcObj=  221495 qpix=   133 qimg=     0 axisH=  1.0 online=0
2026-08-06 07:45:44 up= 849.0m rss=    -1.0MB thr=  1 pools=  9 campools= 4 children=    27 items=  30132 camTot=   30133 camMax=   7816 watch=0/0 saved=0 gcObj=  221523 qpix=   133 qimg=     0 axisH=  1.0 online=0
2026-08-06 07:46:44 up= 850.0m rss=    -1.0MB thr=  1 pools=  9 campools= 4 children=    27 items=  30132 camTot=   30133 camMax=   7816 watch=0/0 saved=0 gcObj=  221551 qpix=   133 qimg=     0 axisH=  1.0 online=0
2026-08-06 07:47:44 up= 851.0m rss=    -1.0MB thr=  1 pools=  9 campools= 4 children=    27 items=  30132 camTot=   30133 camMax=   7816 watch=0/0 saved=0 gcObj=  221579 qpix=   133 qimg=     0 axisH=  1.0 online=0
2026-08-06 07:48:44 up= 852.0m rss=    -1.0MB thr=  1 pools=  9 campools= 4 children=    27 items=  30132 camTot=   30133 camMax=   7816 watch=0/0 saved=0 gcObj=  221607 qpix=   133 qimg=     0 axisH=  1.0 online=0
2026-08-06 07:49:44 up= 853.0m rss=    -1.0MB thr=  1 pools=  9 campools= 4 children=    27 items=  30132 camTot=   30133 camMax=   7816 watch=0/0 saved=0 gcObj=  221635 qpix=   133 qimg=     0 axisH=  1.0 online=0
2026-08-06 07:50:44 up= 854.0m rss=    -1.0MB thr=  1 pools=  9 campools= 4 children=    27 items=  30132 camTot=   30133 camMax=   7816 watch=0/0 saved=0 gcObj=  221663 qpix=   133 qimg=     0 axisH=  1.0 online=0
2026-08-06 07:51:44 up= 855.0m rss=    -1.0MB thr=  1 pools=  9 campools= 4 children=    27 items=  30132 camTot=   30133 camMax=   7816 watch=0/0 saved=0 gcObj=  221691 qpix=   133 qimg=     0 axisH=  1.0 online=0
2026-08-06 07:52:44 up= 856.0m rss=    -1.0MB thr=  1 pools=  9 campools= 4 children=    27 items=  30132 camTot=   30133 camMax=   7816 watch=0/0 saved=0 gcObj=  221719 qpix=   133 qimg=     0 axisH=  1.0 online=0
2026-08-06 07:53:44 up= 857.0m rss=    -1.0MB thr=  1 pools=  9 campools= 4 children=    27 items=  30132 camTot=   30133 camMax=   7816 watch=0/0 saved=0 gcObj=  221747 qpix=   133 qimg=     0 axisH=  1.0 online=0
2026-08-06 07:54:44 up= 858.0m rss=    -1.0MB thr=  1 pools=  9 campools= 4 children=    27 items=  30132 camTot=   30133 camMax=   7816 watch=0/0 saved=0 gcObj=  221775 qpix=   133 qimg=     0 axisH=  1.0 online=0
2026-08-06 07:55:44 up= 859.0m rss=    -1.0MB thr=  1 pools=  9 campools= 4 children=    27 items=  30132 camTot=   30133 camMax=   7816 watch=0/0 saved=0 gcObj=  221803 qpix=   133 qimg=     0 axisH=  1.0 online=0
2026-08-06 07:56:44 up= 860.0m rss=    -1.0MB thr=  1 pools=  9 campools= 4 children=    27 items=  30132 camTot=   30133 camMax=   7816 watch=0/0 saved=0 gcObj=  221831 qpix=   133 qimg=     0 axisH=  1.0 online=0
2026-08-06 07:57:44 up= 861.0m rss=    -1.0MB thr=  1 pools=  9 campools= 4 children=    27 items=  30132 camTot=   30133 camMax=   7816 watch=0/0 saved=0 gcObj=  221859 qpix=   133 qimg=     0 axisH=  1.0 online=0
2026-08-06 07:58:44 up= 862.0m rss=    -1.0MB thr=  1 pools=  9 campools= 4 children=    27 items=  30132 camTot=   30133 camMax=   7816 watch=0/0 saved=0 gcObj=  221887 qpix=   133 qimg=     0 axisH=  1.0 online=0
2026-08-06 07:59:44 up= 863.0m rss=    -1.0MB thr=  1 pools=  9 campools= 4 children=    27 items=  30132 camTot=   30133 camMax=   7816 watch=0/0 saved=0 gcObj=  221915 qpix=   133 qimg=     0 axisH=  1.0 online=0
2026-08-06 08:00:44 up= 864.0m rss=    -1.0MB thr=  1 pools=  9 campools= 4 children=    27 items=  30132 camTot=   30133 camMax=   7816 watch=0/0 saved=0 gcObj=  221943 qpix=   133 qimg=     0 axisH=  1.0 online=0
2026-08-06 08:01:44 up= 865.0m rss=    -1.0MB thr=  1 pools=  9 campools= 4 children=    27 items=  30132 camTot=   30133 camMax=   7816 watch=0/0 saved=0 gcObj=  221971 qpix=   133 qimg=     0 axisH=  1.0 online=0
2026-08-06 08:02:44 up= 866.0m rss=    -1.0MB thr=  1 pools=  9 campools= 4 children=    27 items=  30132 camTot=   30133 camMax=   7816 watch=0/0 saved=0 gcObj=  221999 qpix=   133 qimg=     0 axisH=  1.0 online=0
2026-08-06 08:03:44 up= 867.0m rss=    -1.0MB thr=  1 pools=  9 campools= 4 children=    27 items=  30132 camTot=   30133 camMax=   7816 watch=0/0 saved=0 gcObj=  222027 qpix=   133 qimg=     0 axisH=  1.0 online=0
2026-08-06 08:04:44 up= 868.0m rss=    -1.0MB thr=  1 pools=  9 campools= 4 children=    27 items=  30132 camTot=   30133 camMax=   7816 watch=0/0 saved=0 gcObj=  222055 qpix=   133 qimg=     0 axisH=  1.0 online=0
2026-08-06 08:05:44 up= 869.0m rss=    -1.0MB thr=  1 pools=  9 campools= 4 children=    27 items=  30132 camTot=   30133 camMax=   7816 watch=0/0 saved=0 gcObj=  222083 qpix=   133 qimg=     0 axisH=  1.0 online=0
2026-08-06 08:06:44 up= 870.0m rss=    -1.0MB thr=  1 pools=  9 campools= 4 children=    27 items=  30132 camTot=   30133 camMax=   7816 watch=0/0 saved=0 gcObj=  222111 qpix=   133 qimg=     0 axisH=  1.0 online=0
2026-08-06 08:07:44 up= 871.0m rss=    -1.0MB thr=  1 pools=  9 campools= 4 children=    27 items=  30132 camTot=   30133 camMax=   7816 watch=0/0 saved=0 gcObj=  221158 qpix=   133 qimg=     0 axisH=  1.0 online=0
2026-08-06 08:08:44 up= 872.0m rss=    -1.0MB thr=  1 pools=  9 campools= 4 children=    27 items=  30132 camTot=   30133 camMax=   7816 watch=0/0 saved=0 gcObj=  221186 qpix=   133 qimg=     0 axisH=  1.0 online=0
2026-08-06 08:09:44 up= 873.0m rss=    -1.0MB thr=  1 pools=  9 campools= 4 children=    27 items=  30132 camTot=   30133 camMax=   7816 watch=0/0 saved=0 gcObj=  221214 qpix=   133 qimg=     0 axisH=  1.0 online=0
2026-08-06 08:10:44 up= 874.0m rss=    -1.0MB thr=  1 pools=  9 campools= 4 children=    27 items=  30132 camTot=   30133 camMax=   7816 watch=0/0 saved=0 gcObj=  221242 qpix=   133 qimg=     0 axisH=  1.0 online=0
2026-08-06 08:11:44 up= 875.0m rss=    -1.0MB thr=  1 pools=  9 campools= 4 children=    27 items=  30132 camTot=   30133 camMax=   7816 watch=0/0 saved=0 gcObj=  221270 qpix=   133 qimg=     0 axisH=  1.0 online=0
2026-08-06 08:12:44 up= 876.0m rss=    -1.0MB thr=  1 pools=  9 campools= 4 children=    27 items=  30132 camTot=   30133 camMax=   7816 watch=0/0 saved=0 gcObj=  221298 qpix=   133 qimg=     0 axisH=  1.0 online=0
2026-08-06 08:13:44 up= 877.0m rss=    -1.0MB thr=  1 pools=  9 campools= 4 children=    27 items=  30132 camTot=   30133 camMax=   7816 watch=0/0 saved=0 gcObj=  221326 qpix=   133 qimg=     0 axisH=  1.0 online=0
2026-08-06 08:14:44 up= 878.0m rss=    -1.0MB thr=  1 pools=  9 campools= 4 children=    27 items=  30132 camTot=   30133 camMax=   7816 watch=0/0 saved=0 gcObj=  221354 qpix=   133 qimg=     0 axisH=  1.0 online=0
2026-08-06 08:15:44 up= 879.0m rss=    -1.0MB thr=  1 pools=  9 campools= 4 children=    27 items=  30132 camTot=   30133 camMax=   7816 watch=0/0 saved=0 gcObj=  221382 qpix=   133 qimg=     0 axisH=  1.0 online=0
2026-08-06 08:16:44 up= 880.0m rss=    -1.0MB thr=  1 pools=  9 campools= 4 children=    27 items=  30132 camTot=   30133 camMax=   7816 watch=0/0 saved=0 gcObj=  221410 qpix=   133 qimg=     0 axisH=  1.0 online=0
2026-08-06 08:17:44 up= 881.0m rss=    -1.0MB thr=  1 pools=  9 campools= 4 children=    27 items=  30132 camTot=   30133 camMax=   7816 watch=0/0 saved=0 gcObj=  221438 qpix=   133 qimg=     0 axisH=  1.0 online=0
2026-08-06 08:18:44 up= 882.0m rss=    -1.0MB thr=  1 pools=  9 campools= 4 children=    27 items=  30132 camTot=   30133 camMax=   7816 watch=0/0 saved=0 gcObj=  221466 qpix=   133 qimg=     0 axisH=  1.0 online=0
2026-08-06 08:19:44 up= 883.0m rss=    -1.0MB thr=  1 pools=  9 campools= 4 children=    27 items=  30132 camTot=   30133 camMax=   7816 watch=0/0 saved=0 gcObj=  221494 qpix=   133 qimg=     0 axisH=  1.0 online=0
2026-08-06 08:20:44 up= 884.0m rss=    -1.0MB thr=  1 pools=  9 campools= 4 children=    27 items=  30132 camTot=   30133 camMax=   7816 watch=0/0 saved=0 gcObj=  221522 qpix=   133 qimg=     0 axisH=  1.0 online=0
2026-08-06 08:21:44 up= 885.0m rss=    -1.0MB thr=  1 pools=  9 campools= 4 children=    27 items=  30132 camTot=   30133 camMax=   7816 watch=0/0 saved=0 gcObj=  221550 qpix=   133 qimg=     0 axisH=  1.0 online=0
2026-08-06 08:22:44 up= 886.0m rss=    -1.0MB thr=  1 pools=  9 campools= 4 children=    27 items=  30132 camTot=   30133 camMax=   7816 watch=0/0 saved=0 gcObj=  221578 qpix=   133 qimg=     0 axisH=  1.0 online=0
2026-08-06 08:23:44 up= 887.0m rss=    -1.0MB thr=  1 pools=  9 campools= 4 children=    27 items=  30132 camTot=   30133 camMax=   7816 watch=0/0 saved=0 gcObj=  221606 qpix=   133 qimg=     0 axisH=  1.0 online=0
2026-08-06 08:24:44 up= 888.0m rss=    -1.0MB thr=  1 pools=  9 campools= 4 children=    27 items=  30132 camTot=   30133 camMax=   7816 watch=0/0 saved=0 gcObj=  221634 qpix=   133 qimg=     0 axisH=  1.0 online=0
2026-08-06 08:25:44 up= 889.0m rss=    -1.0MB thr=  1 pools=  9 campools= 4 children=    27 items=  30132 camTot=   30133 camMax=   7816 watch=0/0 saved=0 gcObj=  221662 qpix=   133 qimg=     0 axisH=  1.0 online=0
2026-08-06 08:26:44 up= 890.0m rss=    -1.0MB thr=  1 pools=  9 campools= 4 children=    27 items=  30132 camTot=   30133 camMax=   7816 watch=0/0 saved=0 gcObj=  221690 qpix=   133 qimg=     0 axisH=  1.0 online=0
2026-08-06 08:27:44 up= 891.0m rss=    -1.0MB thr=  1 pools=  9 campools= 4 children=    27 items=  30132 camTot=   30133 camMax=   7816 watch=0/0 saved=0 gcObj=  221718 qpix=   133 qimg=     0 axisH=  1.0 online=0
2026-08-06 08:28:44 up= 892.0m rss=    -1.0MB thr=  1 pools=  9 campools= 4 children=    27 items=  30132 camTot=   30133 camMax=   7816 watch=0/0 saved=0 gcObj=  221746 qpix=   133 qimg=     0 axisH=  1.0 online=0
2026-08-06 08:29:44 up= 893.0m rss=    -1.0MB thr=  1 pools=  9 campools= 4 children=    27 items=  30132 camTot=   30133 camMax=   7816 watch=0/0 saved=0 gcObj=  221774 qpix=   133 qimg=     0 axisH=  1.0 online=0
2026-08-06 08:30:44 up= 894.0m rss=    -1.0MB thr=  1 pools=  9 campools= 4 children=    27 items=  30132 camTot=   30133 camMax=   7816 watch=0/0 saved=0 gcObj=  221802 qpix=   133 qimg=     0 axisH=  1.0 online=0
2026-08-06 08:31:44 up= 895.0m rss=    -1.0MB thr=  1 pools=  9 campools= 4 children=    27 items=  30132 camTot=   30133 camMax=   7816 watch=0/0 saved=0 gcObj=  221830 qpix=   133 qimg=     0 axisH=  1.0 online=0
2026-08-06 08:32:44 up= 896.0m rss=    -1.0MB thr=  1 pools=  9 campools= 4 children=    27 items=  30132 camTot=   30133 camMax=   7816 watch=0/0 saved=0 gcObj=  221858 qpix=   133 qimg=     0 axisH=  1.0 online=0
2026-08-06 08:33:44 up= 897.0m rss=    -1.0MB thr=  1 pools=  9 campools= 4 children=    27 items=  30132 camTot=   30133 camMax=   7816 watch=0/0 saved=0 gcObj=  221886 qpix=   133 qimg=     0 axisH=  1.0 online=0
2026-08-06 08:34:44 up= 898.0m rss=    -1.0MB thr=  1 pools=  9 campools= 4 children=    27 items=  30132 camTot=   30133 camMax=   7816 watch=0/0 saved=0 gcObj=  221914 qpix=   133 qimg=     0 axisH=  1.0 online=0
2026-08-06 08:35:44 up= 899.0m rss=    -1.0MB thr=  1 pools=  9 campools= 4 children=    27 items=  30132 camTot=   30133 camMax=   7816 watch=0/0 saved=0 gcObj=  221942 qpix=   133 qimg=     0 axisH=  1.0 online=0
2026-08-06 08:36:44 up= 900.0m rss=    -1.0MB thr=  1 pools=  9 campools= 4 children=    27 items=  30132 camTot=   30133 camMax=   7816 watch=0/0 saved=0 gcObj=  221970 qpix=   133 qimg=     0 axisH=  1.0 online=0
2026-08-06 08:37:44 up= 901.0m rss=    -1.0MB thr=  1 pools=  9 campools= 4 children=    27 items=  30132 camTot=   30133 camMax=   7816 watch=0/0 saved=0 gcObj=  221998 qpix=   133 qimg=     0 axisH=  1.0 online=0
2026-08-06 08:44:03 up=   1.0m rss=    -1.0MB thr=  1 pools=  9 campools= 4 children=    26 items= 178232 camTot=  178235 camMax=  45980 watch=0/0 saved=0 gcObj=  805847 qpix=    -1 qimg=    -1 axisH=  4.0 online=0
2026-08-06 08:45:03 up=   2.0m rss=    -1.0MB thr=  1 pools=  9 campools= 4 children=    26 items= 178232 camTot=  178235 camMax=  45980 watch=0/0 saved=0 gcObj=  806132 qpix=    -1 qimg=    -1 axisH=  4.0 online=0
2026-08-06 08:46:02 up=   3.0m rss=    -1.0MB thr=  1 pools=  9 campools= 4 children=    26 items= 178232 camTot=  178235 camMax=  45980 watch=0/0 saved=0 gcObj=  806287 qpix=    -1 qimg=    -1 axisH=  4.0 online=0
2026-08-06 08:47:02 up=   4.0m rss=    -1.0MB thr=  1 pools=  9 campools= 4 children=    26 items= 178232 camTot=  178235 camMax=  45980 watch=0/0 saved=0 gcObj=  806331 qpix=    -1 qimg=    -1 axisH=  4.0 online=0
2026-08-06 09:12:09 up=   1.0m rss=    -1.0MB thr=  1 pools=  5 campools= 0 children=    21 items=    600 camTot=       0 camMax=      0 watch=0/0 saved=0 gcObj=   89573 qpix=    -1 qimg=    -1 axisH=  1.0 online=0
2026-08-06 09:42:10 up=   1.0m rss=    -1.0MB thr=  1 pools=  5 campools= 0 children=    21 items=   3000 camTot=       0 camMax=      0 watch=0/0 saved=0 gcObj=   99232 qpix=    -1 qimg=    -1 axisH=  1.0 online=0
2026-08-06 09:47:03 up=   1.0m rss=    -1.0MB thr=  1 pools=  5 campools= 0 children=    21 items=    600 camTot=       0 camMax=      0 watch=0/0 saved=0 gcObj=   89681 qpix=    -1 qimg=    -1 axisH=  1.0 online=0
2026-08-06 09:48:00 up=   1.0m rss=    -1.0MB thr=  1 pools=  5 campools= 0 children=    21 items=    600 camTot=       0 camMax=      0 watch=0/0 saved=0 gcObj=   89616 qpix=    -1 qimg=    -1 axisH=  1.0 online=0
2026-08-06 09:48:03 up=   2.0m rss=    -1.0MB thr=  1 pools=  5 campools= 0 children=    21 items=    600 camTot=       0 camMax=      0 watch=0/0 saved=0 gcObj=   89709 qpix=    -1 qimg=    -1 axisH=  1.0 online=0
2026-08-06 09:49:00 up=   2.0m rss=    -1.0MB thr=  1 pools=  5 campools= 0 children=    21 items=    600 camTot=       0 camMax=      0 watch=0/0 saved=0 gcObj=   89644 qpix=    -1 qimg=    -1 axisH=  1.0 online=0
2026-08-06 09:49:03 up=   3.0m rss=    -1.0MB thr=  1 pools=  5 campools= 0 children=    21 items=    600 camTot=       0 camMax=      0 watch=0/0 saved=0 gcObj=   89758 qpix=    -1 qimg=    -1 axisH=  1.0 online=0
2026-08-06 09:50:00 up=   3.0m rss=    -1.0MB thr=  1 pools=  5 campools= 0 children=    21 items=    600 camTot=       0 camMax=      0 watch=0/0 saved=0 gcObj=   89672 qpix=    -1 qimg=    -1 axisH=  1.0 online=0
2026-08-06 09:50:44 up=   1.0m rss=    -1.0MB thr=  1 pools=  5 campools= 0 children=    21 items=    600 camTot=       0 camMax=      0 watch=0/0 saved=0 gcObj=   89672 qpix=    -1 qimg=    -1 axisH=  1.0 online=0
2026-08-06 09:51:36 up=   1.0m rss=    -1.0MB thr=  1 pools=  5 campools= 0 children=    21 items=    600 camTot=       0 camMax=      0 watch=0/0 saved=0 gcObj=   89798 qpix=    -1 qimg=    -1 axisH=  1.0 online=0
2026-08-06 09:51:44 up=   2.0m rss=    -1.0MB thr=  1 pools=  5 campools= 0 children=    21 items=    600 camTot=       0 camMax=      0 watch=0/0 saved=0 gcObj=   89700 qpix=    -1 qimg=    -1 axisH=  1.0 online=0
2026-08-06 09:52:36 up=   2.0m rss=    -1.0MB thr=  1 pools=  5 campools= 0 children=    21 items=    600 camTot=       0 camMax=      0 watch=0/0 saved=0 gcObj=   89826 qpix=    -1 qimg=    -1 axisH=  1.0 online=0
2026-08-06 09:52:44 up=   3.0m rss=    -1.0MB thr=  1 pools=  5 campools= 0 children=    21 items=    600 camTot=       0 camMax=      0 watch=0/0 saved=0 gcObj=   89728 qpix=    -1 qimg=    -1 axisH=  1.0 online=0
2026-08-06 09:54:08 up=   1.0m rss=    -1.0MB thr=  1 pools=  5 campools= 0 children=    21 items=   3000 camTot=       0 camMax=      0 watch=0/0 saved=0 gcObj=   99227 qpix=    -1 qimg=    -1 axisH=  1.0 online=0
2026-08-06 09:55:08 up=   2.0m rss=    -1.0MB thr=  1 pools=  5 campools= 0 children=    21 items=   3000 camTot=       0 camMax=      0 watch=0/0 saved=0 gcObj=   99255 qpix=    -1 qimg=    -1 axisH=  1.0 online=0
2026-08-06 09:56:08 up=   3.0m rss=    -1.0MB thr=  1 pools=  5 campools= 0 children=    21 items=   3000 camTot=       0 camMax=      0 watch=0/0 saved=0 gcObj=   99283 qpix=    -1 qimg=    -1 axisH=  1.0 online=0
2026-08-06 09:56:32 up=   1.0m rss=    -1.0MB thr=  1 pools=  5 campools= 0 children=    21 items=    600 camTot=       0 camMax=      0 watch=0/0 saved=0 gcObj=   89528 qpix=    -1 qimg=    -1 axisH=  1.0 online=0
2026-08-06 09:57:32 up=   2.0m rss=    -1.0MB thr=  1 pools=  5 campools= 0 children=    21 items=    600 camTot=       0 camMax=      0 watch=0/0 saved=0 gcObj=   89556 qpix=    -1 qimg=    -1 axisH=  1.0 online=0
2026-08-06 09:58:43 up=   1.0m rss=    -1.0MB thr=  1 pools=  5 campools= 0 children=    21 items=   1800 camTot=       0 camMax=      0 watch=0/0 saved=0 gcObj=  106378 qpix=    -1 qimg=    -1 axisH=  1.0 online=0
2026-08-06 10:01:15 up=   1.0m rss=    -1.0MB thr=  1 pools=  5 campools= 0 children=    21 items=   3000 camTot=       0 camMax=      0 watch=0/0 saved=0 gcObj=   99235 qpix=    -1 qimg=    -1 axisH=  1.0 online=0
2026-08-06 10:04:18 up=   1.0m rss=    -1.0MB thr=  1 pools=  5 campools= 0 children=    21 items=    600 camTot=       0 camMax=      0 watch=0/0 saved=0 gcObj=   89672 qpix=    -1 qimg=    -1 axisH=  1.0 online=0
2026-08-06 10:05:18 up=   2.0m rss=    -1.0MB thr=  1 pools=  5 campools= 0 children=    21 items=    600 camTot=       0 camMax=      0 watch=0/0 saved=0 gcObj=   89700 qpix=    -1 qimg=    -1 axisH=  1.0 online=0
2026-08-06 10:05:27 up=   1.0m rss=    -1.0MB thr=  1 pools=  5 campools= 0 children=    21 items=    600 camTot=       0 camMax=      0 watch=0/0 saved=0 gcObj=   89672 qpix=    -1 qimg=    -1 axisH=  1.0 online=0
2026-08-06 10:06:18 up=   3.0m rss=    -1.0MB thr=  1 pools=  5 campools= 0 children=    21 items=    600 camTot=       0 camMax=      0 watch=0/0 saved=0 gcObj=   89728 qpix=    -1 qimg=    -1 axisH=  1.0 online=0
2026-08-06 10:06:27 up=   2.0m rss=    -1.0MB thr=  1 pools=  5 campools= 0 children=    21 items=    600 camTot=       0 camMax=      0 watch=0/0 saved=0 gcObj=   89701 qpix=    -1 qimg=    -1 axisH=  1.0 online=0
2026-08-06 10:07:27 up=   3.0m rss=    -1.0MB thr=  1 pools=  5 campools= 0 children=    21 items=    600 camTot=       0 camMax=      0 watch=0/0 saved=0 gcObj=   89728 qpix=    -1 qimg=    -1 axisH=  1.0 online=0
2026-08-06 10:08:01 up=   1.0m rss=    -1.0MB thr=  1 pools=  5 campools= 0 children=    21 items=    600 camTot=       0 camMax=      0 watch=0/0 saved=0 gcObj=   89672 qpix=    -1 qimg=    -1 axisH=  1.0 online=0
2026-08-06 10:09:01 up=   2.0m rss=    -1.0MB thr=  1 pools=  5 campools= 0 children=    21 items=    600 camTot=       0 camMax=      0 watch=0/0 saved=0 gcObj=   89700 qpix=    -1 qimg=    -1 axisH=  1.0 online=0
2026-08-06 10:10:01 up=   3.0m rss=    -1.0MB thr=  1 pools=  5 campools= 0 children=    21 items=    600 camTot=       0 camMax=      0 watch=0/0 saved=0 gcObj=   89731 qpix=    -1 qimg=    -1 axisH=  1.0 online=0
2026-08-06 10:15:17 up=   1.0m rss=    -1.0MB thr=  1 pools=  5 campools= 0 children=    21 items=   3000 camTot=       0 camMax=      0 watch=0/0 saved=0 gcObj=   99240 qpix=    -1 qimg=    -1 axisH=  1.0 online=0
2026-08-06 10:19:24 up=   1.0m rss=    -1.0MB thr=  1 pools=  5 campools= 0 children=    21 items=    600 camTot=       0 camMax=      0 watch=0/0 saved=0 gcObj=   89672 qpix=    -1 qimg=    -1 axisH=  1.0 online=0
2026-08-06 10:20:24 up=   2.0m rss=    -1.0MB thr=  1 pools=  5 campools= 0 children=    21 items=    600 camTot=       0 camMax=      0 watch=0/0 saved=0 gcObj=   89700 qpix=    -1 qimg=    -1 axisH=  1.0 online=0
2026-08-06 10:21:24 up=   3.0m rss=    -1.0MB thr=  1 pools=  5 campools= 0 children=    21 items=    600 camTot=       0 camMax=      0 watch=0/0 saved=0 gcObj=   89731 qpix=    -1 qimg=    -1 axisH=  1.0 online=0
2026-08-06 10:27:08 up=   1.0m rss=    -1.0MB thr=  1 pools=  5 campools= 0 children=    21 items=    600 camTot=       0 camMax=      0 watch=0/0 saved=0 gcObj=  101661 qpix=    -1 qimg=    -1 axisH=  1.0 online=0
2026-08-06 10:28:42 up=   1.0m rss=    -1.0MB thr=  1 pools=  5 campools= 0 children=    21 items=    600 camTot=       0 camMax=      0 watch=0/0 saved=0 gcObj=  101661 qpix=    -1 qimg=    -1 axisH=  1.0 online=0
2026-08-06 10:36:26 up=   1.0m rss=    -1.0MB thr=  1 pools=  5 campools= 0 children=    21 items=    600 camTot=       0 camMax=      0 watch=0/0 saved=0 gcObj=   89632 qpix=    -1 qimg=    -1 axisH=  1.0 online=0
2026-08-06 10:37:44 up=   1.0m rss=    -1.0MB thr=  1 pools=  5 campools= 0 children=    21 items=    600 camTot=       0 camMax=      0 watch=0/0 saved=0 gcObj=   89632 qpix=    -1 qimg=    -1 axisH=  1.0 online=0
2026-08-06 10:58:28 up=   1.0m rss=    -1.0MB thr=  1 pools=  5 campools= 0 children=    21 items=    600 camTot=       0 camMax=      0 watch=0/0 saved=0 gcObj=   89528 qpix=    -1 qimg=    -1 axisH=  1.0 online=0
2026-08-06 10:59:28 up=   2.0m rss=    -1.0MB thr=  1 pools=  5 campools= 0 children=    21 items=    600 camTot=       0 camMax=      0 watch=0/0 saved=0 gcObj=   89556 qpix=    -1 qimg=    -1 axisH=  1.0 online=0
2026-08-06 12:49:11 up=   1.0m rss=    -1.0MB thr=  1 pools=  5 campools= 0 children=    21 items=      0 camTot=       0 camMax=      0 watch=0/0 saved=0 gcObj=   92570 qpix=    -1 qimg=    -1 axisH=  0.0 online=0
2026-08-06 12:50:11 up=   2.0m rss=    -1.0MB thr=  1 pools=  5 campools= 0 children=    21 items=      0 camTot=       0 camMax=      0 watch=0/0 saved=0 gcObj=   92598 qpix=    -1 qimg=    -1 axisH=  0.0 online=0
2026-08-06 12:51:11 up=   3.0m rss=    -1.0MB thr=  1 pools=  9 campools= 4 children=    27 items= 157294 camTot=  157295 camMax=  40776 watch=0/0 saved=0 gcObj=  722738 qpix=    -1 qimg=    -1 axisH=  5.0 online=0
2026-08-06 12:52:11 up=   4.0m rss=    -1.0MB thr=  1 pools=  9 campools= 4 children=    27 items= 157294 camTot=  157295 camMax=  40776 watch=0/0 saved=0 gcObj=  722970 qpix=    -1 qimg=    -1 axisH=  5.0 online=0
2026-08-06 12:53:11 up=   5.0m rss=    -1.0MB thr=  1 pools=  9 campools= 4 children=    27 items= 157294 camTot=  157295 camMax=  40776 watch=0/0 saved=0 gcObj=  722998 qpix=    -1 qimg=    -1 axisH=  5.0 online=0
2026-08-06 12:54:11 up=   6.0m rss=    -1.0MB thr=  1 pools=  9 campools= 4 children=    27 items= 157294 camTot=  157295 camMax=  40776 watch=0/0 saved=0 gcObj=  723026 qpix=    -1 qimg=    -1 axisH=  5.0 online=0
2026-08-06 12:55:11 up=   7.0m rss=    -1.0MB thr=  1 pools=  9 campools= 4 children=    27 items= 157294 camTot=  157295 camMax=  40776 watch=0/0 saved=0 gcObj=  723054 qpix=    -1 qimg=    -1 axisH=  5.0 online=0
2026-08-06 12:56:11 up=   8.0m rss=    -1.0MB thr=  1 pools=  9 campools= 4 children=    27 items= 157294 camTot=  157295 camMax=  40776 watch=0/0 saved=0 gcObj=  723082 qpix=    -1 qimg=    -1 axisH=  5.0 online=0
2026-08-06 12:57:11 up=   9.0m rss=    -1.0MB thr=  1 pools=  9 campools= 4 children=    27 items= 157294 camTot=  157295 camMax=  40776 watch=0/0 saved=0 gcObj=  723110 qpix=    -1 qimg=    -1 axisH=  5.0 online=0
2026-08-06 12:58:11 up=  10.0m rss=    -1.0MB thr=  1 pools=  9 campools= 4 children=    27 items= 157294 camTot=  157295 camMax=  40776 watch=0/0 saved=0 gcObj=  723138 qpix=    -1 qimg=    -1 axisH=  5.0 online=0
2026-08-06 12:59:11 up=  11.0m rss=    -1.0MB thr=  1 pools=  9 campools= 4 children=    27 items= 157294 camTot=  157295 camMax=  40776 watch=0/0 saved=0 gcObj=  723166 qpix=    -1 qimg=    -1 axisH=  5.0 online=0
2026-08-06 13:00:11 up=  12.0m rss=    -1.0MB thr=  1 pools=  9 campools= 4 children=    27 items= 157294 camTot=  157295 camMax=  40776 watch=0/0 saved=0 gcObj=  723194 qpix=    -1 qimg=    -1 axisH=  5.0 online=0
2026-08-06 13:01:11 up=  13.0m rss=    -1.0MB thr=  1 pools=  9 campools= 4 children=    27 items= 157294 camTot=  157295 camMax=  40776 watch=0/0 saved=0 gcObj=  723222 qpix=    -1 qimg=    -1 axisH=  5.0 online=0
2026-08-06 13:02:11 up=  14.0m rss=    -1.0MB thr=  1 pools=  9 campools= 4 children=    27 items= 157294 camTot=  157295 camMax=  40776 watch=0/0 saved=0 gcObj=  722918 qpix=    -1 qimg=    -1 axisH=  5.0 online=0
2026-08-06 13:03:11 up=  15.0m rss=    -1.0MB thr=  1 pools=  9 campools= 4 children=    27 items= 157294 camTot=  157295 camMax=  40776 watch=0/0 saved=0 gcObj=  722946 qpix=    -1 qimg=    -1 axisH=  5.0 online=0
2026-08-06 13:04:11 up=  16.0m rss=    -1.0MB thr=  1 pools=  9 campools= 4 children=    27 items= 157294 camTot=  157295 camMax=  40776 watch=0/0 saved=0 gcObj=  722974 qpix=    -1 qimg=    -1 axisH=  5.0 online=0
2026-08-06 13:05:11 up=  17.0m rss=    -1.0MB thr=  1 pools=  9 campools= 4 children=    27 items= 157294 camTot=  157295 camMax=  40776 watch=0/0 saved=0 gcObj=  723002 qpix=    -1 qimg=    -1 axisH=  5.0 online=0
2026-08-06 13:06:11 up=  18.0m rss=    -1.0MB thr=  1 pools=  9 campools= 4 children=    27 items= 157294 camTot=  157295 camMax=  40776 watch=0/0 saved=0 gcObj=  723030 qpix=    -1 qimg=    -1 axisH=  5.0 online=0
2026-08-06 13:07:11 up=  19.0m rss=    -1.0MB thr=  1 pools=  9 campools= 4 children=    27 items= 157294 camTot=  157295 camMax=  40776 watch=0/0 saved=0 gcObj=  723058 qpix=    -1 qimg=    -1 axisH=  5.0 online=0
2026-08-06 13:08:11 up=  20.0m rss=    -1.0MB thr=  1 pools=  9 campools= 4 children=    27 items= 157294 camTot=  157295 camMax=  40776 watch=0/0 saved=0 gcObj=  723086 qpix=    -1 qimg=    -1 axisH=  5.0 online=0
2026-08-06 13:09:11 up=  21.0m rss=    -1.0MB thr=  1 pools=  9 campools= 4 children=    27 items= 157294 camTot=  157295 camMax=  40776 watch=0/0 saved=0 gcObj=  723114 qpix=    -1 qimg=    -1 axisH=  5.0 online=0
2026-08-06 13:10:11 up=  22.0m rss=    -1.0MB thr=  1 pools=  9 campools= 4 children=    27 items= 157294 camTot=  157295 camMax=  40776 watch=0/0 saved=0 gcObj=  723142 qpix=    -1 qimg=    -1 axisH=  5.0 online=0
2026-08-06 13:11:06 up=   1.0m rss=    -1.0MB thr=  1 pools=  5 campools= 0 children=    21 items=    600 camTot=       0 camMax=      0 watch=0/0 saved=0 gcObj=   89527 qpix=    -1 qimg=    -1 axisH=  1.0 online=0
2026-08-06 13:11:11 up=  23.0m rss=    -1.0MB thr=  1 pools=  9 campools= 4 children=    27 items= 157294 camTot=  157295 camMax=  40776 watch=0/0 saved=0 gcObj=  723170 qpix=    -1 qimg=    -1 axisH=  5.0 online=0
2026-08-06 13:12:06 up=   2.0m rss=    -1.0MB thr=  1 pools=  5 campools= 0 children=    21 items=    600 camTot=       0 camMax=      0 watch=0/0 saved=0 gcObj=   89555 qpix=    -1 qimg=    -1 axisH=  1.0 online=0
2026-08-06 13:12:11 up=  24.0m rss=    -1.0MB thr=  1 pools=  9 campools= 4 children=    27 items= 157294 camTot=  157295 camMax=  40776 watch=0/0 saved=0 gcObj=  723198 qpix=    -1 qimg=    -1 axisH=  5.0 online=0
2026-08-06 13:13:11 up=  25.0m rss=    -1.0MB thr=  1 pools=  9 campools= 4 children=    27 items= 157294 camTot=  157295 camMax=  40776 watch=0/0 saved=0 gcObj=  723226 qpix=    -1 qimg=    -1 axisH=  5.0 online=0
2026-08-06 13:13:57 up=   1.0m rss=    -1.0MB thr=  1 pools=  5 campools= 0 children=    21 items=    600 camTot=       0 camMax=      0 watch=0/0 saved=0 gcObj=   89527 qpix=    -1 qimg=    -1 axisH=  1.0 online=0
2026-08-06 13:14:11 up=  26.0m rss=    -1.0MB thr=  1 pools=  9 campools= 4 children=    27 items= 157294 camTot=  157295 camMax=  40776 watch=0/0 saved=0 gcObj=  723254 qpix=    -1 qimg=    -1 axisH=  5.0 online=0
2026-08-06 13:14:57 up=   2.0m rss=    -1.0MB thr=  1 pools=  5 campools= 0 children=    21 items=    600 camTot=       0 camMax=      0 watch=0/0 saved=0 gcObj=   89555 qpix=    -1 qimg=    -1 axisH=  1.0 online=0
2026-08-06 13:15:11 up=  27.0m rss=    -1.0MB thr=  1 pools=  9 campools= 4 children=    27 items= 157294 camTot=  157295 camMax=  40776 watch=0/0 saved=0 gcObj=  723282 qpix=    -1 qimg=    -1 axisH=  5.0 online=0
2026-08-06 13:16:11 up=  28.0m rss=    -1.0MB thr=  1 pools=  9 campools= 4 children=    27 items= 157294 camTot=  157295 camMax=  40776 watch=0/0 saved=0 gcObj=  723310 qpix=    -1 qimg=    -1 axisH=  5.0 online=0
2026-08-06 13:17:11 up=  29.0m rss=    -1.0MB thr=  1 pools=  9 campools= 4 children=    27 items= 157294 camTot=  157295 camMax=  40776 watch=0/0 saved=0 gcObj=  723338 qpix=    -1 qimg=    -1 axisH=  5.0 online=0
2026-08-06 13:18:11 up=  30.0m rss=    -1.0MB thr=  1 pools=  9 campools= 4 children=    27 items= 157294 camTot=  157295 camMax=  40776 watch=0/0 saved=0 gcObj=  723366 qpix=    -1 qimg=    -1 axisH=  5.0 online=0
2026-08-06 13:19:11 up=  31.0m rss=    -1.0MB thr=  1 pools=  9 campools= 4 children=    27 items= 157294 camTot=  157295 camMax=  40776 watch=0/0 saved=0 gcObj=  723394 qpix=    -1 qimg=    -1 axisH=  5.0 online=0
2026-08-06 13:20:11 up=  32.0m rss=    -1.0MB thr=  1 pools=  9 campools= 4 children=    27 items= 157294 camTot=  157295 camMax=  40776 watch=0/0 saved=0 gcObj=  723422 qpix=    -1 qimg=    -1 axisH=  5.0 online=0
2026-08-06 13:21:11 up=  33.0m rss=    -1.0MB thr=  1 pools=  9 campools= 4 children=    27 items= 157294 camTot=  157295 camMax=  40776 watch=0/0 saved=0 gcObj=  723450 qpix=    -1 qimg=    -1 axisH=  5.0 online=0
2026-08-06 13:22:11 up=  34.0m rss=    -1.0MB thr=  1 pools=  9 campools= 4 children=    27 items= 157294 camTot=  157295 camMax=  40776 watch=0/0 saved=0 gcObj=  723478 qpix=    -1 qimg=    -1 axisH=  5.0 online=0
2026-08-06 13:23:11 up=  35.0m rss=    -1.0MB thr=  1 pools=  9 campools= 4 children=    27 items= 157294 camTot=  157295 camMax=  40776 watch=0/0 saved=0 gcObj=  723506 qpix=    -1 qimg=    -1 axisH=  5.0 online=0
2026-08-06 13:24:11 up=  36.0m rss=    -1.0MB thr=  1 pools=  9 campools= 4 children=    27 items= 157294 camTot=  157295 camMax=  40776 watch=0/0 saved=0 gcObj=  723534 qpix=    -1 qimg=    -1 axisH=  5.0 online=0
2026-08-06 13:25:11 up=  37.0m rss=    -1.0MB thr=  1 pools=  9 campools= 4 children=    27 items= 157294 camTot=  157295 camMax=  40776 watch=0/0 saved=0 gcObj=  723562 qpix=    -1 qimg=    -1 axisH=  5.0 online=0
2026-08-06 13:26:11 up=  38.0m rss=    -1.0MB thr=  1 pools=  9 campools= 4 children=    27 items= 157294 camTot=  157295 camMax=  40776 watch=0/0 saved=0 gcObj=  723590 qpix=    -1 qimg=    -1 axisH=  5.0 online=0
2026-08-06 13:27:11 up=  39.0m rss=    -1.0MB thr=  1 pools=  9 campools= 4 children=    27 items= 157294 camTot=  157295 camMax=  40776 watch=0/0 saved=0 gcObj=  723618 qpix=    -1 qimg=    -1 axisH=  5.0 online=0
2026-08-06 13:28:11 up=  40.0m rss=    -1.0MB thr=  1 pools=  9 campools= 4 children=    27 items= 157294 camTot=  157295 camMax=  40776 watch=0/0 saved=0 gcObj=  723646 qpix=    -1 qimg=    -1 axisH=  5.0 online=0
2026-08-06 13:29:11 up=  41.0m rss=    -1.0MB thr=  1 pools=  9 campools= 4 children=    27 items= 157294 camTot=  157295 camMax=  40776 watch=0/0 saved=0 gcObj=  723674 qpix=    -1 qimg=    -1 axisH=  5.0 online=0
2026-08-06 13:30:11 up=  42.0m rss=    -1.0MB thr=  1 pools=  9 campools= 4 children=    27 items= 157294 camTot=  157295 camMax=  40776 watch=0/0 saved=0 gcObj=  723702 qpix=    -1 qimg=    -1 axisH=  5.0 online=0
2026-08-06 13:31:11 up=  43.0m rss=    -1.0MB thr=  1 pools=  9 campools= 4 children=    27 items= 157294 camTot=  157295 camMax=  40776 watch=0/0 saved=0 gcObj=  723730 qpix=    -1 qimg=    -1 axisH=  5.0 online=0
2026-08-06 13:32:11 up=  44.0m rss=    -1.0MB thr=  1 pools=  9 campools= 4 children=    27 items= 157294 camTot=  157295 camMax=  40776 watch=0/0 saved=0 gcObj=  722945 qpix=    -1 qimg=    -1 axisH=  5.0 online=0
2026-08-06 13:33:11 up=  45.0m rss=    -1.0MB thr=  1 pools=  9 campools= 4 children=    27 items= 157294 camTot=  157295 camMax=  40776 watch=0/0 saved=0 gcObj=  722973 qpix=    -1 qimg=    -1 axisH=  5.0 online=0
2026-08-06 13:34:11 up=  46.0m rss=    -1.0MB thr=  1 pools=  9 campools= 4 children=    27 items= 157294 camTot=  157295 camMax=  40776 watch=0/0 saved=0 gcObj=  723001 qpix=    -1 qimg=    -1 axisH=  5.0 online=0
2026-08-06 13:35:11 up=  47.0m rss=    -1.0MB thr=  1 pools=  9 campools= 4 children=    27 items= 157294 camTot=  157295 camMax=  40776 watch=0/0 saved=0 gcObj=  723029 qpix=    -1 qimg=    -1 axisH=  5.0 online=0
2026-08-06 13:36:11 up=  48.0m rss=    -1.0MB thr=  1 pools=  9 campools= 4 children=    27 items= 157294 camTot=  157295 camMax=  40776 watch=0/0 saved=0 gcObj=  723057 qpix=    -1 qimg=    -1 axisH=  5.0 online=0
2026-08-06 13:37:11 up=  49.0m rss=    -1.0MB thr=  1 pools=  9 campools= 4 children=    27 items= 157294 camTot=  157295 camMax=  40776 watch=0/0 saved=0 gcObj=  723085 qpix=    -1 qimg=    -1 axisH=  5.0 online=0
2026-08-06 13:38:11 up=  50.0m rss=    -1.0MB thr=  1 pools=  9 campools= 4 children=    27 items= 157294 camTot=  157295 camMax=  40776 watch=0/0 saved=0 gcObj=  723113 qpix=    -1 qimg=    -1 axisH=  5.0 online=0
2026-08-06 13:39:11 up=  51.0m rss=    -1.0MB thr=  1 pools=  9 campools= 4 children=    27 items= 157294 camTot=  157295 camMax=  40776 watch=0/0 saved=0 gcObj=  723141 qpix=    -1 qimg=    -1 axisH=  5.0 online=0
2026-08-06 13:40:11 up=  52.0m rss=    -1.0MB thr=  1 pools=  9 campools= 4 children=    27 items= 157294 camTot=  157295 camMax=  40776 watch=0/0 saved=0 gcObj=  723169 qpix=    -1 qimg=    -1 axisH=  5.0 online=0
2026-08-06 13:41:11 up=  53.0m rss=    -1.0MB thr=  1 pools=  9 campools= 4 children=    27 items= 157294 camTot=  157295 camMax=  40776 watch=0/0 saved=0 gcObj=  723197 qpix=    -1 qimg=    -1 axisH=  5.0 online=0
2026-08-06 13:42:11 up=  54.0m rss=    -1.0MB thr=  1 pools=  9 campools= 4 children=    27 items= 157294 camTot=  157295 camMax=  40776 watch=0/0 saved=0 gcObj=  723225 qpix=    -1 qimg=    -1 axisH=  5.0 online=0
2026-08-06 13:43:11 up=  55.0m rss=    -1.0MB thr=  1 pools=  9 campools= 4 children=    27 items= 157294 camTot=  157295 camMax=  40776 watch=0/0 saved=0 gcObj=  723253 qpix=    -1 qimg=    -1 axisH=  5.0 online=0
2026-08-06 13:44:11 up=  56.0m rss=    -1.0MB thr=  1 pools=  9 campools= 4 children=    27 items= 157294 camTot=  157295 camMax=  40776 watch=0/0 saved=0 gcObj=  723281 qpix=    -1 qimg=    -1 axisH=  5.0 online=0
2026-08-06 13:45:11 up=  57.0m rss=    -1.0MB thr=  1 pools=  9 campools= 4 children=    27 items= 157294 camTot=  157295 camMax=  40776 watch=0/0 saved=0 gcObj=  723309 qpix=    -1 qimg=    -1 axisH=  5.0 online=0
2026-08-06 13:46:11 up=  58.0m rss=    -1.0MB thr=  1 pools=  9 campools= 4 children=    27 items= 157294 camTot=  157295 camMax=  40776 watch=0/0 saved=0 gcObj=  723337 qpix=    -1 qimg=    -1 axisH=  5.0 online=0
2026-08-06 13:47:11 up=  59.0m rss=    -1.0MB thr=  1 pools=  9 campools= 4 children=    27 items= 157294 camTot=  157295 camMax=  40776 watch=0/0 saved=0 gcObj=  723365 qpix=    -1 qimg=    -1 axisH=  5.0 online=0
2026-08-06 13:48:11 up=  60.0m rss=    -1.0MB thr=  1 pools=  9 campools= 4 children=    27 items= 157294 camTot=  157295 camMax=  40776 watch=0/0 saved=0 gcObj=  723393 qpix=    -1 qimg=    -1 axisH=  5.0 online=0
2026-08-06 13:49:11 up=  61.0m rss=    -1.0MB thr=  1 pools=  9 campools= 4 children=    27 items= 157294 camTot=  157295 camMax=  40776 watch=0/0 saved=0 gcObj=  723421 qpix=    -1 qimg=    -1 axisH=  5.0 online=0
2026-08-06 13:50:11 up=  62.0m rss=    -1.0MB thr=  1 pools=  9 campools= 4 children=    27 items= 157294 camTot=  157295 camMax=  40776 watch=0/0 saved=0 gcObj=  723449 qpix=    -1 qimg=    -1 axisH=  5.0 online=0
2026-08-06 13:51:11 up=  63.0m rss=    -1.0MB thr=  1 pools=  9 campools= 4 children=    27 items= 157294 camTot=  157295 camMax=  40776 watch=0/0 saved=0 gcObj=  723477 qpix=    -1 qimg=    -1 axisH=  5.0 online=0
2026-08-06 13:52:11 up=  64.0m rss=    -1.0MB thr=  1 pools=  9 campools= 4 children=    27 items= 157294 camTot=  157295 camMax=  40776 watch=0/0 saved=0 gcObj=  723505 qpix=    -1 qimg=    -1 axisH=  5.0 online=0
2026-08-06 13:53:11 up=  65.0m rss=    -1.0MB thr=  1 pools=  9 campools= 4 children=    27 items= 157294 camTot=  157295 camMax=  40776 watch=0/0 saved=0 gcObj=  723533 qpix=    -1 qimg=    -1 axisH=  5.0 online=0
2026-08-06 13:54:11 up=  66.0m rss=    -1.0MB thr=  1 pools=  9 campools= 4 children=    27 items= 157294 camTot=  157295 camMax=  40776 watch=0/0 saved=0 gcObj=  723561 qpix=    -1 qimg=    -1 axisH=  5.0 online=0
2026-08-06 13:55:11 up=  67.0m rss=    -1.0MB thr=  1 pools=  9 campools= 4 children=    27 items= 157294 camTot=  157295 camMax=  40776 watch=0/0 saved=0 gcObj=  723589 qpix=    -1 qimg=    -1 axisH=  5.0 online=0
2026-08-06 13:56:11 up=  68.0m rss=    -1.0MB thr=  1 pools=  9 campools= 4 children=    27 items= 157294 camTot=  157295 camMax=  40776 watch=0/0 saved=0 gcObj=  723617 qpix=    -1 qimg=    -1 axisH=  5.0 online=0
2026-08-06 13:57:11 up=  69.0m rss=    -1.0MB thr=  1 pools=  9 campools= 4 children=    27 items= 157294 camTot=  157295 camMax=  40776 watch=0/0 saved=0 gcObj=  723645 qpix=    -1 qimg=    -1 axisH=  5.0 online=0
2026-08-06 13:58:11 up=  70.0m rss=    -1.0MB thr=  1 pools=  9 campools= 4 children=    27 items= 157294 camTot=  157295 camMax=  40776 watch=0/0 saved=0 gcObj=  723673 qpix=    -1 qimg=    -1 axisH=  5.0 online=0
2026-08-06 13:59:11 up=  71.0m rss=    -1.0MB thr=  1 pools=  9 campools= 4 children=    27 items= 157294 camTot=  157295 camMax=  40776 watch=0/0 saved=0 gcObj=  723701 qpix=    -1 qimg=    -1 axisH=  5.0 online=0
2026-08-06 14:00:11 up=  72.0m rss=    -1.0MB thr=  1 pools=  9 campools= 4 children=    27 items= 157294 camTot=  157295 camMax=  40776 watch=0/0 saved=0 gcObj=  723729 qpix=    -1 qimg=    -1 axisH=  5.0 online=0
2026-08-06 14:01:11 up=  73.0m rss=    -1.0MB thr=  1 pools=  9 campools= 4 children=    27 items= 157294 camTot=  157295 camMax=  40776 watch=0/0 saved=0 gcObj=  723757 qpix=    -1 qimg=    -1 axisH=  5.0 online=0
2026-08-06 14:02:11 up=  74.0m rss=    -1.0MB thr=  1 pools=  9 campools= 4 children=    27 items= 157294 camTot=  157295 camMax=  40776 watch=0/0 saved=0 gcObj=  723785 qpix=    -1 qimg=    -1 axisH=  5.0 online=0
2026-08-06 14:03:11 up=  75.0m rss=    -1.0MB thr=  1 pools=  9 campools= 4 children=    27 items= 157294 camTot=  157295 camMax=  40776 watch=0/0 saved=0 gcObj=  723813 qpix=    -1 qimg=    -1 axisH=  5.0 online=0
2026-08-06 14:04:11 up=  76.0m rss=    -1.0MB thr=  1 pools=  9 campools= 4 children=    27 items= 157294 camTot=  157295 camMax=  40776 watch=0/0 saved=0 gcObj=  723841 qpix=    -1 qimg=    -1 axisH=  5.0 online=0
2026-08-06 14:05:11 up=  77.0m rss=    -1.0MB thr=  1 pools=  9 campools= 4 children=    27 items= 157294 camTot=  157295 camMax=  40776 watch=0/0 saved=0 gcObj=  723869 qpix=    -1 qimg=    -1 axisH=  5.0 online=0
2026-08-06 14:06:11 up=  78.0m rss=    -1.0MB thr=  1 pools=  9 campools= 4 children=    27 items= 157294 camTot=  157295 camMax=  40776 watch=0/0 saved=0 gcObj=  723897 qpix=    -1 qimg=    -1 axisH=  5.0 online=0
2026-08-06 14:07:11 up=  79.0m rss=    -1.0MB thr=  1 pools=  9 campools= 4 children=    27 items= 157294 camTot=  157295 camMax=  40776 watch=0/0 saved=0 gcObj=  723925 qpix=    -1 qimg=    -1 axisH=  5.0 online=0
2026-08-06 14:08:11 up=  80.0m rss=    -1.0MB thr=  1 pools=  9 campools= 4 children=    27 items= 157294 camTot=  157295 camMax=  40776 watch=0/0 saved=0 gcObj=  723953 qpix=    -1 qimg=    -1 axisH=  5.0 online=0
2026-08-06 14:09:11 up=  81.0m rss=    -1.0MB thr=  1 pools=  9 campools= 4 children=    27 items= 157294 camTot=  157295 camMax=  40776 watch=0/0 saved=0 gcObj=  723981 qpix=    -1 qimg=    -1 axisH=  5.0 online=0
2026-08-06 14:10:11 up=  82.0m rss=    -1.0MB thr=  1 pools=  9 campools= 4 children=    27 items= 157294 camTot=  157295 camMax=  40776 watch=0/0 saved=0 gcObj=  724009 qpix=    -1 qimg=    -1 axisH=  5.0 online=0
2026-08-06 14:11:11 up=  83.0m rss=    -1.0MB thr=  1 pools=  9 campools= 4 children=    27 items= 157294 camTot=  157295 camMax=  40776 watch=0/0 saved=0 gcObj=  723000 qpix=    -1 qimg=    -1 axisH=  5.0 online=0
2026-08-06 14:12:11 up=  84.0m rss=    -1.0MB thr=  1 pools=  9 campools= 4 children=    27 items= 157294 camTot=  157295 camMax=  40776 watch=0/0 saved=0 gcObj=  723028 qpix=    -1 qimg=    -1 axisH=  5.0 online=0
2026-08-06 14:13:11 up=  85.0m rss=    -1.0MB thr=  1 pools=  9 campools= 4 children=    27 items= 157294 camTot=  157295 camMax=  40776 watch=0/0 saved=0 gcObj=  723056 qpix=    -1 qimg=    -1 axisH=  5.0 online=0
2026-08-06 14:14:11 up=  86.0m rss=    -1.0MB thr=  1 pools=  9 campools= 4 children=    27 items= 157294 camTot=  157295 camMax=  40776 watch=0/0 saved=0 gcObj=  723084 qpix=    -1 qimg=    -1 axisH=  5.0 online=0
2026-08-06 14:15:11 up=  87.0m rss=    -1.0MB thr=  1 pools=  9 campools= 4 children=    27 items= 157294 camTot=  157295 camMax=  40776 watch=0/0 saved=0 gcObj=  723112 qpix=    -1 qimg=    -1 axisH=  5.0 online=0
2026-08-06 14:16:11 up=  88.0m rss=    -1.0MB thr=  1 pools=  9 campools= 4 children=    27 items= 157294 camTot=  157295 camMax=  40776 watch=0/0 saved=0 gcObj=  723140 qpix=    -1 qimg=    -1 axisH=  5.0 online=0
2026-08-06 14:17:11 up=  89.0m rss=    -1.0MB thr=  1 pools=  9 campools= 4 children=    27 items= 157294 camTot=  157295 camMax=  40776 watch=0/0 saved=0 gcObj=  723168 qpix=    -1 qimg=    -1 axisH=  5.0 online=0
2026-08-06 14:18:11 up=  90.0m rss=    -1.0MB thr=  1 pools=  9 campools= 4 children=    27 items= 157294 camTot=  157295 camMax=  40776 watch=0/0 saved=0 gcObj=  723196 qpix=    -1 qimg=    -1 axisH=  5.0 online=0
2026-08-06 14:19:11 up=  91.0m rss=    -1.0MB thr=  1 pools=  9 campools= 4 children=    27 items= 157294 camTot=  157295 camMax=  40776 watch=0/0 saved=0 gcObj=  723224 qpix=    -1 qimg=    -1 axisH=  5.0 online=0
2026-08-06 14:20:11 up=  92.0m rss=    -1.0MB thr=  1 pools=  9 campools= 4 children=    27 items= 157294 camTot=  157295 camMax=  40776 watch=0/0 saved=0 gcObj=  723252 qpix=    -1 qimg=    -1 axisH=  5.0 online=0
2026-08-06 14:21:11 up=  93.0m rss=    -1.0MB thr=  1 pools=  9 campools= 4 children=    27 items= 157294 camTot=  157295 camMax=  40776 watch=0/0 saved=0 gcObj=  723280 qpix=    -1 qimg=    -1 axisH=  5.0 online=0
2026-08-06 14:22:11 up=  94.0m rss=    -1.0MB thr=  1 pools=  9 campools= 4 children=    27 items= 157294 camTot=  157295 camMax=  40776 watch=0/0 saved=0 gcObj=  723308 qpix=    -1 qimg=    -1 axisH=  5.0 online=0
2026-08-06 14:23:11 up=  95.0m rss=    -1.0MB thr=  1 pools=  9 campools= 4 children=    27 items= 157294 camTot=  157295 camMax=  40776 watch=0/0 saved=0 gcObj=  723336 qpix=    -1 qimg=    -1 axisH=  5.0 online=0
2026-08-06 14:24:11 up=  96.0m rss=    -1.0MB thr=  1 pools=  9 campools= 4 children=    27 items= 157294 camTot=  157295 camMax=  40776 watch=0/0 saved=0 gcObj=  723364 qpix=    -1 qimg=    -1 axisH=  5.0 online=0
2026-08-06 14:25:11 up=  97.0m rss=    -1.0MB thr=  1 pools=  9 campools= 4 children=    27 items= 157294 camTot=  157295 camMax=  40776 watch=0/0 saved=0 gcObj=  723392 qpix=    -1 qimg=    -1 axisH=  5.0 online=0
2026-08-06 14:26:11 up=  98.0m rss=    -1.0MB thr=  1 pools=  9 campools= 4 children=    27 items= 157294 camTot=  157295 camMax=  40776 watch=0/0 saved=0 gcObj=  723420 qpix=    -1 qimg=    -1 axisH=  5.0 online=0
2026-08-06 14:27:11 up=  99.0m rss=    -1.0MB thr=  1 pools=  9 campools= 4 children=    27 items= 157294 camTot=  157295 camMax=  40776 watch=0/0 saved=0 gcObj=  723448 qpix=    -1 qimg=    -1 axisH=  5.0 online=0
2026-08-06 14:28:11 up= 100.0m rss=    -1.0MB thr=  1 pools=  9 campools= 4 children=    27 items= 157294 camTot=  157295 camMax=  40776 watch=0/0 saved=0 gcObj=  723476 qpix=    -1 qimg=    -1 axisH=  5.0 online=0
2026-08-06 14:29:11 up= 101.0m rss=    -1.0MB thr=  1 pools=  9 campools= 4 children=    27 items= 157294 camTot=  157295 camMax=  40776 watch=0/0 saved=0 gcObj=  723504 qpix=    -1 qimg=    -1 axisH=  5.0 online=0
2026-08-06 14:30:11 up= 102.0m rss=    -1.0MB thr=  1 pools=  9 campools= 4 children=    27 items= 157294 camTot=  157295 camMax=  40776 watch=0/0 saved=0 gcObj=  723532 qpix=    -1 qimg=    -1 axisH=  5.0 online=0
2026-08-06 14:31:11 up= 103.0m rss=    -1.0MB thr=  1 pools=  9 campools= 4 children=    27 items= 157294 camTot=  157295 camMax=  40776 watch=0/0 saved=0 gcObj=  723560 qpix=    -1 qimg=    -1 axisH=  5.0 online=0
2026-08-06 14:32:11 up= 104.0m rss=    -1.0MB thr=  1 pools=  9 campools= 4 children=    27 items= 157294 camTot=  157295 camMax=  40776 watch=0/0 saved=0 gcObj=  723588 qpix=    -1 qimg=    -1 axisH=  5.0 online=0
2026-08-06 14:33:11 up= 105.0m rss=    -1.0MB thr=  1 pools=  9 campools= 4 children=    27 items= 157294 camTot=  157295 camMax=  40776 watch=0/0 saved=0 gcObj=  723616 qpix=    -1 qimg=    -1 axisH=  5.0 online=0
2026-08-06 14:34:11 up= 106.0m rss=    -1.0MB thr=  1 pools=  9 campools= 4 children=    27 items= 157294 camTot=  157295 camMax=  40776 watch=0/0 saved=0 gcObj=  723644 qpix=    -1 qimg=    -1 axisH=  5.0 online=0
2026-08-06 14:35:11 up= 107.0m rss=    -1.0MB thr=  1 pools=  9 campools= 4 children=    27 items= 157294 camTot=  157295 camMax=  40776 watch=0/0 saved=0 gcObj=  723672 qpix=    -1 qimg=    -1 axisH=  5.0 online=0
2026-08-06 14:36:11 up= 108.0m rss=    -1.0MB thr=  1 pools=  9 campools= 4 children=    27 items= 157294 camTot=  157295 camMax=  40776 watch=0/0 saved=0 gcObj=  723700 qpix=    -1 qimg=    -1 axisH=  5.0 online=0
2026-08-06 14:37:11 up= 109.0m rss=    -1.0MB thr=  1 pools=  9 campools= 4 children=    27 items= 157294 camTot=  157295 camMax=  40776 watch=0/0 saved=0 gcObj=  723728 qpix=    -1 qimg=    -1 axisH=  5.0 online=0
2026-08-06 14:38:11 up= 110.0m rss=    -1.0MB thr=  1 pools=  9 campools= 4 children=    27 items= 157294 camTot=  157295 camMax=  40776 watch=0/0 saved=0 gcObj=  723756 qpix=    -1 qimg=    -1 axisH=  5.0 online=0
2026-08-06 14:39:11 up= 111.0m rss=    -1.0MB thr=  1 pools=  9 campools= 4 children=    27 items= 157294 camTot=  157295 camMax=  40776 watch=0/0 saved=0 gcObj=  723784 qpix=    -1 qimg=    -1 axisH=  5.0 online=0
2026-08-06 14:40:11 up= 112.0m rss=    -1.0MB thr=  1 pools=  9 campools= 4 children=    27 items= 157294 camTot=  157295 camMax=  40776 watch=0/0 saved=0 gcObj=  723812 qpix=    -1 qimg=    -1 axisH=  5.0 online=0
2026-08-06 14:41:11 up= 113.0m rss=    -1.0MB thr=  1 pools=  9 campools= 4 children=    27 items= 157294 camTot=  157295 camMax=  40776 watch=0/0 saved=0 gcObj=  723840 qpix=    -1 qimg=    -1 axisH=  5.0 online=0
2026-08-06 14:42:11 up= 114.0m rss=    -1.0MB thr=  1 pools=  9 campools= 4 children=    27 items= 157294 camTot=  157295 camMax=  40776 watch=0/0 saved=0 gcObj=  723868 qpix=    -1 qimg=    -1 axisH=  5.0 online=0
2026-08-06 14:43:11 up= 115.0m rss=    -1.0MB thr=  1 pools=  9 campools= 4 children=    27 items= 157294 camTot=  157295 camMax=  40776 watch=0/0 saved=0 gcObj=  723896 qpix=    -1 qimg=    -1 axisH=  5.0 online=0
2026-08-06 14:44:11 up= 116.0m rss=    -1.0MB thr=  1 pools=  9 campools= 4 children=    27 items= 157294 camTot=  157295 camMax=  40776 watch=0/0 saved=0 gcObj=  723924 qpix=    -1 qimg=    -1 axisH=  5.0 online=0
2026-08-06 14:45:11 up= 117.0m rss=    -1.0MB thr=  1 pools=  9 campools= 4 children=    27 items= 157294 camTot=  157295 camMax=  40776 watch=0/0 saved=0 gcObj=  723952 qpix=    -1 qimg=    -1 axisH=  5.0 online=0
2026-08-06 14:46:11 up= 118.0m rss=    -1.0MB thr=  1 pools=  9 campools= 4 children=    27 items= 157294 camTot=  157295 camMax=  40776 watch=0/0 saved=0 gcObj=  723980 qpix=    -1 qimg=    -1 axisH=  5.0 online=0
2026-08-06 14:47:11 up= 119.0m rss=    -1.0MB thr=  1 pools=  9 campools= 4 children=    27 items= 157294 camTot=  157295 camMax=  40776 watch=0/0 saved=0 gcObj=  724008 qpix=    -1 qimg=    -1 axisH=  5.0 online=0
2026-08-06 14:48:11 up= 120.0m rss=    -1.0MB thr=  1 pools=  9 campools= 4 children=    27 items= 157294 camTot=  157295 camMax=  40776 watch=0/0 saved=0 gcObj=  724036 qpix=    -1 qimg=    -1 axisH=  5.0 online=0
2026-08-06 14:49:11 up= 121.0m rss=    -1.0MB thr=  1 pools=  9 campools= 4 children=    27 items= 157294 camTot=  157295 camMax=  40776 watch=0/0 saved=0 gcObj=  724064 qpix=    -1 qimg=    -1 axisH=  5.0 online=0
2026-08-06 14:50:11 up= 122.0m rss=    -1.0MB thr=  1 pools=  9 campools= 4 children=    27 items= 157294 camTot=  157295 camMax=  40776 watch=0/0 saved=0 gcObj=  724092 qpix=    -1 qimg=    -1 axisH=  5.0 online=0
2026-08-06 14:51:11 up= 123.0m rss=    -1.0MB thr=  1 pools=  9 campools= 4 children=    27 items= 157294 camTot=  157295 camMax=  40776 watch=0/0 saved=0 gcObj=  724120 qpix=    -1 qimg=    -1 axisH=  5.0 online=0
2026-08-06 14:52:11 up= 124.0m rss=    -1.0MB thr=  1 pools=  9 campools= 4 children=    27 items= 157294 camTot=  157295 camMax=  40776 watch=0/0 saved=0 gcObj=  722999 qpix=    -1 qimg=    -1 axisH=  5.0 online=0
2026-08-06 14:53:11 up= 125.0m rss=    -1.0MB thr=  1 pools=  9 campools= 4 children=    27 items= 157294 camTot=  157295 camMax=  40776 watch=0/0 saved=0 gcObj=  723027 qpix=    -1 qimg=    -1 axisH=  5.0 online=0
2026-08-06 14:54:11 up= 126.0m rss=    -1.0MB thr=  1 pools=  9 campools= 4 children=    27 items= 157294 camTot=  157295 camMax=  40776 watch=0/0 saved=0 gcObj=  723055 qpix=    -1 qimg=    -1 axisH=  5.0 online=0
2026-08-06 14:55:11 up= 127.0m rss=    -1.0MB thr=  1 pools=  9 campools= 4 children=    27 items= 157294 camTot=  157295 camMax=  40776 watch=0/0 saved=0 gcObj=  723083 qpix=    -1 qimg=    -1 axisH=  5.0 online=0
2026-08-06 14:56:11 up= 128.0m rss=    -1.0MB thr=  1 pools=  9 campools= 4 children=    27 items= 157294 camTot=  157295 camMax=  40776 watch=0/0 saved=0 gcObj=  723111 qpix=    -1 qimg=    -1 axisH=  5.0 online=0
2026-08-06 14:57:11 up= 129.0m rss=    -1.0MB thr=  1 pools=  9 campools= 4 children=    27 items= 157294 camTot=  157295 camMax=  40776 watch=0/0 saved=0 gcObj=  723139 qpix=    -1 qimg=    -1 axisH=  5.0 online=0
2026-08-06 14:58:11 up= 130.0m rss=    -1.0MB thr=  1 pools=  9 campools= 4 children=    27 items= 157294 camTot=  157295 camMax=  40776 watch=0/0 saved=0 gcObj=  723167 qpix=    -1 qimg=    -1 axisH=  5.0 online=0
2026-08-06 14:59:11 up= 131.0m rss=    -1.0MB thr=  1 pools=  9 campools= 4 children=    27 items= 157294 camTot=  157295 camMax=  40776 watch=0/0 saved=0 gcObj=  723195 qpix=    -1 qimg=    -1 axisH=  5.0 online=0
2026-08-06 15:00:11 up= 132.0m rss=    -1.0MB thr=  1 pools=  9 campools= 4 children=    27 items= 157294 camTot=  157295 camMax=  40776 watch=0/0 saved=0 gcObj=  723223 qpix=    -1 qimg=    -1 axisH=  5.0 online=0
2026-08-06 15:01:11 up= 133.0m rss=    -1.0MB thr=  1 pools=  9 campools= 4 children=    27 items= 157294 camTot=  157295 camMax=  40776 watch=0/0 saved=0 gcObj=  723251 qpix=    -1 qimg=    -1 axisH=  5.0 online=0
2026-08-06 15:02:11 up= 134.0m rss=    -1.0MB thr=  1 pools=  9 campools= 4 children=    27 items= 157294 camTot=  157295 camMax=  40776 watch=0/0 saved=0 gcObj=  723279 qpix=    -1 qimg=    -1 axisH=  5.0 online=0
2026-08-06 15:03:11 up= 135.0m rss=    -1.0MB thr=  1 pools=  9 campools= 4 children=    27 items= 157294 camTot=  157295 camMax=  40776 watch=0/0 saved=0 gcObj=  723307 qpix=    -1 qimg=    -1 axisH=  5.0 online=0
2026-08-06 15:04:11 up= 136.0m rss=    -1.0MB thr=  1 pools=  9 campools= 4 children=    27 items= 157294 camTot=  157295 camMax=  40776 watch=0/0 saved=0 gcObj=  723335 qpix=    -1 qimg=    -1 axisH=  5.0 online=0
2026-08-06 15:05:11 up= 137.0m rss=    -1.0MB thr=  1 pools=  9 campools= 4 children=    27 items= 157294 camTot=  157295 camMax=  40776 watch=0/0 saved=0 gcObj=  723363 qpix=    -1 qimg=    -1 axisH=  5.0 online=0
2026-08-06 15:06:11 up= 138.0m rss=    -1.0MB thr=  1 pools=  9 campools= 4 children=    27 items= 157294 camTot=  157295 camMax=  40776 watch=0/0 saved=0 gcObj=  723391 qpix=    -1 qimg=    -1 axisH=  5.0 online=0
2026-08-06 15:07:11 up= 139.0m rss=    -1.0MB thr=  1 pools=  9 campools= 4 children=    27 items= 157294 camTot=  157295 camMax=  40776 watch=0/0 saved=0 gcObj=  723419 qpix=    -1 qimg=    -1 axisH=  5.0 online=0
2026-08-06 15:08:11 up= 140.0m rss=    -1.0MB thr=  1 pools=  9 campools= 4 children=    27 items= 157294 camTot=  157295 camMax=  40776 watch=0/0 saved=0 gcObj=  723447 qpix=    -1 qimg=    -1 axisH=  5.0 online=0
2026-08-06 15:09:11 up= 141.0m rss=    -1.0MB thr=  1 pools=  9 campools= 4 children=    27 items= 157294 camTot=  157295 camMax=  40776 watch=0/0 saved=0 gcObj=  723475 qpix=    -1 qimg=    -1 axisH=  5.0 online=0
2026-08-06 15:10:11 up= 142.0m rss=    -1.0MB thr=  1 pools=  9 campools= 4 children=    27 items= 157294 camTot=  157295 camMax=  40776 watch=0/0 saved=0 gcObj=  723503 qpix=    -1 qimg=    -1 axisH=  5.0 online=0
2026-08-06 15:11:11 up= 143.0m rss=    -1.0MB thr=  1 pools=  9 campools= 4 children=    27 items= 157294 camTot=  157295 camMax=  40776 watch=0/0 saved=0 gcObj=  723531 qpix=    -1 qimg=    -1 axisH=  5.0 online=0
2026-08-06 15:12:11 up= 144.0m rss=    -1.0MB thr=  1 pools=  9 campools= 4 children=    27 items= 157294 camTot=  157295 camMax=  40776 watch=0/0 saved=0 gcObj=  723559 qpix=    -1 qimg=    -1 axisH=  5.0 online=0
2026-08-06 15:13:11 up= 145.0m rss=    -1.0MB thr=  1 pools=  9 campools= 4 children=    27 items= 157294 camTot=  157295 camMax=  40776 watch=0/0 saved=0 gcObj=  723587 qpix=    -1 qimg=    -1 axisH=  5.0 online=0
2026-08-06 15:14:11 up= 146.0m rss=    -1.0MB thr=  1 pools=  9 campools= 4 children=    27 items= 157294 camTot=  157295 camMax=  40776 watch=0/0 saved=0 gcObj=  723615 qpix=    -1 qimg=    -1 axisH=  5.0 online=0
2026-08-06 15:15:11 up= 147.0m rss=    -1.0MB thr=  1 pools=  9 campools= 4 children=    27 items= 157294 camTot=  157295 camMax=  40776 watch=0/0 saved=0 gcObj=  723643 qpix=    -1 qimg=    -1 axisH=  5.0 online=0
2026-08-06 15:16:11 up= 148.0m rss=    -1.0MB thr=  1 pools=  9 campools= 4 children=    27 items= 157294 camTot=  157295 camMax=  40776 watch=0/0 saved=0 gcObj=  723671 qpix=    -1 qimg=    -1 axisH=  5.0 online=0
2026-08-06 15:17:11 up= 149.0m rss=    -1.0MB thr=  1 pools=  9 campools= 4 children=    27 items= 157294 camTot=  157295 camMax=  40776 watch=0/0 saved=0 gcObj=  723699 qpix=    -1 qimg=    -1 axisH=  5.0 online=0
2026-08-06 15:18:11 up= 150.0m rss=    -1.0MB thr=  1 pools=  9 campools= 4 children=    27 items= 157294 camTot=  157295 camMax=  40776 watch=0/0 saved=0 gcObj=  723727 qpix=    -1 qimg=    -1 axisH=  5.0 online=0
2026-08-06 15:19:11 up= 151.0m rss=    -1.0MB thr=  1 pools=  9 campools= 4 children=    27 items= 157294 camTot=  157295 camMax=  40776 watch=0/0 saved=0 gcObj=  723755 qpix=    -1 qimg=    -1 axisH=  5.0 online=0
2026-08-06 15:20:11 up= 152.0m rss=    -1.0MB thr=  1 pools=  9 campools= 4 children=    27 items= 157294 camTot=  157295 camMax=  40776 watch=0/0 saved=0 gcObj=  723783 qpix=    -1 qimg=    -1 axisH=  5.0 online=0
2026-08-06 15:21:11 up= 153.0m rss=    -1.0MB thr=  1 pools=  9 campools= 4 children=    27 items= 157294 camTot=  157295 camMax=  40776 watch=0/0 saved=0 gcObj=  723811 qpix=    -1 qimg=    -1 axisH=  5.0 online=0
2026-08-06 15:22:11 up= 154.0m rss=    -1.0MB thr=  1 pools=  9 campools= 4 children=    27 items= 157294 camTot=  157295 camMax=  40776 watch=0/0 saved=0 gcObj=  723839 qpix=    -1 qimg=    -1 axisH=  5.0 online=0
2026-08-06 15:23:11 up= 155.0m rss=    -1.0MB thr=  1 pools=  9 campools= 4 children=    27 items= 157294 camTot=  157295 camMax=  40776 watch=0/0 saved=0 gcObj=  723867 qpix=    -1 qimg=    -1 axisH=  5.0 online=0
2026-08-06 15:24:11 up= 156.0m rss=    -1.0MB thr=  1 pools=  9 campools= 4 children=    27 items= 157294 camTot=  157295 camMax=  40776 watch=0/0 saved=0 gcObj=  723895 qpix=    -1 qimg=    -1 axisH=  5.0 online=0
2026-08-06 15:25:11 up= 157.0m rss=    -1.0MB thr=  1 pools=  9 campools= 4 children=    27 items= 157294 camTot=  157295 camMax=  40776 watch=0/0 saved=0 gcObj=  723923 qpix=    -1 qimg=    -1 axisH=  5.0 online=0
2026-08-06 15:26:11 up= 158.0m rss=    -1.0MB thr=  1 pools=  9 campools= 4 children=    27 items= 157294 camTot=  157295 camMax=  40776 watch=0/0 saved=0 gcObj=  723951 qpix=    -1 qimg=    -1 axisH=  5.0 online=0
2026-08-06 15:27:11 up= 159.0m rss=    -1.0MB thr=  1 pools=  9 campools= 4 children=    27 items= 157294 camTot=  157295 camMax=  40776 watch=0/0 saved=0 gcObj=  723979 qpix=    -1 qimg=    -1 axisH=  5.0 online=0
2026-08-06 15:28:11 up= 160.0m rss=    -1.0MB thr=  1 pools=  9 campools= 4 children=    27 items= 157294 camTot=  157295 camMax=  40776 watch=0/0 saved=0 gcObj=  724007 qpix=    -1 qimg=    -1 axisH=  5.0 online=0
2026-08-06 15:29:11 up= 161.0m rss=    -1.0MB thr=  1 pools=  9 campools= 4 children=    27 items= 157294 camTot=  157295 camMax=  40776 watch=0/0 saved=0 gcObj=  724035 qpix=    -1 qimg=    -1 axisH=  5.0 online=0
2026-08-06 15:30:11 up= 162.0m rss=    -1.0MB thr=  1 pools=  9 campools= 4 children=    27 items= 157294 camTot=  157295 camMax=  40776 watch=0/0 saved=0 gcObj=  724063 qpix=    -1 qimg=    -1 axisH=  5.0 online=0
2026-08-06 15:31:11 up= 163.0m rss=    -1.0MB thr=  1 pools=  9 campools= 4 children=    27 items= 157294 camTot=  157295 camMax=  40776 watch=0/0 saved=0 gcObj=  724091 qpix=    -1 qimg=    -1 axisH=  5.0 online=0
2026-08-06 15:32:11 up= 164.0m rss=    -1.0MB thr=  1 pools=  9 campools= 4 children=    27 items= 157294 camTot=  157295 camMax=  40776 watch=0/0 saved=0 gcObj=  724119 qpix=    -1 qimg=    -1 axisH=  5.0 online=0
2026-08-06 15:33:11 up= 165.0m rss=    -1.0MB thr=  1 pools=  9 campools= 4 children=    27 items= 157294 camTot=  157295 camMax=  40776 watch=0/0 saved=0 gcObj=  724147 qpix=    -1 qimg=    -1 axisH=  5.0 online=0
2026-08-06 15:34:11 up= 166.0m rss=    -1.0MB thr=  1 pools=  9 campools= 4 children=    27 items= 157294 camTot=  157295 camMax=  40776 watch=0/0 saved=0 gcObj=  724175 qpix=    -1 qimg=    -1 axisH=  5.0 online=0
2026-08-06 15:35:11 up= 167.0m rss=    -1.0MB thr=  1 pools=  9 campools= 4 children=    27 items= 157294 camTot=  157295 camMax=  40776 watch=0/0 saved=0 gcObj=  724203 qpix=    -1 qimg=    -1 axisH=  5.0 online=0
2026-08-06 15:36:11 up= 168.0m rss=    -1.0MB thr=  1 pools=  9 campools= 4 children=    27 items= 157294 camTot=  157295 camMax=  40776 watch=0/0 saved=0 gcObj=  723026 qpix=    -1 qimg=    -1 axisH=  5.0 online=0
2026-08-06 15:37:11 up= 169.0m rss=    -1.0MB thr=  1 pools=  9 campools= 4 children=    27 items= 157294 camTot=  157295 camMax=  40776 watch=0/0 saved=0 gcObj=  723054 qpix=    -1 qimg=    -1 axisH=  5.0 online=0
2026-08-06 15:38:11 up= 170.0m rss=    -1.0MB thr=  1 pools=  9 campools= 4 children=    27 items= 157294 camTot=  157295 camMax=  40776 watch=0/0 saved=0 gcObj=  723082 qpix=    -1 qimg=    -1 axisH=  5.0 online=0
2026-08-06 15:39:11 up= 171.0m rss=    -1.0MB thr=  1 pools=  9 campools= 4 children=    27 items= 157294 camTot=  157295 camMax=  40776 watch=0/0 saved=0 gcObj=  723110 qpix=    -1 qimg=    -1 axisH=  5.0 online=0
2026-08-06 15:40:11 up= 172.0m rss=    -1.0MB thr=  1 pools=  9 campools= 4 children=    27 items= 157294 camTot=  157295 camMax=  40776 watch=0/0 saved=0 gcObj=  723138 qpix=    -1 qimg=    -1 axisH=  5.0 online=0
2026-08-06 15:41:11 up= 173.0m rss=    -1.0MB thr=  1 pools=  9 campools= 4 children=    27 items= 157294 camTot=  157295 camMax=  40776 watch=0/0 saved=0 gcObj=  723166 qpix=    -1 qimg=    -1 axisH=  5.0 online=0
2026-08-06 15:42:11 up= 174.0m rss=    -1.0MB thr=  1 pools=  9 campools= 4 children=    27 items= 157294 camTot=  157295 camMax=  40776 watch=0/0 saved=0 gcObj=  723194 qpix=    -1 qimg=    -1 axisH=  5.0 online=0
2026-08-06 15:43:11 up= 175.0m rss=    -1.0MB thr=  1 pools=  9 campools= 4 children=    27 items= 157294 camTot=  157295 camMax=  40776 watch=0/0 saved=0 gcObj=  723222 qpix=    -1 qimg=    -1 axisH=  5.0 online=0
2026-08-06 15:44:11 up= 176.0m rss=    -1.0MB thr=  1 pools=  9 campools= 4 children=    27 items= 157294 camTot=  157295 camMax=  40776 watch=0/0 saved=0 gcObj=  723250 qpix=    -1 qimg=    -1 axisH=  5.0 online=0
2026-08-06 15:45:11 up= 177.0m rss=    -1.0MB thr=  1 pools=  9 campools= 4 children=    27 items= 157294 camTot=  157295 camMax=  40776 watch=0/0 saved=0 gcObj=  723278 qpix=    -1 qimg=    -1 axisH=  5.0 online=0
2026-08-06 15:46:11 up= 178.0m rss=    -1.0MB thr=  1 pools=  9 campools= 4 children=    27 items= 157294 camTot=  157295 camMax=  40776 watch=0/0 saved=0 gcObj=  723306 qpix=    -1 qimg=    -1 axisH=  5.0 online=0
2026-08-06 15:47:11 up= 179.0m rss=    -1.0MB thr=  1 pools=  9 campools= 4 children=    27 items= 157294 camTot=  157295 camMax=  40776 watch=0/0 saved=0 gcObj=  723334 qpix=    -1 qimg=    -1 axisH=  5.0 online=0
2026-08-06 15:48:11 up= 180.0m rss=    -1.0MB thr=  1 pools=  9 campools= 4 children=    27 items= 157294 camTot=  157295 camMax=  40776 watch=0/0 saved=0 gcObj=  723362 qpix=    -1 qimg=    -1 axisH=  5.0 online=0
2026-08-06 15:49:11 up= 181.0m rss=    -1.0MB thr=  1 pools=  9 campools= 4 children=    27 items= 157294 camTot=  157295 camMax=  40776 watch=0/0 saved=0 gcObj=  723390 qpix=    -1 qimg=    -1 axisH=  5.0 online=0
2026-08-06 15:50:11 up= 182.0m rss=    -1.0MB thr=  1 pools=  9 campools= 4 children=    27 items= 157294 camTot=  157295 camMax=  40776 watch=0/0 saved=0 gcObj=  723418 qpix=    -1 qimg=    -1 axisH=  5.0 online=0
2026-08-06 15:51:11 up= 183.0m rss=    -1.0MB thr=  1 pools=  9 campools= 4 children=    27 items= 157294 camTot=  157295 camMax=  40776 watch=0/0 saved=0 gcObj=  723446 qpix=    -1 qimg=    -1 axisH=  5.0 online=0
2026-08-06 15:52:11 up= 184.0m rss=    -1.0MB thr=  1 pools=  9 campools= 4 children=    27 items= 157294 camTot=  157295 camMax=  40776 watch=0/0 saved=0 gcObj=  723474 qpix=    -1 qimg=    -1 axisH=  5.0 online=0
2026-08-06 15:53:11 up= 185.0m rss=    -1.0MB thr=  1 pools=  9 campools= 4 children=    27 items= 157294 camTot=  157295 camMax=  40776 watch=0/0 saved=0 gcObj=  723502 qpix=    -1 qimg=    -1 axisH=  5.0 online=0
2026-08-06 15:54:11 up= 186.0m rss=    -1.0MB thr=  1 pools=  9 campools= 4 children=    27 items= 157294 camTot=  157295 camMax=  40776 watch=0/0 saved=0 gcObj=  723530 qpix=    -1 qimg=    -1 axisH=  5.0 online=0
2026-08-06 15:55:11 up= 187.0m rss=    -1.0MB thr=  1 pools=  9 campools= 4 children=    27 items= 157294 camTot=  157295 camMax=  40776 watch=0/0 saved=0 gcObj=  723558 qpix=    -1 qimg=    -1 axisH=  5.0 online=0
2026-08-06 15:56:11 up= 188.0m rss=    -1.0MB thr=  1 pools=  9 campools= 4 children=    27 items= 157294 camTot=  157295 camMax=  40776 watch=0/0 saved=0 gcObj=  723586 qpix=    -1 qimg=    -1 axisH=  5.0 online=0
2026-08-06 15:57:11 up= 189.0m rss=    -1.0MB thr=  1 pools=  9 campools= 4 children=    27 items= 157294 camTot=  157295 camMax=  40776 watch=0/0 saved=0 gcObj=  723614 qpix=    -1 qimg=    -1 axisH=  5.0 online=0
2026-08-06 15:58:11 up= 190.0m rss=    -1.0MB thr=  1 pools=  9 campools= 4 children=    27 items= 157294 camTot=  157295 camMax=  40776 watch=0/0 saved=0 gcObj=  723642 qpix=    -1 qimg=    -1 axisH=  5.0 online=0
2026-08-06 15:59:11 up= 191.0m rss=    -1.0MB thr=  1 pools=  9 campools= 4 children=    27 items= 157294 camTot=  157295 camMax=  40776 watch=0/0 saved=0 gcObj=  723670 qpix=    -1 qimg=    -1 axisH=  5.0 online=0
2026-08-06 16:00:11 up= 192.0m rss=    -1.0MB thr=  1 pools=  9 campools= 4 children=    27 items= 157294 camTot=  157295 camMax=  40776 watch=0/0 saved=0 gcObj=  723698 qpix=    -1 qimg=    -1 axisH=  5.0 online=0
2026-08-06 16:01:11 up= 193.0m rss=    -1.0MB thr=  1 pools=  9 campools= 4 children=    27 items= 157294 camTot=  157295 camMax=  40776 watch=0/0 saved=0 gcObj=  723726 qpix=    -1 qimg=    -1 axisH=  5.0 online=0
2026-08-06 16:02:11 up= 194.0m rss=    -1.0MB thr=  1 pools=  9 campools= 4 children=    27 items= 157294 camTot=  157295 camMax=  40776 watch=0/0 saved=0 gcObj=  723754 qpix=    -1 qimg=    -1 axisH=  5.0 online=0
2026-08-06 16:03:11 up= 195.0m rss=    -1.0MB thr=  1 pools=  9 campools= 4 children=    27 items= 157294 camTot=  157295 camMax=  40776 watch=0/0 saved=0 gcObj=  723782 qpix=    -1 qimg=    -1 axisH=  5.0 online=0
2026-08-06 16:04:11 up= 196.0m rss=    -1.0MB thr=  1 pools=  9 campools= 4 children=    27 items= 157294 camTot=  157295 camMax=  40776 watch=0/0 saved=0 gcObj=  723810 qpix=    -1 qimg=    -1 axisH=  5.0 online=0
2026-08-06 16:05:11 up= 197.0m rss=    -1.0MB thr=  1 pools=  9 campools= 4 children=    27 items= 157294 camTot=  157295 camMax=  40776 watch=0/0 saved=0 gcObj=  723838 qpix=    -1 qimg=    -1 axisH=  5.0 online=0
2026-08-06 16:06:11 up= 198.0m rss=    -1.0MB thr=  1 pools=  9 campools= 4 children=    27 items= 157294 camTot=  157295 camMax=  40776 watch=0/0 saved=0 gcObj=  723866 qpix=    -1 qimg=    -1 axisH=  5.0 online=0
2026-08-06 16:07:11 up= 199.0m rss=    -1.0MB thr=  1 pools=  9 campools= 4 children=    27 items= 157294 camTot=  157295 camMax=  40776 watch=0/0 saved=0 gcObj=  723894 qpix=    -1 qimg=    -1 axisH=  5.0 online=0
2026-08-06 16:08:11 up= 200.0m rss=    -1.0MB thr=  1 pools=  9 campools= 4 children=    27 items= 157294 camTot=  157295 camMax=  40776 watch=0/0 saved=0 gcObj=  723922 qpix=    -1 qimg=    -1 axisH=  5.0 online=0
2026-08-06 16:09:11 up= 201.0m rss=    -1.0MB thr=  1 pools=  9 campools= 4 children=    27 items= 157294 camTot=  157295 camMax=  40776 watch=0/0 saved=0 gcObj=  723950 qpix=    -1 qimg=    -1 axisH=  5.0 online=0
2026-08-06 16:10:11 up= 202.0m rss=    -1.0MB thr=  1 pools=  9 campools= 4 children=    27 items= 157294 camTot=  157295 camMax=  40776 watch=0/0 saved=0 gcObj=  723978 qpix=    -1 qimg=    -1 axisH=  5.0 online=0
2026-08-06 16:11:11 up= 203.0m rss=    -1.0MB thr=  1 pools=  9 campools= 4 children=    27 items= 157294 camTot=  157295 camMax=  40776 watch=0/0 saved=0 gcObj=  724006 qpix=    -1 qimg=    -1 axisH=  5.0 online=0
2026-08-06 16:12:11 up= 204.0m rss=    -1.0MB thr=  1 pools=  9 campools= 4 children=    27 items= 157294 camTot=  157295 camMax=  40776 watch=0/0 saved=0 gcObj=  724034 qpix=    -1 qimg=    -1 axisH=  5.0 online=0
2026-08-06 16:13:11 up= 205.0m rss=    -1.0MB thr=  1 pools=  9 campools= 4 children=    27 items= 157294 camTot=  157295 camMax=  40776 watch=0/0 saved=0 gcObj=  724062 qpix=    -1 qimg=    -1 axisH=  5.0 online=0
2026-08-06 16:14:11 up= 206.0m rss=    -1.0MB thr=  1 pools=  9 campools= 4 children=    27 items= 157294 camTot=  157295 camMax=  40776 watch=0/0 saved=0 gcObj=  724090 qpix=    -1 qimg=    -1 axisH=  5.0 online=0
2026-08-06 16:15:11 up= 207.0m rss=    -1.0MB thr=  1 pools=  9 campools= 4 children=    27 items= 157294 camTot=  157295 camMax=  40776 watch=0/0 saved=0 gcObj=  724118 qpix=    -1 qimg=    -1 axisH=  5.0 online=0
2026-08-06 16:16:11 up= 208.0m rss=    -1.0MB thr=  1 pools=  9 campools= 4 children=    27 items= 157294 camTot=  157295 camMax=  40776 watch=0/0 saved=0 gcObj=  724146 qpix=    -1 qimg=    -1 axisH=  5.0 online=0
2026-08-06 16:17:11 up= 209.0m rss=    -1.0MB thr=  1 pools=  9 campools= 4 children=    27 items= 157294 camTot=  157295 camMax=  40776 watch=0/0 saved=0 gcObj=  724174 qpix=    -1 qimg=    -1 axisH=  5.0 online=0
2026-08-06 16:18:11 up= 210.0m rss=    -1.0MB thr=  1 pools=  9 campools= 4 children=    27 items= 157294 camTot=  157295 camMax=  40776 watch=0/0 saved=0 gcObj=  724202 qpix=    -1 qimg=    -1 axisH=  5.0 online=0
2026-08-06 16:19:11 up= 211.0m rss=    -1.0MB thr=  1 pools=  9 campools= 4 children=    27 items= 157294 camTot=  157295 camMax=  40776 watch=0/0 saved=0 gcObj=  724230 qpix=    -1 qimg=    -1 axisH=  5.0 online=0
2026-08-06 16:20:11 up= 212.0m rss=    -1.0MB thr=  1 pools=  9 campools= 4 children=    27 items= 157294 camTot=  157295 camMax=  40776 watch=0/0 saved=0 gcObj=  724258 qpix=    -1 qimg=    -1 axisH=  5.0 online=0
2026-08-06 16:21:11 up= 213.0m rss=    -1.0MB thr=  1 pools=  9 campools= 4 children=    27 items= 157294 camTot=  157295 camMax=  40776 watch=0/0 saved=0 gcObj=  723053 qpix=    -1 qimg=    -1 axisH=  5.0 online=0
2026-08-06 16:22:11 up= 214.0m rss=    -1.0MB thr=  1 pools=  9 campools= 4 children=    27 items= 157294 camTot=  157295 camMax=  40776 watch=0/0 saved=0 gcObj=  723081 qpix=    -1 qimg=    -1 axisH=  5.0 online=0
2026-08-06 16:23:11 up= 215.0m rss=    -1.0MB thr=  1 pools=  9 campools= 4 children=    27 items= 157294 camTot=  157295 camMax=  40776 watch=0/0 saved=0 gcObj=  723109 qpix=    -1 qimg=    -1 axisH=  5.0 online=0
2026-08-06 16:24:11 up= 216.0m rss=    -1.0MB thr=  1 pools=  9 campools= 4 children=    27 items= 157294 camTot=  157295 camMax=  40776 watch=0/0 saved=0 gcObj=  723137 qpix=    -1 qimg=    -1 axisH=  5.0 online=0
2026-08-06 16:25:11 up= 217.0m rss=    -1.0MB thr=  1 pools=  9 campools= 4 children=    27 items= 157294 camTot=  157295 camMax=  40776 watch=0/0 saved=0 gcObj=  723165 qpix=    -1 qimg=    -1 axisH=  5.0 online=0
2026-08-06 16:26:11 up= 218.0m rss=    -1.0MB thr=  1 pools=  9 campools= 4 children=    27 items= 157294 camTot=  157295 camMax=  40776 watch=0/0 saved=0 gcObj=  723193 qpix=    -1 qimg=    -1 axisH=  5.0 online=0
2026-08-06 16:27:11 up= 219.0m rss=    -1.0MB thr=  1 pools=  9 campools= 4 children=    27 items= 157294 camTot=  157295 camMax=  40776 watch=0/0 saved=0 gcObj=  723221 qpix=    -1 qimg=    -1 axisH=  5.0 online=0
2026-08-06 16:28:11 up= 220.0m rss=    -1.0MB thr=  1 pools=  9 campools= 4 children=    27 items= 157294 camTot=  157295 camMax=  40776 watch=0/0 saved=0 gcObj=  723249 qpix=    -1 qimg=    -1 axisH=  5.0 online=0
2026-08-06 16:29:11 up= 221.0m rss=    -1.0MB thr=  1 pools=  9 campools= 4 children=    27 items= 157294 camTot=  157295 camMax=  40776 watch=0/0 saved=0 gcObj=  723277 qpix=    -1 qimg=    -1 axisH=  5.0 online=0
2026-08-06 16:30:11 up= 222.0m rss=    -1.0MB thr=  1 pools=  9 campools= 4 children=    27 items= 157294 camTot=  157295 camMax=  40776 watch=0/0 saved=0 gcObj=  723305 qpix=    -1 qimg=    -1 axisH=  5.0 online=0
2026-08-06 16:31:11 up= 223.0m rss=    -1.0MB thr=  1 pools=  9 campools= 4 children=    27 items= 157294 camTot=  157295 camMax=  40776 watch=0/0 saved=0 gcObj=  723333 qpix=    -1 qimg=    -1 axisH=  5.0 online=0
2026-08-06 16:32:11 up= 224.0m rss=    -1.0MB thr=  1 pools=  9 campools= 4 children=    27 items= 157294 camTot=  157295 camMax=  40776 watch=0/0 saved=0 gcObj=  723361 qpix=    -1 qimg=    -1 axisH=  5.0 online=0
2026-08-06 16:33:11 up= 225.0m rss=    -1.0MB thr=  1 pools=  9 campools= 4 children=    27 items= 157294 camTot=  157295 camMax=  40776 watch=0/0 saved=0 gcObj=  723389 qpix=    -1 qimg=    -1 axisH=  5.0 online=0
2026-08-06 16:34:11 up= 226.0m rss=    -1.0MB thr=  1 pools=  9 campools= 4 children=    27 items= 157294 camTot=  157295 camMax=  40776 watch=0/0 saved=0 gcObj=  723417 qpix=    -1 qimg=    -1 axisH=  5.0 online=0
2026-08-06 16:35:11 up= 227.0m rss=    -1.0MB thr=  1 pools=  9 campools= 4 children=    27 items= 157294 camTot=  157295 camMax=  40776 watch=0/0 saved=0 gcObj=  723445 qpix=    -1 qimg=    -1 axisH=  5.0 online=0
2026-08-06 16:36:11 up= 228.0m rss=    -1.0MB thr=  1 pools=  9 campools= 4 children=    27 items= 157294 camTot=  157295 camMax=  40776 watch=0/0 saved=0 gcObj=  723473 qpix=    -1 qimg=    -1 axisH=  5.0 online=0
2026-08-06 16:37:11 up= 229.0m rss=    -1.0MB thr=  1 pools=  9 campools= 4 children=    27 items= 157294 camTot=  157295 camMax=  40776 watch=0/0 saved=0 gcObj=  723501 qpix=    -1 qimg=    -1 axisH=  5.0 online=0
2026-08-06 16:38:11 up= 230.0m rss=    -1.0MB thr=  1 pools=  9 campools= 4 children=    27 items= 157294 camTot=  157295 camMax=  40776 watch=0/0 saved=0 gcObj=  723529 qpix=    -1 qimg=    -1 axisH=  5.0 online=0
2026-08-06 16:39:11 up= 231.0m rss=    -1.0MB thr=  1 pools=  9 campools= 4 children=    27 items= 157294 camTot=  157295 camMax=  40776 watch=0/0 saved=0 gcObj=  723557 qpix=    -1 qimg=    -1 axisH=  5.0 online=0
2026-08-06 16:40:11 up= 232.0m rss=    -1.0MB thr=  1 pools=  9 campools= 4 children=    27 items= 157294 camTot=  157295 camMax=  40776 watch=0/0 saved=0 gcObj=  723585 qpix=    -1 qimg=    -1 axisH=  5.0 online=0
2026-08-06 16:41:11 up= 233.0m rss=    -1.0MB thr=  1 pools=  9 campools= 4 children=    27 items= 157294 camTot=  157295 camMax=  40776 watch=0/0 saved=0 gcObj=  723613 qpix=    -1 qimg=    -1 axisH=  5.0 online=0
2026-08-06 16:42:11 up= 234.0m rss=    -1.0MB thr=  1 pools=  9 campools= 4 children=    27 items= 157294 camTot=  157295 camMax=  40776 watch=0/0 saved=0 gcObj=  723641 qpix=    -1 qimg=    -1 axisH=  5.0 online=0
2026-08-06 16:43:11 up= 235.0m rss=    -1.0MB thr=  1 pools=  9 campools= 4 children=    27 items= 157294 camTot=  157295 camMax=  40776 watch=0/0 saved=0 gcObj=  723669 qpix=    -1 qimg=    -1 axisH=  5.0 online=0
2026-08-06 16:44:11 up= 236.0m rss=    -1.0MB thr=  1 pools=  9 campools= 4 children=    27 items= 157294 camTot=  157295 camMax=  40776 watch=0/0 saved=0 gcObj=  723697 qpix=    -1 qimg=    -1 axisH=  5.0 online=0
2026-08-06 16:45:11 up= 237.0m rss=    -1.0MB thr=  1 pools=  9 campools= 4 children=    27 items= 157294 camTot=  157295 camMax=  40776 watch=0/0 saved=0 gcObj=  723725 qpix=    -1 qimg=    -1 axisH=  5.0 online=0
2026-08-06 16:46:11 up= 238.0m rss=    -1.0MB thr=  1 pools=  9 campools= 4 children=    27 items= 157294 camTot=  157295 camMax=  40776 watch=0/0 saved=0 gcObj=  723753 qpix=    -1 qimg=    -1 axisH=  5.0 online=0
2026-08-06 16:47:11 up= 239.0m rss=    -1.0MB thr=  1 pools=  9 campools= 4 children=    27 items= 157294 camTot=  157295 camMax=  40776 watch=0/0 saved=0 gcObj=  723781 qpix=    -1 qimg=    -1 axisH=  5.0 online=0
2026-08-06 16:48:11 up= 240.0m rss=    -1.0MB thr=  1 pools=  9 campools= 4 children=    27 items= 157294 camTot=  157295 camMax=  40776 watch=0/0 saved=0 gcObj=  723809 qpix=    -1 qimg=    -1 axisH=  5.0 online=0
2026-08-06 16:49:11 up= 241.0m rss=    -1.0MB thr=  1 pools=  9 campools= 4 children=    27 items= 157294 camTot=  157295 camMax=  40776 watch=0/0 saved=0 gcObj=  723837 qpix=    -1 qimg=    -1 axisH=  5.0 online=0
2026-08-06 16:50:11 up= 242.0m rss=    -1.0MB thr=  1 pools=  9 campools= 4 children=    27 items= 157294 camTot=  157295 camMax=  40776 watch=0/0 saved=0 gcObj=  723865 qpix=    -1 qimg=    -1 axisH=  5.0 online=0
2026-08-06 16:51:12 up= 243.0m rss=    -1.0MB thr=  1 pools=  9 campools= 4 children=    27 items= 157294 camTot=  157295 camMax=  40776 watch=0/0 saved=0 gcObj=  723893 qpix=    -1 qimg=    -1 axisH=  5.0 online=0
2026-08-06 16:52:11 up= 244.0m rss=    -1.0MB thr=  1 pools=  9 campools= 4 children=    27 items= 157294 camTot=  157295 camMax=  40776 watch=0/0 saved=0 gcObj=  723921 qpix=    -1 qimg=    -1 axisH=  5.0 online=0
2026-08-06 16:53:11 up= 245.0m rss=    -1.0MB thr=  1 pools=  9 campools= 4 children=    27 items= 157294 camTot=  157295 camMax=  40776 watch=0/0 saved=0 gcObj=  723949 qpix=    -1 qimg=    -1 axisH=  5.0 online=0
2026-08-06 16:54:12 up= 246.0m rss=    -1.0MB thr=  1 pools=  9 campools= 4 children=    27 items= 157294 camTot=  157295 camMax=  40776 watch=0/0 saved=0 gcObj=  723977 qpix=    -1 qimg=    -1 axisH=  5.0 online=0
2026-08-06 16:55:11 up= 247.0m rss=    -1.0MB thr=  1 pools=  9 campools= 4 children=    27 items= 157294 camTot=  157295 camMax=  40776 watch=0/0 saved=0 gcObj=  724005 qpix=    -1 qimg=    -1 axisH=  5.0 online=0
2026-08-06 16:56:11 up= 248.0m rss=    -1.0MB thr=  1 pools=  9 campools= 4 children=    27 items= 157294 camTot=  157295 camMax=  40776 watch=0/0 saved=0 gcObj=  724033 qpix=    -1 qimg=    -1 axisH=  5.0 online=0
2026-08-06 16:57:12 up= 249.0m rss=    -1.0MB thr=  1 pools=  9 campools= 4 children=    27 items= 157294 camTot=  157295 camMax=  40776 watch=0/0 saved=0 gcObj=  724061 qpix=    -1 qimg=    -1 axisH=  5.0 online=0
2026-08-06 16:58:11 up= 250.0m rss=    -1.0MB thr=  1 pools=  9 campools= 4 children=    27 items= 157294 camTot=  157295 camMax=  40776 watch=0/0 saved=0 gcObj=  724089 qpix=    -1 qimg=    -1 axisH=  5.0 online=0
2026-08-06 16:59:12 up= 251.0m rss=    -1.0MB thr=  1 pools=  9 campools= 4 children=    27 items= 157294 camTot=  157295 camMax=  40776 watch=0/0 saved=0 gcObj=  724117 qpix=    -1 qimg=    -1 axisH=  5.0 online=0
2026-08-06 17:00:11 up= 252.0m rss=    -1.0MB thr=  1 pools=  9 campools= 4 children=    27 items= 157294 camTot=  157295 camMax=  40776 watch=0/0 saved=0 gcObj=  724145 qpix=    -1 qimg=    -1 axisH=  5.0 online=0
2026-08-06 17:01:11 up= 253.0m rss=    -1.0MB thr=  1 pools=  9 campools= 4 children=    27 items= 157294 camTot=  157295 camMax=  40776 watch=0/0 saved=0 gcObj=  724173 qpix=    -1 qimg=    -1 axisH=  5.0 online=0
2026-08-06 17:02:12 up= 254.0m rss=    -1.0MB thr=  1 pools=  9 campools= 4 children=    27 items= 157294 camTot=  157295 camMax=  40776 watch=0/0 saved=0 gcObj=  724201 qpix=    -1 qimg=    -1 axisH=  5.0 online=0
2026-08-06 17:03:12 up= 255.0m rss=    -1.0MB thr=  1 pools=  9 campools= 4 children=    27 items= 157294 camTot=  157295 camMax=  40776 watch=0/0 saved=0 gcObj=  724229 qpix=    -1 qimg=    -1 axisH=  5.0 online=0
2026-08-06 17:04:12 up= 256.0m rss=    -1.0MB thr=  1 pools=  9 campools= 4 children=    27 items= 157294 camTot=  157295 camMax=  40776 watch=0/0 saved=0 gcObj=  724257 qpix=    -1 qimg=    -1 axisH=  5.0 online=0
2026-08-06 17:05:12 up= 257.0m rss=    -1.0MB thr=  1 pools=  9 campools= 4 children=    27 items= 157294 camTot=  157295 camMax=  40776 watch=0/0 saved=0 gcObj=  724285 qpix=    -1 qimg=    -1 axisH=  5.0 online=0
2026-08-06 17:06:11 up= 258.0m rss=    -1.0MB thr=  1 pools=  9 campools= 4 children=    27 items= 157294 camTot=  157295 camMax=  40776 watch=0/0 saved=0 gcObj=  724313 qpix=    -1 qimg=    -1 axisH=  5.0 online=0
2026-08-06 17:07:11 up= 259.0m rss=    -1.0MB thr=  1 pools=  9 campools= 4 children=    27 items= 157294 camTot=  157295 camMax=  40776 watch=0/0 saved=0 gcObj=  723108 qpix=    -1 qimg=    -1 axisH=  5.0 online=0
2026-08-06 17:08:12 up= 260.0m rss=    -1.0MB thr=  1 pools=  9 campools= 4 children=    27 items= 157294 camTot=  157295 camMax=  40776 watch=0/0 saved=0 gcObj=  723136 qpix=    -1 qimg=    -1 axisH=  5.0 online=0
2026-08-06 17:09:12 up= 261.0m rss=    -1.0MB thr=  1 pools=  9 campools= 4 children=    27 items= 157294 camTot=  157295 camMax=  40776 watch=0/0 saved=0 gcObj=  723164 qpix=    -1 qimg=    -1 axisH=  5.0 online=0
2026-08-06 17:10:11 up= 262.0m rss=    -1.0MB thr=  1 pools=  9 campools= 4 children=    27 items= 157294 camTot=  157295 camMax=  40776 watch=0/0 saved=0 gcObj=  723192 qpix=    -1 qimg=    -1 axisH=  5.0 online=0
2026-08-06 17:11:12 up= 263.0m rss=    -1.0MB thr=  1 pools=  9 campools= 4 children=    27 items= 157294 camTot=  157295 camMax=  40776 watch=0/0 saved=0 gcObj=  723220 qpix=    -1 qimg=    -1 axisH=  5.0 online=0
2026-08-06 17:12:12 up= 264.0m rss=    -1.0MB thr=  1 pools=  9 campools= 4 children=    27 items= 157294 camTot=  157295 camMax=  40776 watch=0/0 saved=0 gcObj=  723248 qpix=    -1 qimg=    -1 axisH=  5.0 online=0
2026-08-06 17:13:12 up= 265.0m rss=    -1.0MB thr=  1 pools=  9 campools= 4 children=    27 items= 157294 camTot=  157295 camMax=  40776 watch=0/0 saved=0 gcObj=  723276 qpix=    -1 qimg=    -1 axisH=  5.0 online=0
2026-08-06 17:14:12 up= 266.0m rss=    -1.0MB thr=  1 pools=  9 campools= 4 children=    27 items= 157294 camTot=  157295 camMax=  40776 watch=0/0 saved=0 gcObj=  723304 qpix=    -1 qimg=    -1 axisH=  5.0 online=0
2026-08-06 17:15:12 up= 267.0m rss=    -1.0MB thr=  1 pools=  9 campools= 4 children=    27 items= 157294 camTot=  157295 camMax=  40776 watch=0/0 saved=0 gcObj=  723332 qpix=    -1 qimg=    -1 axisH=  5.0 online=0
2026-08-06 17:16:12 up= 268.0m rss=    -1.0MB thr=  1 pools=  9 campools= 4 children=    27 items= 157294 camTot=  157295 camMax=  40776 watch=0/0 saved=0 gcObj=  723360 qpix=    -1 qimg=    -1 axisH=  5.0 online=0
2026-08-06 17:17:12 up= 269.0m rss=    -1.0MB thr=  1 pools=  9 campools= 4 children=    27 items= 157294 camTot=  157295 camMax=  40776 watch=0/0 saved=0 gcObj=  723388 qpix=    -1 qimg=    -1 axisH=  5.0 online=0
2026-08-06 17:18:12 up= 270.0m rss=    -1.0MB thr=  1 pools=  9 campools= 4 children=    27 items= 157294 camTot=  157295 camMax=  40776 watch=0/0 saved=0 gcObj=  723416 qpix=    -1 qimg=    -1 axisH=  5.0 online=0
2026-08-06 17:19:12 up= 271.0m rss=    -1.0MB thr=  1 pools=  9 campools= 4 children=    27 items= 157294 camTot=  157295 camMax=  40776 watch=0/0 saved=0 gcObj=  723444 qpix=    -1 qimg=    -1 axisH=  5.0 online=0
2026-08-06 17:20:12 up= 272.0m rss=    -1.0MB thr=  1 pools=  9 campools= 4 children=    27 items= 157294 camTot=  157295 camMax=  40776 watch=0/0 saved=0 gcObj=  723472 qpix=    -1 qimg=    -1 axisH=  5.0 online=0
2026-08-06 17:23:10 up=   1.0m rss=    -1.0MB thr=  1 pools=  5 campools= 0 children=    21 items=      0 camTot=       0 camMax=      0 watch=0/0 saved=0 gcObj=   92686 qpix=    -1 qimg=    -1 axisH=  0.0 online=0
2026-08-06 17:24:10 up=   2.0m rss=    -1.0MB thr=  1 pools=  5 campools= 0 children=    21 items=      0 camTot=       0 camMax=      0 watch=0/0 saved=0 gcObj=   92714 qpix=    -1 qimg=    -1 axisH=  0.0 online=0
2026-08-06 17:25:10 up=   3.0m rss=    -1.0MB thr=  1 pools=  5 campools= 0 children=    21 items=      0 camTot=       0 camMax=      0 watch=0/0 saved=0 gcObj=   92742 qpix=    -1 qimg=    -1 axisH=  0.0 online=0
2026-08-06 17:26:10 up=   4.0m rss=    -1.0MB thr=  1 pools=  9 campools= 4 children=    27 items=      0 camTot=       0 camMax=      0 watch=0/0 saved=0 gcObj=  128636 qpix=    -1 qimg=    -1 axisH=  0.0 online=0
2026-08-06 17:27:10 up=   5.0m rss=    -1.0MB thr=  1 pools=  9 campools= 4 children=    27 items=  92805 camTot=   92806 camMax=  23991 watch=0/0 saved=0 gcObj=  464846 qpix=    -1 qimg=    -1 axisH=  2.0 online=0
2026-08-06 17:28:10 up=   6.0m rss=    -1.0MB thr=  1 pools=  9 campools= 4 children=    27 items=  92805 camTot=   92806 camMax=  23991 watch=0/0 saved=0 gcObj=  465578 qpix=    -1 qimg=    -1 axisH=  2.0 online=0
2026-08-06 17:29:10 up=   7.0m rss=    -1.0MB thr=  1 pools=  9 campools= 4 children=    27 items=  92805 camTot=   92806 camMax=  23991 watch=0/0 saved=0 gcObj=  465606 qpix=    -1 qimg=    -1 axisH=  2.0 online=0
2026-08-06 17:30:10 up=   8.0m rss=    -1.0MB thr=  1 pools=  9 campools= 4 children=    27 items=  92805 camTot=   92806 camMax=  23991 watch=0/0 saved=0 gcObj=  465760 qpix=    -1 qimg=    -1 axisH=  2.0 online=0
2026-08-06 17:31:10 up=   9.0m rss=    -1.0MB thr=  1 pools=  9 campools= 4 children=    27 items=  92805 camTot=   92806 camMax=  23991 watch=0/0 saved=0 gcObj=  465788 qpix=    -1 qimg=    -1 axisH=  2.0 online=0
2026-08-06 17:32:10 up=  10.0m rss=    -1.0MB thr=  1 pools=  9 campools= 4 children=    27 items=  92805 camTot=   92806 camMax=  23991 watch=0/0 saved=0 gcObj=  465816 qpix=    -1 qimg=    -1 axisH=  2.0 online=0
2026-08-06 17:33:10 up=  11.0m rss=    -1.0MB thr=  1 pools=  9 campools= 4 children=    27 items=  92805 camTot=   92806 camMax=  23991 watch=0/0 saved=0 gcObj=  465844 qpix=    -1 qimg=    -1 axisH=  2.0 online=0
2026-08-06 17:34:10 up=  12.0m rss=    -1.0MB thr=  1 pools=  9 campools= 4 children=    27 items=  92805 camTot=   92806 camMax=  23991 watch=0/0 saved=0 gcObj=  465872 qpix=    -1 qimg=    -1 axisH=  2.0 online=0
2026-08-07 08:38:56 up=   1.0m rss=    -1.0MB thr=  1 pools=  5 campools= 0 children=    21 items=      0 camTot=       0 camMax=      0 watch=0/0 saved=0 gcObj=   91943 qpix=    -1 qimg=    -1 axisH=  0.0 online=0
2026-08-07 08:39:56 up=   2.0m rss=    -1.0MB thr=  2 pools=  5 campools= 0 children=    22 items=      0 camTot=       0 camMax=      0 watch=0/0 saved=0 gcObj=   92221 qpix=    -1 qimg=    -1 axisH=  0.0 online=0
2026-08-07 08:40:56 up=   3.0m rss=    -1.0MB thr=  1 pools=  9 campools= 4 children=    27 items= 109578 camTot=  109578 camMax=  28545 watch=0/0 saved=0 gcObj=  531930 qpix=    -1 qimg=    -1 axisH=  4.0 online=0
2026-08-07 08:41:56 up=   4.0m rss=    -1.0MB thr=  1 pools=  9 campools= 4 children=    27 items= 109578 camTot=  109578 camMax=  28545 watch=0/0 saved=0 gcObj=  532013 qpix=    -1 qimg=    -1 axisH=  4.0 online=0
2026-08-07 08:42:56 up=   5.0m rss=    -1.0MB thr=  1 pools=  9 campools= 4 children=    27 items= 109578 camTot=  109578 camMax=  28545 watch=0/0 saved=0 gcObj=  532038 qpix=    -1 qimg=    -1 axisH=  4.0 online=0
2026-08-07 08:43:56 up=   6.0m rss=    -1.0MB thr=  1 pools=  9 campools= 4 children=    27 items= 109578 camTot=  109578 camMax=  28545 watch=0/0 saved=0 gcObj=  532080 qpix=    -1 qimg=    -1 axisH=  4.0 online=0
2026-08-07 08:44:56 up=   7.0m rss=    -1.0MB thr=  1 pools=  9 campools= 4 children=    27 items= 109578 camTot=  109578 camMax=  28545 watch=0/0 saved=0 gcObj=  532105 qpix=    -1 qimg=    -1 axisH=  4.0 online=0
2026-08-07 08:45:56 up=   8.0m rss=    -1.0MB thr=  1 pools=  9 campools= 4 children=    27 items= 109578 camTot=  109578 camMax=  28545 watch=0/0 saved=0 gcObj=  532129 qpix=    -1 qimg=    -1 axisH=  4.0 online=0
2026-08-07 08:46:56 up=   9.0m rss=    -1.0MB thr=  1 pools=  9 campools= 4 children=    27 items= 109578 camTot=  109578 camMax=  28545 watch=0/0 saved=0 gcObj=  532160 qpix=    -1 qimg=    -1 axisH=  4.0 online=0
2026-08-07 12:50:09 up=   1.0m rss=    -1.0MB thr=  1 pools=  5 campools= 0 children=    22 items=      0 camTot=       0 camMax=      0 watch=0/0 saved=0 gcObj=   92166 qpix=    -1 qimg=    -1 axisH=  0.0 online=0
2026-08-07 12:51:09 up=   2.0m rss=    -1.0MB thr=  1 pools=  9 campools= 4 children=    27 items= 109578 camTot=  109578 camMax=  28545 watch=0/0 saved=0 gcObj=  531550 qpix=    -1 qimg=    -1 axisH=  3.0 online=0
2026-08-07 12:52:09 up=   3.0m rss=    -1.0MB thr=  1 pools=  9 campools= 4 children=    27 items= 109578 camTot=  109578 camMax=  28545 watch=0/0 saved=0 gcObj=  531935 qpix=    -1 qimg=    -1 axisH=  3.0 online=0
2026-08-07 12:53:09 up=   4.0m rss=    -1.0MB thr=  1 pools=  9 campools= 4 children=    27 items= 109578 camTot=  109578 camMax=  28545 watch=0/0 saved=0 gcObj=  531960 qpix=    -1 qimg=    -1 axisH=  3.0 online=0
2026-08-07 12:54:09 up=   5.0m rss=    -1.0MB thr=  1 pools=  9 campools= 4 children=    27 items= 109578 camTot=  109578 camMax=  28545 watch=0/0 saved=0 gcObj=  531963 qpix=    -1 qimg=    -1 axisH=  3.0 online=0
2026-08-07 12:55:09 up=   6.0m rss=    -1.0MB thr=  1 pools=  9 campools= 4 children=    27 items= 109578 camTot=  109578 camMax=  28545 watch=0/0 saved=0 gcObj=  532020 qpix=    -1 qimg=    -1 axisH=  3.0 online=0
2026-08-07 12:56:09 up=   7.0m rss=    -1.0MB thr=  1 pools=  9 campools= 4 children=    27 items= 109578 camTot=  109578 camMax=  28545 watch=0/0 saved=0 gcObj=  532044 qpix=    -1 qimg=    -1 axisH=  3.0 online=0
2026-08-07 12:57:09 up=   8.0m rss=    -1.0MB thr=  1 pools=  9 campools= 4 children=    27 items= 109578 camTot=  109578 camMax=  28545 watch=0/0 saved=0 gcObj=  531910 qpix=    -1 qimg=    -1 axisH=  3.0 online=0
2026-08-07 12:58:09 up=   9.0m rss=    -1.0MB thr=  1 pools=  9 campools= 4 children=    27 items= 109578 camTot=  109578 camMax=  28545 watch=0/0 saved=0 gcObj=  531938 qpix=    -1 qimg=    -1 axisH=  3.0 online=0
2026-08-07 12:59:09 up=  10.0m rss=    -1.0MB thr=  1 pools=  9 campools= 4 children=    27 items= 109578 camTot=  109578 camMax=  28545 watch=0/0 saved=0 gcObj=  531966 qpix=    -1 qimg=    -1 axisH=  3.0 online=0
2026-08-07 13:00:09 up=  11.0m rss=    -1.0MB thr=  1 pools=  9 campools= 4 children=    27 items= 109578 camTot=  109578 camMax=  28545 watch=0/0 saved=0 gcObj=  531994 qpix=    -1 qimg=    -1 axisH=  3.0 online=0
2026-08-07 13:00:47 up=   1.0m prev=   447 miss=   370 load=   11 prox=  34% rss=    -1.0MB thr=  1 pools=  9 campools= 4 children=    25 items=  57072 camTot=   57072 camMax=  14308 watch=0/0 saved=0 gcObj=  316518 qpix=    -1 qimg=    -1 axisH=  2.0 online=0
2026-08-07 13:01:09 up=  12.0m rss=    -1.0MB thr=  1 pools=  9 campools= 4 children=    27 items= 109578 camTot=  109578 camMax=  28545 watch=0/0 saved=0 gcObj=  532022 qpix=    -1 qimg=    -1 axisH=  3.0 online=0
2026-08-07 13:01:47 up=   2.0m prev=   435 miss=   145 load=    0 prox=  74% rss=    -1.0MB thr=  1 pools=  9 campools= 4 children=    25 items=  57072 camTot=   57072 camMax=  14308 watch=0/0 saved=0 gcObj=  316777 qpix=    -1 qimg=    -1 axisH=  2.0 online=0
2026-08-07 13:02:09 up=  13.0m rss=    -1.0MB thr=  1 pools=  9 campools= 4 children=    27 items= 109578 camTot=  109578 camMax=  28545 watch=0/0 saved=0 gcObj=  532050 qpix=    -1 qimg=    -1 axisH=  3.0 online=0
2026-08-07 13:03:09 up=  14.0m rss=    -1.0MB thr=  1 pools=  9 campools= 4 children=    27 items= 109578 camTot=  109578 camMax=  28545 watch=0/0 saved=0 gcObj=  532078 qpix=    -1 qimg=    -1 axisH=  3.0 online=0
2026-08-07 13:04:09 up=  15.0m rss=    -1.0MB thr=  1 pools=  9 campools= 4 children=    27 items= 109578 camTot=  109578 camMax=  28545 watch=0/0 saved=0 gcObj=  532106 qpix=    -1 qimg=    -1 axisH=  3.0 online=0
2026-08-07 13:04:16 up=   1.0m prev=   430 miss=   271 load=   20 prox=  49% rss=    -1.0MB thr=  1 pools=  9 campools= 4 children=    25 items=  57072 camTot=   57072 camMax=  14308 watch=0/0 saved=0 gcObj=  315995 qpix=    -1 qimg=    -1 axisH=  2.0 online=0
2026-08-07 13:05:09 up=  16.0m rss=    -1.0MB thr=  1 pools=  9 campools= 4 children=    27 items= 109578 camTot=  109578 camMax=  28545 watch=0/0 saved=0 gcObj=  532134 qpix=    -1 qimg=    -1 axisH=  3.0 online=0
2026-08-07 13:06:09 up=  17.0m rss=    -1.0MB thr=  1 pools=  9 campools= 4 children=    27 items= 109578 camTot=  109578 camMax=  28545 watch=0/0 saved=0 gcObj=  532162 qpix=    -1 qimg=    -1 axisH=  3.0 online=0
2026-08-07 13:06:33 up=   1.0m prev=   260 miss=   516 load=   31 prox=  16% rss=    -1.0MB thr=  1 pools=  9 campools= 4 children=    25 items=  57072 camTot=   57072 camMax=  14308 watch=0/0 saved=0 gcObj=  315876 qpix=    -1 qimg=    -1 axisH=  2.0 online=0
2026-08-07 13:07:09 up=  18.0m rss=    -1.0MB thr=  1 pools=  9 campools= 4 children=    27 items= 109578 camTot=  109578 camMax=  28545 watch=0/0 saved=0 gcObj=  532190 qpix=    -1 qimg=    -1 axisH=  3.0 online=0
2026-08-07 13:07:33 up=   2.0m prev=   183 miss=   380 load=   22 prox=  37% rss=    -1.0MB thr=  1 pools=  9 campools= 4 children=    25 items=  57072 camTot=   57072 camMax=  14308 watch=0/0 saved=0 gcObj=  316259 qpix=    -1 qimg=    -1 axisH=  2.0 online=0
2026-08-07 13:09:33 up=   1.0m prev=   258 miss=   245 load=   17 prox=  37% rss=    -1.0MB thr=  1 pools=  9 campools= 4 children=    25 items=  57072 camTot=   57072 camMax=  14308 watch=0/0 saved=0 gcObj=  316529 qpix=    -1 qimg=    -1 axisH=  2.0 online=0
2026-08-07 13:12:29 up=   1.0m prev=   449 miss=   368 load=   25 prox=  34% rss=    -1.0MB thr=  1 pools=  9 campools= 4 children=    25 items=  57072 camTot=   57072 camMax=  14308 watch=0/0 saved=0 gcObj=  316741 qpix=    -1 qimg=    -1 axisH=  2.0 online=0
2026-08-07 13:13:29 up=   2.0m prev=   431 miss=   134 load=    5 prox=  76% rss=    -1.0MB thr=  1 pools=  9 campools= 4 children=    25 items=  57072 camTot=   57072 camMax=  14308 watch=0/0 saved=0 gcObj=  316750 qpix=    -1 qimg=    -1 axisH=  2.0 online=0
2026-08-07 13:16:21 up=   1.0m prev=   243 cach=    12 miss=   530 load=   43 prox=  12% rss=    -1.0MB thr=  1 pools=  9 campools= 4 children=    25 items=  57072 camTot=   57072 camMax=  14308 watch=0/0 saved=0 gcObj=  315856 qpix=    -1 qimg=    -1 axisH=  2.0 online=0
2026-08-07 13:17:21 up=   2.0m prev=   127 cach=    14 miss=   418 load=   13 prox=  28% rss=    -1.0MB thr=  1 pools=  9 campools= 4 children=    25 items=  57072 camTot=   57072 camMax=  14308 watch=0/0 saved=0 gcObj=  316123 qpix=    -1 qimg=    -1 axisH=  2.0 online=0
2026-08-07 13:19:49 up=   1.0m prev=   515 cach=     9 miss=   315 load=    9 prox=  34% rss=    -1.0MB thr=  1 pools=  9 campools= 4 children=    25 items=  57072 camTot=   57072 camMax=  14308 watch=0/0 saved=0 gcObj=  316689 qpix=    -1 qimg=    -1 axisH=  2.0 online=0
2026-08-07 13:20:49 up=   2.0m prev=   437 cach=    11 miss=   140 load=    3 prox=  70% rss=    -1.0MB thr=  1 pools=  9 campools= 4 children=    25 items=  57072 camTot=   57072 camMax=  14308 watch=0/0 saved=0 gcObj=  316753 qpix=    -1 qimg=    -1 axisH=  2.0 online=0
2026-08-07 13:23:12 up=   1.0m prev=   331 cach=   152 miss=   334 load=   11 prox=  33% rss=    -1.0MB thr=  1 pools=  9 campools= 4 children=    25 items=  57072 camTot=   57072 camMax=  14308 watch=0/0 saved=0 gcObj=  316729 qpix=    -1 qimg=    -1 axisH=  2.0 online=0
2026-08-07 13:24:12 up=   2.0m prev=   379 cach=     9 miss=   199 load=    5 prox=  63% rss=    -1.0MB thr=  1 pools=  9 campools= 4 children=    25 items=  57072 camTot=   57072 camMax=  14308 watch=0/0 saved=0 gcObj=  316779 qpix=    -1 qimg=    -1 axisH=  2.0 online=0
2026-08-07 13:26:12 up=   1.0m prev=   501 cach=     8 miss=   346 load=   15 prox=  24% rss=    -1.0MB thr=  1 pools=  9 campools= 4 children=    25 items=  57072 camTot=   57072 camMax=  14308 watch=0/0 saved=0 gcObj=  316559 qpix=    -1 qimg=    -1 axisH=  2.0 online=0
2026-08-07 13:27:12 up=   2.0m prev=   380 cach=     7 miss=   181 load=    7 prox=  65% rss=    -1.0MB thr=  1 pools=  9 campools= 4 children=    25 items=  57072 camTot=   57072 camMax=  14308 watch=0/0 saved=0 gcObj=  316778 qpix=    -1 qimg=    -1 axisH=  2.0 online=0
2026-08-07 17:22:35 up=   1.0m prev=   559 cach=    30 miss=    45 load=   16 prox=  12% rss=    -1.0MB thr=  1 pools=  9 campools= 4 children=    27 items=   3872 camTot=    3872 camMax=    982 watch=0/0 saved=0 gcObj=  109452 qpix=    -1 qimg=    -1 axisH=  2.0 online=0
2026-08-10 13:25:18 up=   1.0m prev=     0 cach=     0 miss=     0 load=    0 prox=  -1% rss=    -1.0MB thr=  1 pools=  5 campools= 0 children=    22 items=      0 camTot=       0 camMax=      0 watch=0/0 saved=0 gcObj=   93191 qpix=    -1 qimg=    -1 axisH=  0.0 online=0
2026-08-10 13:26:18 up=   2.0m prev=     0 cach=     0 miss=     0 load=    0 prox=  -1% rss=    -1.0MB thr=  1 pools=  5 campools= 0 children=    22 items=      0 camTot=       0 camMax=      0 watch=0/0 saved=0 gcObj=   93219 qpix=    -1 qimg=    -1 axisH=  0.0 online=0
2026-08-10 13:27:18 up=   3.0m prev=     0 cach=     0 miss=     0 load=    0 prox=  -1% rss=    -1.0MB thr=  1 pools=  5 campools= 0 children=    22 items=      0 camTot=       0 camMax=      0 watch=0/0 saved=0 gcObj=   93247 qpix=    -1 qimg=    -1 axisH=  0.0 online=0
2026-08-10 13:28:18 up=   4.0m prev=     0 cach=     0 miss=     0 load=    0 prox=  -1% rss=    -1.0MB thr=  1 pools=  5 campools= 0 children=    22 items=      0 camTot=       0 camMax=      0 watch=0/0 saved=0 gcObj=   93275 qpix=    -1 qimg=    -1 axisH=  0.0 online=0
2026-08-10 13:29:18 up=   5.0m prev=     0 cach=     0 miss=     0 load=   10 prox=  -1% rss=    -1.0MB thr=  9 pools=  9 campools= 4 children=    27 items=  14400 camTot=   14400 camMax=   3600 watch=8/8 saved=0 gcObj=  152523 qpix=    -1 qimg=    -1 axisH=  2.0 online=1
2026-08-10 18:25:26 up=   1.0m prev=     0 cach=     0 miss=     0 load=    0 prox=  -1% srcLag=  -1.0s shownLag=  -1.0s rss=    -1.0MB thr=  1 pools=  5 campools= 0 children=    22 items=      0 camTot=       0 camMax=      0 watch=0/0 saved=0 gcObj=   93199 qpix=    -1 qimg=    -1 axisH=  0.0 online=0
2026-08-10 18:26:26 up=   2.0m prev=     0 cach=     0 miss=     0 load=    0 prox=  -1% srcLag=  -1.0s shownLag=  -1.0s rss=    -1.0MB thr=  1 pools=  5 campools= 0 children=    22 items=      0 camTot=       0 camMax=      0 watch=0/0 saved=0 gcObj=   93227 qpix=    -1 qimg=    -1 axisH=  0.0 online=0
2026-08-10 18:27:26 up=   3.0m prev=     0 cach=     0 miss=     0 load=    0 prox=  -1% srcLag=  -1.0s shownLag=  -1.0s rss=    -1.0MB thr=  1 pools=  5 campools= 0 children=    22 items=      0 camTot=       0 camMax=      0 watch=0/0 saved=0 gcObj=   93255 qpix=    -1 qimg=    -1 axisH=  0.0 online=0
2026-08-10 18:28:26 up=   4.0m prev=     0 cach=     0 miss=     0 load=    0 prox=  -1% srcLag=  -1.0s shownLag=  -1.0s rss=    -1.0MB thr=  1 pools=  5 campools= 0 children=    22 items=      0 camTot=       0 camMax=      0 watch=0/0 saved=0 gcObj=   93283 qpix=    -1 qimg=    -1 axisH=  0.0 online=0
2026-08-10 18:29:26 up=   5.0m prev=     0 cach=     0 miss=     0 load=    0 prox=  -1% srcLag=  -1.0s shownLag=  -1.0s rss=    -1.0MB thr=  1 pools=  5 campools= 0 children=    22 items=      0 camTot=       0 camMax=      0 watch=0/0 saved=0 gcObj=   93311 qpix=    -1 qimg=    -1 axisH=  0.0 online=0
2026-08-10 18:30:26 up=   6.0m prev=     0 cach=     0 miss=     0 load=    0 prox=  -1% srcLag=  -1.0s shownLag=  -1.0s rss=    -1.0MB thr=  1 pools=  5 campools= 0 children=    22 items=      0 camTot=       0 camMax=      0 watch=0/0 saved=0 gcObj=   93339 qpix=    -1 qimg=    -1 axisH=  0.0 online=0
2026-08-10 18:31:26 up=   7.0m prev=     0 cach=     0 miss=     0 load=    0 prox=  -1% srcLag=  -1.0s shownLag=  -1.0s rss=    -1.0MB thr=  1 pools=  5 campools= 0 children=    22 items=      0 camTot=       0 camMax=      0 watch=0/0 saved=0 gcObj=   93367 qpix=    -1 qimg=    -1 axisH=  0.0 online=0
2026-08-10 18:32:26 up=   8.0m prev=     0 cach=     0 miss=     0 load=    0 prox=  -1% srcLag=  -1.0s shownLag=  -1.0s rss=    -1.0MB thr=  1 pools=  5 campools= 0 children=    22 items=      0 camTot=       0 camMax=      0 watch=0/0 saved=0 gcObj=   93395 qpix=    -1 qimg=    -1 axisH=  0.0 online=0
2026-08-10 18:33:26 up=   9.0m prev=     0 cach=     0 miss=     0 load=    0 prox=  -1% srcLag=  -1.0s shownLag=  -1.0s rss=    -1.0MB thr=  1 pools=  5 campools= 0 children=    22 items=      0 camTot=       0 camMax=      0 watch=0/0 saved=0 gcObj=   93423 qpix=    -1 qimg=    -1 axisH=  0.0 online=0
2026-08-10 18:34:26 up=  10.0m prev=     0 cach=     0 miss=     0 load=    0 prox=  -1% srcLag=  -1.0s shownLag=  -1.0s rss=    -1.0MB thr=  1 pools=  5 campools= 0 children=    22 items=      0 camTot=       0 camMax=      0 watch=0/0 saved=0 gcObj=   93451 qpix=    -1 qimg=    -1 axisH=  0.0 online=0
2026-08-10 18:35:26 up=  11.0m prev=     0 cach=     0 miss=     0 load=    0 prox=  -1% srcLag=  -1.0s shownLag=  -1.0s rss=    -1.0MB thr=  1 pools=  5 campools= 0 children=    22 items=      0 camTot=       0 camMax=      0 watch=0/0 saved=0 gcObj=   93479 qpix=    -1 qimg=    -1 axisH=  0.0 online=0
2026-08-10 18:36:26 up=  12.0m prev=     0 cach=     0 miss=     0 load=    0 prox=  -1% srcLag=  -1.0s shownLag=  -1.0s rss=    -1.0MB thr=  1 pools=  5 campools= 0 children=    22 items=      0 camTot=       0 camMax=      0 watch=0/0 saved=0 gcObj=   93507 qpix=    -1 qimg=    -1 axisH=  0.0 online=0
2026-08-10 18:37:26 up=  13.0m prev=     0 cach=     0 miss=     0 load=    0 prox=  -1% srcLag=  -1.0s shownLag=  -1.0s rss=    -1.0MB thr=  1 pools=  5 campools= 0 children=    22 items=      0 camTot=       0 camMax=      0 watch=0/0 saved=0 gcObj=   93535 qpix=    -1 qimg=    -1 axisH=  0.0 online=0
2026-08-10 18:38:26 up=  14.0m prev=     0 cach=     0 miss=     0 load=    0 prox=  -1% srcLag=  -1.0s shownLag=  -1.0s rss=    -1.0MB thr=  1 pools=  5 campools= 0 children=    22 items=      0 camTot=       0 camMax=      0 watch=0/0 saved=0 gcObj=   93563 qpix=    -1 qimg=    -1 axisH=  0.0 online=0
2026-08-10 18:39:26 up=  15.0m prev=     0 cach=     0 miss=     0 load=    0 prox=  -1% srcLag=  -1.0s shownLag=  -1.0s rss=    -1.0MB thr=  1 pools=  5 campools= 0 children=    22 items=      0 camTot=       0 camMax=      0 watch=0/0 saved=0 gcObj=   93591 qpix=    -1 qimg=    -1 axisH=  0.0 online=0
2026-08-10 18:40:26 up=  16.0m prev=     0 cach=     0 miss=     0 load=    0 prox=  -1% srcLag=  -1.0s shownLag=  -1.0s rss=    -1.0MB thr=  1 pools=  5 campools= 0 children=    22 items=      0 camTot=       0 camMax=      0 watch=0/0 saved=0 gcObj=   93619 qpix=    -1 qimg=    -1 axisH=  0.0 online=0
2026-08-10 18:41:26 up=  17.0m prev=     0 cach=     0 miss=     0 load=    0 prox=  -1% srcLag=  -1.0s shownLag=  -1.0s rss=    -1.0MB thr=  1 pools=  5 campools= 0 children=    22 items=      0 camTot=       0 camMax=      0 watch=0/0 saved=0 gcObj=   93647 qpix=    -1 qimg=    -1 axisH=  0.0 online=0
2026-08-10 18:42:26 up=  18.0m prev=     0 cach=     0 miss=     0 load=    0 prox=  -1% srcLag=  -1.0s shownLag=  -1.0s rss=    -1.0MB thr=  1 pools=  5 campools= 0 children=    22 items=      0 camTot=       0 camMax=      0 watch=0/0 saved=0 gcObj=   93675 qpix=    -1 qimg=    -1 axisH=  0.0 online=0
2026-08-10 18:43:26 up=  19.0m prev=     0 cach=     0 miss=     0 load=    0 prox=  -1% srcLag=  -1.0s shownLag=  -1.0s rss=    -1.0MB thr=  1 pools=  5 campools= 0 children=    22 items=      0 camTot=       0 camMax=      0 watch=0/0 saved=0 gcObj=   93703 qpix=    -1 qimg=    -1 axisH=  0.0 online=0
2026-08-10 18:44:26 up=  20.0m prev=     0 cach=     0 miss=     0 load=    0 prox=  -1% srcLag=  -1.0s shownLag=  -1.0s rss=    -1.0MB thr=  1 pools=  5 campools= 0 children=    22 items=      0 camTot=       0 camMax=      0 watch=0/0 saved=0 gcObj=   93731 qpix=    -1 qimg=    -1 axisH=  0.0 online=0
2026-08-10 18:45:26 up=  21.0m prev=     0 cach=     0 miss=     0 load=    0 prox=  -1% srcLag=  -1.0s shownLag=  -1.0s rss=    -1.0MB thr=  1 pools=  5 campools= 0 children=    22 items=      0 camTot=       0 camMax=      0 watch=0/0 saved=0 gcObj=   93759 qpix=    -1 qimg=    -1 axisH=  0.0 online=0
2026-08-10 18:46:26 up=  22.0m prev=     0 cach=     0 miss=     0 load=    0 prox=  -1% srcLag=  -1.0s shownLag=  -1.0s rss=    -1.0MB thr=  1 pools=  5 campools= 0 children=    22 items=      0 camTot=       0 camMax=      0 watch=0/0 saved=0 gcObj=   93787 qpix=    -1 qimg=    -1 axisH=  0.0 online=0
2026-08-10 18:47:26 up=  23.0m prev=     0 cach=     0 miss=     0 load=    0 prox=  -1% srcLag=  -1.0s shownLag=  -1.0s rss=    -1.0MB thr=  1 pools=  5 campools= 0 children=    22 items=      0 camTot=       0 camMax=      0 watch=0/0 saved=0 gcObj=   92510 qpix=    -1 qimg=    -1 axisH=  0.0 online=0
2026-08-10 18:48:26 up=  24.0m prev=     0 cach=     0 miss=     0 load=    0 prox=  -1% srcLag=  -1.0s shownLag=  -1.0s rss=    -1.0MB thr=  1 pools=  5 campools= 0 children=    22 items=      0 camTot=       0 camMax=      0 watch=0/0 saved=0 gcObj=   92538 qpix=    -1 qimg=    -1 axisH=  0.0 online=0
2026-08-10 18:49:26 up=  25.0m prev=     0 cach=     0 miss=     0 load=    0 prox=  -1% srcLag=  -1.0s shownLag=  -1.0s rss=    -1.0MB thr=  1 pools=  5 campools= 0 children=    22 items=      0 camTot=       0 camMax=      0 watch=0/0 saved=0 gcObj=   92566 qpix=    -1 qimg=    -1 axisH=  0.0 online=0
2026-08-10 18:50:26 up=  26.0m prev=     0 cach=     0 miss=     0 load=    0 prox=  -1% srcLag=  -1.0s shownLag=  -1.0s rss=    -1.0MB thr=  1 pools=  5 campools= 0 children=    22 items=      0 camTot=       0 camMax=      0 watch=0/0 saved=0 gcObj=   92594 qpix=    -1 qimg=    -1 axisH=  0.0 online=0
2026-08-10 18:51:26 up=  27.0m prev=     0 cach=     0 miss=     0 load=    0 prox=  -1% srcLag=  -1.0s shownLag=  -1.0s rss=    -1.0MB thr=  1 pools=  5 campools= 0 children=    22 items=      0 camTot=       0 camMax=      0 watch=0/0 saved=0 gcObj=   92622 qpix=    -1 qimg=    -1 axisH=  0.0 online=0
2026-08-10 18:52:26 up=  28.0m prev=     0 cach=     0 miss=     0 load=    0 prox=  -1% srcLag=  -1.0s shownLag=  -1.0s rss=    -1.0MB thr=  1 pools=  5 campools= 0 children=    22 items=      0 camTot=       0 camMax=      0 watch=0/0 saved=0 gcObj=   92650 qpix=    -1 qimg=    -1 axisH=  0.0 online=0
2026-08-10 18:53:26 up=  29.0m prev=     0 cach=     0 miss=     0 load=    0 prox=  -1% srcLag=  -1.0s shownLag=  -1.0s rss=    -1.0MB thr=  1 pools=  5 campools= 0 children=    22 items=      0 camTot=       0 camMax=      0 watch=0/0 saved=0 gcObj=   92678 qpix=    -1 qimg=    -1 axisH=  0.0 online=0
2026-08-10 18:54:26 up=  30.0m prev=     0 cach=     0 miss=     0 load=    0 prox=  -1% srcLag=  -1.0s shownLag=  -1.0s rss=    -1.0MB thr=  1 pools=  5 campools= 0 children=    22 items=      0 camTot=       0 camMax=      0 watch=0/0 saved=0 gcObj=   92706 qpix=    -1 qimg=    -1 axisH=  0.0 online=0
2026-08-10 18:55:26 up=  31.0m prev=     0 cach=     0 miss=     0 load=    0 prox=  -1% srcLag=  -1.0s shownLag=  -1.0s rss=    -1.0MB thr=  1 pools=  5 campools= 0 children=    22 items=      0 camTot=       0 camMax=      0 watch=0/0 saved=0 gcObj=   92734 qpix=    -1 qimg=    -1 axisH=  0.0 online=0
2026-08-10 18:56:26 up=  32.0m prev=     0 cach=     0 miss=     0 load=    0 prox=  -1% srcLag=  -1.0s shownLag=  -1.0s rss=    -1.0MB thr=  1 pools=  5 campools= 0 children=    22 items=      0 camTot=       0 camMax=      0 watch=0/0 saved=0 gcObj=   92762 qpix=    -1 qimg=    -1 axisH=  0.0 online=0
2026-08-10 18:57:26 up=  33.0m prev=     0 cach=     0 miss=     0 load=    0 prox=  -1% srcLag=  -1.0s shownLag=  -1.0s rss=    -1.0MB thr=  1 pools=  5 campools= 0 children=    22 items=      0 camTot=       0 camMax=      0 watch=0/0 saved=0 gcObj=   92790 qpix=    -1 qimg=    -1 axisH=  0.0 online=0
2026-08-10 18:58:26 up=  34.0m prev=     0 cach=     0 miss=     0 load=    0 prox=  -1% srcLag=  -1.0s shownLag=  -1.0s rss=    -1.0MB thr=  1 pools=  5 campools= 0 children=    22 items=      0 camTot=       0 camMax=      0 watch=0/0 saved=0 gcObj=   92818 qpix=    -1 qimg=    -1 axisH=  0.0 online=0
2026-08-10 18:59:26 up=  35.0m prev=     0 cach=     0 miss=     0 load=    0 prox=  -1% srcLag=  -1.0s shownLag=  -1.0s rss=    -1.0MB thr=  1 pools=  5 campools= 0 children=    22 items=      0 camTot=       0 camMax=      0 watch=0/0 saved=0 gcObj=   92846 qpix=    -1 qimg=    -1 axisH=  0.0 online=0
2026-08-10 19:00:26 up=  36.0m prev=     0 cach=     0 miss=     0 load=    0 prox=  -1% srcLag=  -1.0s shownLag=  -1.0s rss=    -1.0MB thr=  1 pools=  5 campools= 0 children=    22 items=      0 camTot=       0 camMax=      0 watch=0/0 saved=0 gcObj=   92874 qpix=    -1 qimg=    -1 axisH=  0.0 online=0
2026-08-10 19:01:26 up=  37.0m prev=     0 cach=     0 miss=     0 load=    0 prox=  -1% srcLag=  -1.0s shownLag=  -1.0s rss=    -1.0MB thr=  1 pools=  5 campools= 0 children=    22 items=      0 camTot=       0 camMax=      0 watch=0/0 saved=0 gcObj=   92902 qpix=    -1 qimg=    -1 axisH=  0.0 online=0
2026-08-10 19:02:26 up=  38.0m prev=     0 cach=     0 miss=     0 load=    0 prox=  -1% srcLag=  -1.0s shownLag=  -1.0s rss=    -1.0MB thr=  1 pools=  5 campools= 0 children=    22 items=      0 camTot=       0 camMax=      0 watch=0/0 saved=0 gcObj=   92930 qpix=    -1 qimg=    -1 axisH=  0.0 online=0
2026-08-10 19:03:26 up=  39.0m prev=     0 cach=     0 miss=     0 load=    0 prox=  -1% srcLag=  -1.0s shownLag=  -1.0s rss=    -1.0MB thr=  1 pools=  5 campools= 0 children=    22 items=      0 camTot=       0 camMax=      0 watch=0/0 saved=0 gcObj=   92958 qpix=    -1 qimg=    -1 axisH=  0.0 online=0
2026-08-10 19:04:26 up=  40.0m prev=     0 cach=     0 miss=     0 load=    0 prox=  -1% srcLag=  -1.0s shownLag=  -1.0s rss=    -1.0MB thr=  1 pools=  5 campools= 0 children=    22 items=      0 camTot=       0 camMax=      0 watch=0/0 saved=0 gcObj=   92986 qpix=    -1 qimg=    -1 axisH=  0.0 online=0
2026-08-10 19:05:26 up=  41.0m prev=     0 cach=     0 miss=     0 load=    0 prox=  -1% srcLag=  -1.0s shownLag=  -1.0s rss=    -1.0MB thr=  1 pools=  5 campools= 0 children=    22 items=      0 camTot=       0 camMax=      0 watch=0/0 saved=0 gcObj=   93014 qpix=    -1 qimg=    -1 axisH=  0.0 online=0
2026-08-10 19:06:26 up=  42.0m prev=     0 cach=     0 miss=     0 load=    0 prox=  -1% srcLag=  -1.0s shownLag=  -1.0s rss=    -1.0MB thr=  1 pools=  5 campools= 0 children=    22 items=      0 camTot=       0 camMax=      0 watch=0/0 saved=0 gcObj=   93042 qpix=    -1 qimg=    -1 axisH=  0.0 online=0
2026-08-10 19:07:26 up=  43.0m prev=     0 cach=     0 miss=     0 load=    0 prox=  -1% srcLag=  -1.0s shownLag=  -1.0s rss=    -1.0MB thr=  1 pools=  5 campools= 0 children=    22 items=      0 camTot=       0 camMax=      0 watch=0/0 saved=0 gcObj=   93070 qpix=    -1 qimg=    -1 axisH=  0.0 online=0
2026-08-10 19:08:26 up=  44.0m prev=     0 cach=     0 miss=     0 load=    0 prox=  -1% srcLag=  -1.0s shownLag=  -1.0s rss=    -1.0MB thr=  1 pools=  5 campools= 0 children=    22 items=      0 camTot=       0 camMax=      0 watch=0/0 saved=0 gcObj=   93098 qpix=    -1 qimg=    -1 axisH=  0.0 online=0
2026-08-10 19:09:26 up=  45.0m prev=     0 cach=     0 miss=     0 load=    0 prox=  -1% srcLag=  -1.0s shownLag=  -1.0s rss=    -1.0MB thr=  1 pools=  5 campools= 0 children=    22 items=      0 camTot=       0 camMax=      0 watch=0/0 saved=0 gcObj=   93126 qpix=    -1 qimg=    -1 axisH=  0.0 online=0
2026-08-10 19:10:26 up=  46.0m prev=     0 cach=     0 miss=     0 load=    0 prox=  -1% srcLag=  -1.0s shownLag=  -1.0s rss=    -1.0MB thr=  1 pools=  5 campools= 0 children=    22 items=      0 camTot=       0 camMax=      0 watch=0/0 saved=0 gcObj=   93154 qpix=    -1 qimg=    -1 axisH=  0.0 online=0
2026-08-10 19:11:26 up=  47.0m prev=     0 cach=     0 miss=     0 load=    0 prox=  -1% srcLag=  -1.0s shownLag=  -1.0s rss=    -1.0MB thr=  1 pools=  5 campools= 0 children=    22 items=      0 camTot=       0 camMax=      0 watch=0/0 saved=0 gcObj=   93182 qpix=    -1 qimg=    -1 axisH=  0.0 online=0
2026-08-10 19:12:26 up=  48.0m prev=     0 cach=     0 miss=     0 load=    0 prox=  -1% srcLag=  -1.0s shownLag=  -1.0s rss=    -1.0MB thr=  1 pools=  5 campools= 0 children=    22 items=      0 camTot=       0 camMax=      0 watch=0/0 saved=0 gcObj=   93210 qpix=    -1 qimg=    -1 axisH=  0.0 online=0
2026-08-10 19:13:26 up=  49.0m prev=     0 cach=     0 miss=     0 load=    0 prox=  -1% srcLag=  -1.0s shownLag=  -1.0s rss=    -1.0MB thr=  1 pools=  5 campools= 0 children=    22 items=      0 camTot=       0 camMax=      0 watch=0/0 saved=0 gcObj=   93238 qpix=    -1 qimg=    -1 axisH=  0.0 online=0
2026-08-10 19:14:26 up=  50.0m prev=     0 cach=     0 miss=     0 load=    0 prox=  -1% srcLag=  -1.0s shownLag=  -1.0s rss=    -1.0MB thr=  1 pools=  5 campools= 0 children=    22 items=      0 camTot=       0 camMax=      0 watch=0/0 saved=0 gcObj=   93266 qpix=    -1 qimg=    -1 axisH=  0.0 online=0
2026-08-10 19:15:26 up=  51.0m prev=     0 cach=     0 miss=     0 load=    0 prox=  -1% srcLag=  -1.0s shownLag=  -1.0s rss=    -1.0MB thr=  1 pools=  5 campools= 0 children=    22 items=      0 camTot=       0 camMax=      0 watch=0/0 saved=0 gcObj=   93294 qpix=    -1 qimg=    -1 axisH=  0.0 online=0
2026-08-10 19:16:26 up=  52.0m prev=     0 cach=     0 miss=     0 load=    0 prox=  -1% srcLag=  -1.0s shownLag=  -1.0s rss=    -1.0MB thr=  1 pools=  5 campools= 0 children=    22 items=      0 camTot=       0 camMax=      0 watch=0/0 saved=0 gcObj=   93322 qpix=    -1 qimg=    -1 axisH=  0.0 online=0
2026-08-10 19:17:26 up=  53.0m prev=     0 cach=     0 miss=     0 load=    0 prox=  -1% srcLag=  -1.0s shownLag=  -1.0s rss=    -1.0MB thr=  1 pools=  5 campools= 0 children=    22 items=      0 camTot=       0 camMax=      0 watch=0/0 saved=0 gcObj=   93350 qpix=    -1 qimg=    -1 axisH=  0.0 online=0
2026-08-10 19:18:26 up=  54.0m prev=     0 cach=     0 miss=     0 load=    0 prox=  -1% srcLag=  -1.0s shownLag=  -1.0s rss=    -1.0MB thr=  1 pools=  5 campools= 0 children=    22 items=      0 camTot=       0 camMax=      0 watch=0/0 saved=0 gcObj=   93378 qpix=    -1 qimg=    -1 axisH=  0.0 online=0
2026-08-10 19:19:26 up=  55.0m prev=     0 cach=     0 miss=     0 load=    0 prox=  -1% srcLag=  -1.0s shownLag=  -1.0s rss=    -1.0MB thr=  1 pools=  5 campools= 0 children=    22 items=      0 camTot=       0 camMax=      0 watch=0/0 saved=0 gcObj=   93406 qpix=    -1 qimg=    -1 axisH=  0.0 online=0
2026-08-10 19:20:26 up=  56.0m prev=     0 cach=     0 miss=     0 load=    0 prox=  -1% srcLag=  -1.0s shownLag=  -1.0s rss=    -1.0MB thr=  1 pools=  5 campools= 0 children=    22 items=      0 camTot=       0 camMax=      0 watch=0/0 saved=0 gcObj=   93434 qpix=    -1 qimg=    -1 axisH=  0.0 online=0
2026-08-10 19:21:26 up=  57.0m prev=     0 cach=     0 miss=     0 load=    0 prox=  -1% srcLag=  -1.0s shownLag=  -1.0s rss=    -1.0MB thr=  1 pools=  5 campools= 0 children=    22 items=      0 camTot=       0 camMax=      0 watch=0/0 saved=0 gcObj=   93462 qpix=    -1 qimg=    -1 axisH=  0.0 online=0
2026-08-10 19:22:26 up=  58.0m prev=     0 cach=     0 miss=     0 load=    0 prox=  -1% srcLag=  -1.0s shownLag=  -1.0s rss=    -1.0MB thr=  1 pools=  5 campools= 0 children=    22 items=      0 camTot=       0 camMax=      0 watch=0/0 saved=0 gcObj=   93490 qpix=    -1 qimg=    -1 axisH=  0.0 online=0
2026-08-10 19:23:26 up=  59.0m prev=     0 cach=     0 miss=     0 load=    0 prox=  -1% srcLag=  -1.0s shownLag=  -1.0s rss=    -1.0MB thr=  1 pools=  5 campools= 0 children=    22 items=      0 camTot=       0 camMax=      0 watch=0/0 saved=0 gcObj=   93518 qpix=    -1 qimg=    -1 axisH=  0.0 online=0
2026-08-10 19:24:26 up=  60.0m prev=     0 cach=     0 miss=     0 load=    0 prox=  -1% srcLag=  -1.0s shownLag=  -1.0s rss=    -1.0MB thr=  1 pools=  5 campools= 0 children=    22 items=      0 camTot=       0 camMax=      0 watch=0/0 saved=0 gcObj=   92565 qpix=    -1 qimg=    -1 axisH=  0.0 online=0
2026-08-10 19:25:26 up=  61.0m prev=     0 cach=     0 miss=     0 load=    0 prox=  -1% srcLag=  -1.0s shownLag=  -1.0s rss=    -1.0MB thr=  1 pools=  5 campools= 0 children=    22 items=      0 camTot=       0 camMax=      0 watch=0/0 saved=0 gcObj=   92593 qpix=    -1 qimg=    -1 axisH=  0.0 online=0
2026-08-10 19:26:26 up=  62.0m prev=     0 cach=     0 miss=     0 load=    0 prox=  -1% srcLag=  -1.0s shownLag=  -1.0s rss=    -1.0MB thr=  1 pools=  5 campools= 0 children=    22 items=      0 camTot=       0 camMax=      0 watch=0/0 saved=0 gcObj=   92621 qpix=    -1 qimg=    -1 axisH=  0.0 online=0
2026-08-10 19:27:26 up=  63.0m prev=     0 cach=     0 miss=     0 load=    0 prox=  -1% srcLag=  -1.0s shownLag=  -1.0s rss=    -1.0MB thr=  1 pools=  5 campools= 0 children=    22 items=      0 camTot=       0 camMax=      0 watch=0/0 saved=0 gcObj=   92649 qpix=    -1 qimg=    -1 axisH=  0.0 online=0
2026-08-10 19:28:26 up=  64.0m prev=     0 cach=     0 miss=     0 load=    0 prox=  -1% srcLag=  -1.0s shownLag=  -1.0s rss=    -1.0MB thr=  1 pools=  5 campools= 0 children=    22 items=      0 camTot=       0 camMax=      0 watch=0/0 saved=0 gcObj=   92677 qpix=    -1 qimg=    -1 axisH=  0.0 online=0
2026-08-10 19:29:26 up=  65.0m prev=     0 cach=     0 miss=     0 load=    0 prox=  -1% srcLag=  -1.0s shownLag=  -1.0s rss=    -1.0MB thr=  1 pools=  5 campools= 0 children=    22 items=      0 camTot=       0 camMax=      0 watch=0/0 saved=0 gcObj=   92705 qpix=    -1 qimg=    -1 axisH=  0.0 online=0
2026-08-10 19:30:26 up=  66.0m prev=     0 cach=     0 miss=     0 load=    0 prox=  -1% srcLag=  -1.0s shownLag=  -1.0s rss=    -1.0MB thr=  1 pools=  5 campools= 0 children=    22 items=      0 camTot=       0 camMax=      0 watch=0/0 saved=0 gcObj=   92733 qpix=    -1 qimg=    -1 axisH=  0.0 online=0
2026-08-10 19:31:26 up=  67.0m prev=     0 cach=     0 miss=     0 load=    0 prox=  -1% srcLag=  -1.0s shownLag=  -1.0s rss=    -1.0MB thr=  1 pools=  5 campools= 0 children=    22 items=      0 camTot=       0 camMax=      0 watch=0/0 saved=0 gcObj=   92761 qpix=    -1 qimg=    -1 axisH=  0.0 online=0
2026-08-10 19:32:26 up=  68.0m prev=     0 cach=     0 miss=     0 load=    0 prox=  -1% srcLag=  -1.0s shownLag=  -1.0s rss=    -1.0MB thr=  1 pools=  5 campools= 0 children=    22 items=      0 camTot=       0 camMax=      0 watch=0/0 saved=0 gcObj=   92789 qpix=    -1 qimg=    -1 axisH=  0.0 online=0
2026-08-10 19:33:26 up=  69.0m prev=     0 cach=     0 miss=     0 load=    0 prox=  -1% srcLag=  -1.0s shownLag=  -1.0s rss=    -1.0MB thr=  1 pools=  5 campools= 0 children=    22 items=      0 camTot=       0 camMax=      0 watch=0/0 saved=0 gcObj=   92817 qpix=    -1 qimg=    -1 axisH=  0.0 online=0
2026-08-10 19:34:26 up=  70.0m prev=     0 cach=     0 miss=     0 load=    0 prox=  -1% srcLag=  -1.0s shownLag=  -1.0s rss=    -1.0MB thr=  1 pools=  5 campools= 0 children=    22 items=      0 camTot=       0 camMax=      0 watch=0/0 saved=0 gcObj=   92845 qpix=    -1 qimg=    -1 axisH=  0.0 online=0
2026-08-10 19:35:26 up=  71.0m prev=     0 cach=     0 miss=     0 load=    0 prox=  -1% srcLag=  -1.0s shownLag=  -1.0s rss=    -1.0MB thr=  1 pools=  5 campools= 0 children=    22 items=      0 camTot=       0 camMax=      0 watch=0/0 saved=0 gcObj=   92873 qpix=    -1 qimg=    -1 axisH=  0.0 online=0
2026-08-10 19:36:26 up=  72.0m prev=     0 cach=     0 miss=     0 load=    0 prox=  -1% srcLag=  -1.0s shownLag=  -1.0s rss=    -1.0MB thr=  1 pools=  5 campools= 0 children=    22 items=      0 camTot=       0 camMax=      0 watch=0/0 saved=0 gcObj=   92901 qpix=    -1 qimg=    -1 axisH=  0.0 online=0
2026-08-10 19:37:26 up=  73.0m prev=     0 cach=     0 miss=     0 load=    0 prox=  -1% srcLag=  -1.0s shownLag=  -1.0s rss=    -1.0MB thr=  1 pools=  5 campools= 0 children=    22 items=      0 camTot=       0 camMax=      0 watch=0/0 saved=0 gcObj=   92929 qpix=    -1 qimg=    -1 axisH=  0.0 online=0
2026-08-10 19:38:26 up=  74.0m prev=     0 cach=     0 miss=     0 load=    0 prox=  -1% srcLag=  -1.0s shownLag=  -1.0s rss=    -1.0MB thr=  1 pools=  5 campools= 0 children=    22 items=      0 camTot=       0 camMax=      0 watch=0/0 saved=0 gcObj=   92957 qpix=    -1 qimg=    -1 axisH=  0.0 online=0
2026-08-10 19:39:26 up=  75.0m prev=     0 cach=     0 miss=     0 load=    0 prox=  -1% srcLag=  -1.0s shownLag=  -1.0s rss=    -1.0MB thr=  1 pools=  5 campools= 0 children=    22 items=      0 camTot=       0 camMax=      0 watch=0/0 saved=0 gcObj=   92985 qpix=    -1 qimg=    -1 axisH=  0.0 online=0
2026-08-10 19:40:26 up=  76.0m prev=     0 cach=     0 miss=     0 load=    0 prox=  -1% srcLag=  -1.0s shownLag=  -1.0s rss=    -1.0MB thr=  1 pools=  5 campools= 0 children=    22 items=      0 camTot=       0 camMax=      0 watch=0/0 saved=0 gcObj=   93013 qpix=    -1 qimg=    -1 axisH=  0.0 online=0
2026-08-10 19:41:26 up=  77.0m prev=     0 cach=     0 miss=     0 load=    0 prox=  -1% srcLag=  -1.0s shownLag=  -1.0s rss=    -1.0MB thr=  1 pools=  5 campools= 0 children=    22 items=      0 camTot=       0 camMax=      0 watch=0/0 saved=0 gcObj=   93041 qpix=    -1 qimg=    -1 axisH=  0.0 online=0
2026-08-10 19:42:26 up=  78.0m prev=     0 cach=     0 miss=     0 load=    0 prox=  -1% srcLag=  -1.0s shownLag=  -1.0s rss=    -1.0MB thr=  1 pools=  5 campools= 0 children=    22 items=      0 camTot=       0 camMax=      0 watch=0/0 saved=0 gcObj=   93069 qpix=    -1 qimg=    -1 axisH=  0.0 online=0
2026-08-10 19:43:26 up=  79.0m prev=     0 cach=     0 miss=     0 load=    0 prox=  -1% srcLag=  -1.0s shownLag=  -1.0s rss=    -1.0MB thr=  1 pools=  5 campools= 0 children=    22 items=      0 camTot=       0 camMax=      0 watch=0/0 saved=0 gcObj=   93097 qpix=    -1 qimg=    -1 axisH=  0.0 online=0
2026-08-10 19:44:26 up=  80.0m prev=     0 cach=     0 miss=     0 load=    0 prox=  -1% srcLag=  -1.0s shownLag=  -1.0s rss=    -1.0MB thr=  1 pools=  5 campools= 0 children=    22 items=      0 camTot=       0 camMax=      0 watch=0/0 saved=0 gcObj=   93125 qpix=    -1 qimg=    -1 axisH=  0.0 online=0
2026-08-10 19:45:26 up=  81.0m prev=     0 cach=     0 miss=     0 load=    0 prox=  -1% srcLag=  -1.0s shownLag=  -1.0s rss=    -1.0MB thr=  1 pools=  5 campools= 0 children=    22 items=      0 camTot=       0 camMax=      0 watch=0/0 saved=0 gcObj=   93153 qpix=    -1 qimg=    -1 axisH=  0.0 online=0
2026-08-10 19:46:26 up=  82.0m prev=     0 cach=     0 miss=     0 load=    0 prox=  -1% srcLag=  -1.0s shownLag=  -1.0s rss=    -1.0MB thr=  1 pools=  5 campools= 0 children=    22 items=      0 camTot=       0 camMax=      0 watch=0/0 saved=0 gcObj=   93181 qpix=    -1 qimg=    -1 axisH=  0.0 online=0
2026-08-10 19:47:26 up=  83.0m prev=     0 cach=     0 miss=     0 load=    0 prox=  -1% srcLag=  -1.0s shownLag=  -1.0s rss=    -1.0MB thr=  1 pools=  5 campools= 0 children=    22 items=      0 camTot=       0 camMax=      0 watch=0/0 saved=0 gcObj=   93209 qpix=    -1 qimg=    -1 axisH=  0.0 online=0
2026-08-10 19:48:26 up=  84.0m prev=     0 cach=     0 miss=     0 load=    0 prox=  -1% srcLag=  -1.0s shownLag=  -1.0s rss=    -1.0MB thr=  1 pools=  5 campools= 0 children=    22 items=      0 camTot=       0 camMax=      0 watch=0/0 saved=0 gcObj=   93237 qpix=    -1 qimg=    -1 axisH=  0.0 online=0
2026-08-10 19:49:26 up=  85.0m prev=     0 cach=     0 miss=     0 load=    0 prox=  -1% srcLag=  -1.0s shownLag=  -1.0s rss=    -1.0MB thr=  1 pools=  5 campools= 0 children=    22 items=      0 camTot=       0 camMax=      0 watch=0/0 saved=0 gcObj=   93265 qpix=    -1 qimg=    -1 axisH=  0.0 online=0
2026-08-10 19:50:26 up=  86.0m prev=     0 cach=     0 miss=     0 load=    0 prox=  -1% srcLag=  -1.0s shownLag=  -1.0s rss=    -1.0MB thr=  1 pools=  5 campools= 0 children=    22 items=      0 camTot=       0 camMax=      0 watch=0/0 saved=0 gcObj=   93293 qpix=    -1 qimg=    -1 axisH=  0.0 online=0
2026-08-10 19:51:26 up=  87.0m prev=     0 cach=     0 miss=     0 load=    0 prox=  -1% srcLag=  -1.0s shownLag=  -1.0s rss=    -1.0MB thr=  1 pools=  5 campools= 0 children=    22 items=      0 camTot=       0 camMax=      0 watch=0/0 saved=0 gcObj=   93321 qpix=    -1 qimg=    -1 axisH=  0.0 online=0
2026-08-10 19:52:26 up=  88.0m prev=     0 cach=     0 miss=     0 load=    0 prox=  -1% srcLag=  -1.0s shownLag=  -1.0s rss=    -1.0MB thr=  1 pools=  5 campools= 0 children=    22 items=      0 camTot=       0 camMax=      0 watch=0/0 saved=0 gcObj=   93349 qpix=    -1 qimg=    -1 axisH=  0.0 online=0
2026-08-10 19:53:26 up=  89.0m prev=     0 cach=     0 miss=     0 load=    0 prox=  -1% srcLag=  -1.0s shownLag=  -1.0s rss=    -1.0MB thr=  1 pools=  5 campools= 0 children=    22 items=      0 camTot=       0 camMax=      0 watch=0/0 saved=0 gcObj=   93377 qpix=    -1 qimg=    -1 axisH=  0.0 online=0
2026-08-10 19:54:26 up=  90.0m prev=     0 cach=     0 miss=     0 load=    0 prox=  -1% srcLag=  -1.0s shownLag=  -1.0s rss=    -1.0MB thr=  1 pools=  5 campools= 0 children=    22 items=      0 camTot=       0 camMax=      0 watch=0/0 saved=0 gcObj=   93405 qpix=    -1 qimg=    -1 axisH=  0.0 online=0
2026-08-10 19:55:26 up=  91.0m prev=     0 cach=     0 miss=     0 load=    0 prox=  -1% srcLag=  -1.0s shownLag=  -1.0s rss=    -1.0MB thr=  1 pools=  5 campools= 0 children=    22 items=      0 camTot=       0 camMax=      0 watch=0/0 saved=0 gcObj=   93433 qpix=    -1 qimg=    -1 axisH=  0.0 online=0
2026-08-10 19:56:26 up=  92.0m prev=     0 cach=     0 miss=     0 load=    0 prox=  -1% srcLag=  -1.0s shownLag=  -1.0s rss=    -1.0MB thr=  1 pools=  5 campools= 0 children=    22 items=      0 camTot=       0 camMax=      0 watch=0/0 saved=0 gcObj=   93461 qpix=    -1 qimg=    -1 axisH=  0.0 online=0
2026-08-10 19:57:26 up=  93.0m prev=     0 cach=     0 miss=     0 load=    0 prox=  -1% srcLag=  -1.0s shownLag=  -1.0s rss=    -1.0MB thr=  1 pools=  5 campools= 0 children=    22 items=      0 camTot=       0 camMax=      0 watch=0/0 saved=0 gcObj=   93489 qpix=    -1 qimg=    -1 axisH=  0.0 online=0
2026-08-10 19:58:26 up=  94.0m prev=     0 cach=     0 miss=     0 load=    0 prox=  -1% srcLag=  -1.0s shownLag=  -1.0s rss=    -1.0MB thr=  1 pools=  5 campools= 0 children=    22 items=      0 camTot=       0 camMax=      0 watch=0/0 saved=0 gcObj=   93517 qpix=    -1 qimg=    -1 axisH=  0.0 online=0
2026-08-10 19:59:26 up=  95.0m prev=     0 cach=     0 miss=     0 load=    0 prox=  -1% srcLag=  -1.0s shownLag=  -1.0s rss=    -1.0MB thr=  1 pools=  5 campools= 0 children=    22 items=      0 camTot=       0 camMax=      0 watch=0/0 saved=0 gcObj=   93545 qpix=    -1 qimg=    -1 axisH=  0.0 online=0
2026-08-10 20:00:26 up=  96.0m prev=     0 cach=     0 miss=     0 load=    0 prox=  -1% srcLag=  -1.0s shownLag=  -1.0s rss=    -1.0MB thr=  1 pools=  5 campools= 0 children=    22 items=      0 camTot=       0 camMax=      0 watch=0/0 saved=0 gcObj=   93573 qpix=    -1 qimg=    -1 axisH=  0.0 online=0
2026-08-10 20:01:26 up=  97.0m prev=     0 cach=     0 miss=     0 load=    0 prox=  -1% srcLag=  -1.0s shownLag=  -1.0s rss=    -1.0MB thr=  1 pools=  5 campools= 0 children=    22 items=      0 camTot=       0 camMax=      0 watch=0/0 saved=0 gcObj=   93601 qpix=    -1 qimg=    -1 axisH=  0.0 online=0
2026-08-10 20:02:26 up=  98.0m prev=     0 cach=     0 miss=     0 load=    0 prox=  -1% srcLag=  -1.0s shownLag=  -1.0s rss=    -1.0MB thr=  1 pools=  5 campools= 0 children=    22 items=      0 camTot=       0 camMax=      0 watch=0/0 saved=0 gcObj=   93629 qpix=    -1 qimg=    -1 axisH=  0.0 online=0
2026-08-10 20:03:26 up=  99.0m prev=     0 cach=     0 miss=     0 load=    0 prox=  -1% srcLag=  -1.0s shownLag=  -1.0s rss=    -1.0MB thr=  1 pools=  5 campools= 0 children=    22 items=      0 camTot=       0 camMax=      0 watch=0/0 saved=0 gcObj=   93657 qpix=    -1 qimg=    -1 axisH=  0.0 online=0
2026-08-10 20:04:26 up= 100.0m prev=     0 cach=     0 miss=     0 load=    0 prox=  -1% srcLag=  -1.0s shownLag=  -1.0s rss=    -1.0MB thr=  1 pools=  5 campools= 0 children=    22 items=      0 camTot=       0 camMax=      0 watch=0/0 saved=0 gcObj=   93685 qpix=    -1 qimg=    -1 axisH=  0.0 online=0
2026-08-10 20:05:26 up= 101.0m prev=     0 cach=     0 miss=     0 load=    0 prox=  -1% srcLag=  -1.0s shownLag=  -1.0s rss=    -1.0MB thr=  1 pools=  5 campools= 0 children=    22 items=      0 camTot=       0 camMax=      0 watch=0/0 saved=0 gcObj=   92592 qpix=    -1 qimg=    -1 axisH=  0.0 online=0
2026-08-10 20:06:26 up= 102.0m prev=     0 cach=     0 miss=     0 load=    0 prox=  -1% srcLag=  -1.0s shownLag=  -1.0s rss=    -1.0MB thr=  1 pools=  5 campools= 0 children=    22 items=      0 camTot=       0 camMax=      0 watch=0/0 saved=0 gcObj=   92620 qpix=    -1 qimg=    -1 axisH=  0.0 online=0
2026-08-10 20:07:26 up= 103.0m prev=     0 cach=     0 miss=     0 load=    0 prox=  -1% srcLag=  -1.0s shownLag=  -1.0s rss=    -1.0MB thr=  1 pools=  5 campools= 0 children=    22 items=      0 camTot=       0 camMax=      0 watch=0/0 saved=0 gcObj=   92648 qpix=    -1 qimg=    -1 axisH=  0.0 online=0
2026-08-10 20:08:26 up= 104.0m prev=     0 cach=     0 miss=     0 load=    0 prox=  -1% srcLag=  -1.0s shownLag=  -1.0s rss=    -1.0MB thr=  1 pools=  5 campools= 0 children=    22 items=      0 camTot=       0 camMax=      0 watch=0/0 saved=0 gcObj=   92676 qpix=    -1 qimg=    -1 axisH=  0.0 online=0
2026-08-10 20:09:26 up= 105.0m prev=     0 cach=     0 miss=     0 load=    0 prox=  -1% srcLag=  -1.0s shownLag=  -1.0s rss=    -1.0MB thr=  1 pools=  5 campools= 0 children=    22 items=      0 camTot=       0 camMax=      0 watch=0/0 saved=0 gcObj=   92704 qpix=    -1 qimg=    -1 axisH=  0.0 online=0
2026-08-10 20:10:26 up= 106.0m prev=     0 cach=     0 miss=     0 load=    0 prox=  -1% srcLag=  -1.0s shownLag=  -1.0s rss=    -1.0MB thr=  1 pools=  5 campools= 0 children=    22 items=      0 camTot=       0 camMax=      0 watch=0/0 saved=0 gcObj=   92732 qpix=    -1 qimg=    -1 axisH=  0.0 online=0
2026-08-10 20:11:26 up= 107.0m prev=     0 cach=     0 miss=     0 load=    0 prox=  -1% srcLag=  -1.0s shownLag=  -1.0s rss=    -1.0MB thr=  1 pools=  5 campools= 0 children=    22 items=      0 camTot=       0 camMax=      0 watch=0/0 saved=0 gcObj=   92760 qpix=    -1 qimg=    -1 axisH=  0.0 online=0
2026-08-10 20:12:26 up= 108.0m prev=     0 cach=     0 miss=     0 load=    0 prox=  -1% srcLag=  -1.0s shownLag=  -1.0s rss=    -1.0MB thr=  1 pools=  5 campools= 0 children=    22 items=      0 camTot=       0 camMax=      0 watch=0/0 saved=0 gcObj=   92788 qpix=    -1 qimg=    -1 axisH=  0.0 online=0
2026-08-10 20:13:26 up= 109.0m prev=     0 cach=     0 miss=     0 load=    0 prox=  -1% srcLag=  -1.0s shownLag=  -1.0s rss=    -1.0MB thr=  1 pools=  5 campools= 0 children=    22 items=      0 camTot=       0 camMax=      0 watch=0/0 saved=0 gcObj=   92816 qpix=    -1 qimg=    -1 axisH=  0.0 online=0
2026-08-10 20:14:26 up= 110.0m prev=     0 cach=     0 miss=     0 load=    0 prox=  -1% srcLag=  -1.0s shownLag=  -1.0s rss=    -1.0MB thr=  1 pools=  5 campools= 0 children=    22 items=      0 camTot=       0 camMax=      0 watch=0/0 saved=0 gcObj=   92844 qpix=    -1 qimg=    -1 axisH=  0.0 online=0
2026-08-10 20:15:26 up= 111.0m prev=     0 cach=     0 miss=     0 load=    0 prox=  -1% srcLag=  -1.0s shownLag=  -1.0s rss=    -1.0MB thr=  1 pools=  5 campools= 0 children=    22 items=      0 camTot=       0 camMax=      0 watch=0/0 saved=0 gcObj=   92872 qpix=    -1 qimg=    -1 axisH=  0.0 online=0
2026-08-10 20:16:26 up= 112.0m prev=     0 cach=     0 miss=     0 load=    0 prox=  -1% srcLag=  -1.0s shownLag=  -1.0s rss=    -1.0MB thr=  1 pools=  5 campools= 0 children=    22 items=      0 camTot=       0 camMax=      0 watch=0/0 saved=0 gcObj=   92900 qpix=    -1 qimg=    -1 axisH=  0.0 online=0
2026-08-10 20:17:26 up= 113.0m prev=     0 cach=     0 miss=     0 load=    0 prox=  -1% srcLag=  -1.0s shownLag=  -1.0s rss=    -1.0MB thr=  1 pools=  5 campools= 0 children=    22 items=      0 camTot=       0 camMax=      0 watch=0/0 saved=0 gcObj=   92928 qpix=    -1 qimg=    -1 axisH=  0.0 online=0
2026-08-10 20:18:26 up= 114.0m prev=     0 cach=     0 miss=     0 load=    0 prox=  -1% srcLag=  -1.0s shownLag=  -1.0s rss=    -1.0MB thr=  1 pools=  5 campools= 0 children=    22 items=      0 camTot=       0 camMax=      0 watch=0/0 saved=0 gcObj=   92956 qpix=    -1 qimg=    -1 axisH=  0.0 online=0
2026-08-10 20:19:26 up= 115.0m prev=     0 cach=     0 miss=     0 load=    0 prox=  -1% srcLag=  -1.0s shownLag=  -1.0s rss=    -1.0MB thr=  1 pools=  5 campools= 0 children=    22 items=      0 camTot=       0 camMax=      0 watch=0/0 saved=0 gcObj=   92984 qpix=    -1 qimg=    -1 axisH=  0.0 online=0
2026-08-10 20:20:26 up= 116.0m prev=     0 cach=     0 miss=     0 load=    0 prox=  -1% srcLag=  -1.0s shownLag=  -1.0s rss=    -1.0MB thr=  1 pools=  5 campools= 0 children=    22 items=      0 camTot=       0 camMax=      0 watch=0/0 saved=0 gcObj=   93012 qpix=    -1 qimg=    -1 axisH=  0.0 online=0
2026-08-10 20:21:26 up= 117.0m prev=     0 cach=     0 miss=     0 load=    0 prox=  -1% srcLag=  -1.0s shownLag=  -1.0s rss=    -1.0MB thr=  1 pools=  5 campools= 0 children=    22 items=      0 camTot=       0 camMax=      0 watch=0/0 saved=0 gcObj=   93040 qpix=    -1 qimg=    -1 axisH=  0.0 online=0
2026-08-10 20:22:26 up= 118.0m prev=     0 cach=     0 miss=     0 load=    0 prox=  -1% srcLag=  -1.0s shownLag=  -1.0s rss=    -1.0MB thr=  1 pools=  5 campools= 0 children=    22 items=      0 camTot=       0 camMax=      0 watch=0/0 saved=0 gcObj=   93068 qpix=    -1 qimg=    -1 axisH=  0.0 online=0
2026-08-10 20:23:26 up= 119.0m prev=     0 cach=     0 miss=     0 load=    0 prox=  -1% srcLag=  -1.0s shownLag=  -1.0s rss=    -1.0MB thr=  1 pools=  5 campools= 0 children=    22 items=      0 camTot=       0 camMax=      0 watch=0/0 saved=0 gcObj=   93096 qpix=    -1 qimg=    -1 axisH=  0.0 online=0
2026-08-10 20:24:26 up= 120.0m prev=     0 cach=     0 miss=     0 load=    0 prox=  -1% srcLag=  -1.0s shownLag=  -1.0s rss=    -1.0MB thr=  1 pools=  5 campools= 0 children=    22 items=      0 camTot=       0 camMax=      0 watch=0/0 saved=0 gcObj=   93124 qpix=    -1 qimg=    -1 axisH=  0.0 online=0
2026-08-10 20:25:26 up= 121.0m prev=     0 cach=     0 miss=     0 load=    0 prox=  -1% srcLag=  -1.0s shownLag=  -1.0s rss=    -1.0MB thr=  1 pools=  5 campools= 0 children=    22 items=      0 camTot=       0 camMax=      0 watch=0/0 saved=0 gcObj=   93152 qpix=    -1 qimg=    -1 axisH=  0.0 online=0
2026-08-10 20:26:26 up= 122.0m prev=     0 cach=     0 miss=     0 load=    0 prox=  -1% srcLag=  -1.0s shownLag=  -1.0s rss=    -1.0MB thr=  1 pools=  5 campools= 0 children=    22 items=      0 camTot=       0 camMax=      0 watch=0/0 saved=0 gcObj=   93180 qpix=    -1 qimg=    -1 axisH=  0.0 online=0
2026-08-10 20:27:26 up= 123.0m prev=     0 cach=     0 miss=     0 load=    0 prox=  -1% srcLag=  -1.0s shownLag=  -1.0s rss=    -1.0MB thr=  1 pools=  5 campools= 0 children=    22 items=      0 camTot=       0 camMax=      0 watch=0/0 saved=0 gcObj=   93208 qpix=    -1 qimg=    -1 axisH=  0.0 online=0
2026-08-10 20:28:26 up= 124.0m prev=     0 cach=     0 miss=     0 load=    0 prox=  -1% srcLag=  -1.0s shownLag=  -1.0s rss=    -1.0MB thr=  1 pools=  5 campools= 0 children=    22 items=      0 camTot=       0 camMax=      0 watch=0/0 saved=0 gcObj=   93236 qpix=    -1 qimg=    -1 axisH=  0.0 online=0
2026-08-10 20:29:26 up= 125.0m prev=     0 cach=     0 miss=     0 load=    0 prox=  -1% srcLag=  -1.0s shownLag=  -1.0s rss=    -1.0MB thr=  1 pools=  5 campools= 0 children=    22 items=      0 camTot=       0 camMax=      0 watch=0/0 saved=0 gcObj=   93264 qpix=    -1 qimg=    -1 axisH=  0.0 online=0
2026-08-10 20:30:26 up= 126.0m prev=     0 cach=     0 miss=     0 load=    0 prox=  -1% srcLag=  -1.0s shownLag=  -1.0s rss=    -1.0MB thr=  1 pools=  5 campools= 0 children=    22 items=      0 camTot=       0 camMax=      0 watch=0/0 saved=0 gcObj=   93292 qpix=    -1 qimg=    -1 axisH=  0.0 online=0
2026-08-10 20:31:26 up= 127.0m prev=     0 cach=     0 miss=     0 load=    0 prox=  -1% srcLag=  -1.0s shownLag=  -1.0s rss=    -1.0MB thr=  1 pools=  5 campools= 0 children=    22 items=      0 camTot=       0 camMax=      0 watch=0/0 saved=0 gcObj=   93320 qpix=    -1 qimg=    -1 axisH=  0.0 online=0
2026-08-10 20:32:26 up= 128.0m prev=     0 cach=     0 miss=     0 load=    0 prox=  -1% srcLag=  -1.0s shownLag=  -1.0s rss=    -1.0MB thr=  1 pools=  5 campools= 0 children=    22 items=      0 camTot=       0 camMax=      0 watch=0/0 saved=0 gcObj=   93348 qpix=    -1 qimg=    -1 axisH=  0.0 online=0
2026-08-10 20:33:26 up= 129.0m prev=     0 cach=     0 miss=     0 load=    0 prox=  -1% srcLag=  -1.0s shownLag=  -1.0s rss=    -1.0MB thr=  1 pools=  5 campools= 0 children=    22 items=      0 camTot=       0 camMax=      0 watch=0/0 saved=0 gcObj=   93376 qpix=    -1 qimg=    -1 axisH=  0.0 online=0
2026-08-10 20:34:26 up= 130.0m prev=     0 cach=     0 miss=     0 load=    0 prox=  -1% srcLag=  -1.0s shownLag=  -1.0s rss=    -1.0MB thr=  1 pools=  5 campools= 0 children=    22 items=      0 camTot=       0 camMax=      0 watch=0/0 saved=0 gcObj=   93404 qpix=    -1 qimg=    -1 axisH=  0.0 online=0
2026-08-10 20:35:26 up= 131.0m prev=     0 cach=     0 miss=     0 load=    0 prox=  -1% srcLag=  -1.0s shownLag=  -1.0s rss=    -1.0MB thr=  1 pools=  5 campools= 0 children=    22 items=      0 camTot=       0 camMax=      0 watch=0/0 saved=0 gcObj=   93432 qpix=    -1 qimg=    -1 axisH=  0.0 online=0
2026-08-10 20:36:26 up= 132.0m prev=     0 cach=     0 miss=     0 load=    0 prox=  -1% srcLag=  -1.0s shownLag=  -1.0s rss=    -1.0MB thr=  1 pools=  5 campools= 0 children=    22 items=      0 camTot=       0 camMax=      0 watch=0/0 saved=0 gcObj=   93460 qpix=    -1 qimg=    -1 axisH=  0.0 online=0
2026-08-10 20:37:26 up= 133.0m prev=     0 cach=     0 miss=     0 load=    0 prox=  -1% srcLag=  -1.0s shownLag=  -1.0s rss=    -1.0MB thr=  1 pools=  5 campools= 0 children=    22 items=      0 camTot=       0 camMax=      0 watch=0/0 saved=0 gcObj=   93488 qpix=    -1 qimg=    -1 axisH=  0.0 online=0
2026-08-10 20:38:26 up= 134.0m prev=     0 cach=     0 miss=     0 load=    0 prox=  -1% srcLag=  -1.0s shownLag=  -1.0s rss=    -1.0MB thr=  1 pools=  5 campools= 0 children=    22 items=      0 camTot=       0 camMax=      0 watch=0/0 saved=0 gcObj=   93516 qpix=    -1 qimg=    -1 axisH=  0.0 online=0
2026-08-10 20:39:26 up= 135.0m prev=     0 cach=     0 miss=     0 load=    0 prox=  -1% srcLag=  -1.0s shownLag=  -1.0s rss=    -1.0MB thr=  1 pools=  5 campools= 0 children=    22 items=      0 camTot=       0 camMax=      0 watch=0/0 saved=0 gcObj=   93544 qpix=    -1 qimg=    -1 axisH=  0.0 online=0
2026-08-10 20:40:26 up= 136.0m prev=     0 cach=     0 miss=     0 load=    0 prox=  -1% srcLag=  -1.0s shownLag=  -1.0s rss=    -1.0MB thr=  1 pools=  5 campools= 0 children=    22 items=      0 camTot=       0 camMax=      0 watch=0/0 saved=0 gcObj=   93572 qpix=    -1 qimg=    -1 axisH=  0.0 online=0
2026-08-10 20:41:26 up= 137.0m prev=     0 cach=     0 miss=     0 load=    0 prox=  -1% srcLag=  -1.0s shownLag=  -1.0s rss=    -1.0MB thr=  1 pools=  5 campools= 0 children=    22 items=      0 camTot=       0 camMax=      0 watch=0/0 saved=0 gcObj=   93600 qpix=    -1 qimg=    -1 axisH=  0.0 online=0
2026-08-10 20:42:26 up= 138.0m prev=     0 cach=     0 miss=     0 load=    0 prox=  -1% srcLag=  -1.0s shownLag=  -1.0s rss=    -1.0MB thr=  1 pools=  5 campools= 0 children=    22 items=      0 camTot=       0 camMax=      0 watch=0/0 saved=0 gcObj=   93628 qpix=    -1 qimg=    -1 axisH=  0.0 online=0
2026-08-10 20:43:26 up= 139.0m prev=     0 cach=     0 miss=     0 load=    0 prox=  -1% srcLag=  -1.0s shownLag=  -1.0s rss=    -1.0MB thr=  1 pools=  5 campools= 0 children=    22 items=      0 camTot=       0 camMax=      0 watch=0/0 saved=0 gcObj=   93656 qpix=    -1 qimg=    -1 axisH=  0.0 online=0
2026-08-10 20:44:26 up= 140.0m prev=     0 cach=     0 miss=     0 load=    0 prox=  -1% srcLag=  -1.0s shownLag=  -1.0s rss=    -1.0MB thr=  1 pools=  5 campools= 0 children=    22 items=      0 camTot=       0 camMax=      0 watch=0/0 saved=0 gcObj=   93684 qpix=    -1 qimg=    -1 axisH=  0.0 online=0
2026-08-10 20:45:26 up= 141.0m prev=     0 cach=     0 miss=     0 load=    0 prox=  -1% srcLag=  -1.0s shownLag=  -1.0s rss=    -1.0MB thr=  1 pools=  5 campools= 0 children=    22 items=      0 camTot=       0 camMax=      0 watch=0/0 saved=0 gcObj=   93712 qpix=    -1 qimg=    -1 axisH=  0.0 online=0
2026-08-10 20:46:26 up= 142.0m prev=     0 cach=     0 miss=     0 load=    0 prox=  -1% srcLag=  -1.0s shownLag=  -1.0s rss=    -1.0MB thr=  1 pools=  5 campools= 0 children=    22 items=      0 camTot=       0 camMax=      0 watch=0/0 saved=0 gcObj=   93740 qpix=    -1 qimg=    -1 axisH=  0.0 online=0
2026-08-10 20:47:26 up= 143.0m prev=     0 cach=     0 miss=     0 load=    0 prox=  -1% srcLag=  -1.0s shownLag=  -1.0s rss=    -1.0MB thr=  1 pools=  5 campools= 0 children=    22 items=      0 camTot=       0 camMax=      0 watch=0/0 saved=0 gcObj=   93768 qpix=    -1 qimg=    -1 axisH=  0.0 online=0
2026-08-10 20:48:26 up= 144.0m prev=     0 cach=     0 miss=     0 load=    0 prox=  -1% srcLag=  -1.0s shownLag=  -1.0s rss=    -1.0MB thr=  1 pools=  5 campools= 0 children=    22 items=      0 camTot=       0 camMax=      0 watch=0/0 saved=0 gcObj=   92591 qpix=    -1 qimg=    -1 axisH=  0.0 online=0
2026-08-10 20:49:26 up= 145.0m prev=     0 cach=     0 miss=     0 load=    0 prox=  -1% srcLag=  -1.0s shownLag=  -1.0s rss=    -1.0MB thr=  1 pools=  5 campools= 0 children=    22 items=      0 camTot=       0 camMax=      0 watch=0/0 saved=0 gcObj=   92619 qpix=    -1 qimg=    -1 axisH=  0.0 online=0
2026-08-10 20:50:26 up= 146.0m prev=     0 cach=     0 miss=     0 load=    0 prox=  -1% srcLag=  -1.0s shownLag=  -1.0s rss=    -1.0MB thr=  1 pools=  5 campools= 0 children=    22 items=      0 camTot=       0 camMax=      0 watch=0/0 saved=0 gcObj=   92647 qpix=    -1 qimg=    -1 axisH=  0.0 online=0
2026-08-10 20:51:26 up= 147.0m prev=     0 cach=     0 miss=     0 load=    0 prox=  -1% srcLag=  -1.0s shownLag=  -1.0s rss=    -1.0MB thr=  1 pools=  5 campools= 0 children=    22 items=      0 camTot=       0 camMax=      0 watch=0/0 saved=0 gcObj=   92675 qpix=    -1 qimg=    -1 axisH=  0.0 online=0
2026-08-10 20:52:26 up= 148.0m prev=     0 cach=     0 miss=     0 load=    0 prox=  -1% srcLag=  -1.0s shownLag=  -1.0s rss=    -1.0MB thr=  1 pools=  5 campools= 0 children=    22 items=      0 camTot=       0 camMax=      0 watch=0/0 saved=0 gcObj=   92703 qpix=    -1 qimg=    -1 axisH=  0.0 online=0
2026-08-10 20:53:26 up= 149.0m prev=     0 cach=     0 miss=     0 load=    0 prox=  -1% srcLag=  -1.0s shownLag=  -1.0s rss=    -1.0MB thr=  1 pools=  5 campools= 0 children=    22 items=      0 camTot=       0 camMax=      0 watch=0/0 saved=0 gcObj=   92731 qpix=    -1 qimg=    -1 axisH=  0.0 online=0
2026-08-10 20:54:26 up= 150.0m prev=     0 cach=     0 miss=     0 load=    0 prox=  -1% srcLag=  -1.0s shownLag=  -1.0s rss=    -1.0MB thr=  1 pools=  5 campools= 0 children=    22 items=      0 camTot=       0 camMax=      0 watch=0/0 saved=0 gcObj=   92759 qpix=    -1 qimg=    -1 axisH=  0.0 online=0
2026-08-10 20:55:26 up= 151.0m prev=     0 cach=     0 miss=     0 load=    0 prox=  -1% srcLag=  -1.0s shownLag=  -1.0s rss=    -1.0MB thr=  1 pools=  5 campools= 0 children=    22 items=      0 camTot=       0 camMax=      0 watch=0/0 saved=0 gcObj=   92787 qpix=    -1 qimg=    -1 axisH=  0.0 online=0
2026-08-10 20:56:26 up= 152.0m prev=     0 cach=     0 miss=     0 load=    0 prox=  -1% srcLag=  -1.0s shownLag=  -1.0s rss=    -1.0MB thr=  1 pools=  5 campools= 0 children=    22 items=      0 camTot=       0 camMax=      0 watch=0/0 saved=0 gcObj=   92815 qpix=    -1 qimg=    -1 axisH=  0.0 online=0
2026-08-10 20:57:26 up= 153.0m prev=     0 cach=     0 miss=     0 load=    0 prox=  -1% srcLag=  -1.0s shownLag=  -1.0s rss=    -1.0MB thr=  1 pools=  5 campools= 0 children=    22 items=      0 camTot=       0 camMax=      0 watch=0/0 saved=0 gcObj=   92843 qpix=    -1 qimg=    -1 axisH=  0.0 online=0
2026-08-10 20:58:26 up= 154.0m prev=     0 cach=     0 miss=     0 load=    0 prox=  -1% srcLag=  -1.0s shownLag=  -1.0s rss=    -1.0MB thr=  1 pools=  5 campools= 0 children=    22 items=      0 camTot=       0 camMax=      0 watch=0/0 saved=0 gcObj=   92871 qpix=    -1 qimg=    -1 axisH=  0.0 online=0
2026-08-10 20:59:26 up= 155.0m prev=     0 cach=     0 miss=     0 load=    0 prox=  -1% srcLag=  -1.0s shownLag=  -1.0s rss=    -1.0MB thr=  1 pools=  5 campools= 0 children=    22 items=      0 camTot=       0 camMax=      0 watch=0/0 saved=0 gcObj=   92899 qpix=    -1 qimg=    -1 axisH=  0.0 online=0
2026-08-10 21:00:26 up= 156.0m prev=     0 cach=     0 miss=     0 load=    0 prox=  -1% srcLag=  -1.0s shownLag=  -1.0s rss=    -1.0MB thr=  1 pools=  5 campools= 0 children=    22 items=      0 camTot=       0 camMax=      0 watch=0/0 saved=0 gcObj=   92927 qpix=    -1 qimg=    -1 axisH=  0.0 online=0
2026-08-10 21:01:26 up= 157.0m prev=     0 cach=     0 miss=     0 load=    0 prox=  -1% srcLag=  -1.0s shownLag=  -1.0s rss=    -1.0MB thr=  1 pools=  5 campools= 0 children=    22 items=      0 camTot=       0 camMax=      0 watch=0/0 saved=0 gcObj=   92955 qpix=    -1 qimg=    -1 axisH=  0.0 online=0
2026-08-10 21:02:26 up= 158.0m prev=     0 cach=     0 miss=     0 load=    0 prox=  -1% srcLag=  -1.0s shownLag=  -1.0s rss=    -1.0MB thr=  1 pools=  5 campools= 0 children=    22 items=      0 camTot=       0 camMax=      0 watch=0/0 saved=0 gcObj=   92983 qpix=    -1 qimg=    -1 axisH=  0.0 online=0
2026-08-10 21:03:26 up= 159.0m prev=     0 cach=     0 miss=     0 load=    0 prox=  -1% srcLag=  -1.0s shownLag=  -1.0s rss=    -1.0MB thr=  1 pools=  5 campools= 0 children=    22 items=      0 camTot=       0 camMax=      0 watch=0/0 saved=0 gcObj=   93011 qpix=    -1 qimg=    -1 axisH=  0.0 online=0
2026-08-10 21:04:26 up= 160.0m prev=     0 cach=     0 miss=     0 load=    0 prox=  -1% srcLag=  -1.0s shownLag=  -1.0s rss=    -1.0MB thr=  1 pools=  5 campools= 0 children=    22 items=      0 camTot=       0 camMax=      0 watch=0/0 saved=0 gcObj=   93039 qpix=    -1 qimg=    -1 axisH=  0.0 online=0
2026-08-10 21:05:26 up= 161.0m prev=     0 cach=     0 miss=     0 load=    0 prox=  -1% srcLag=  -1.0s shownLag=  -1.0s rss=    -1.0MB thr=  1 pools=  5 campools= 0 children=    22 items=      0 camTot=       0 camMax=      0 watch=0/0 saved=0 gcObj=   93067 qpix=    -1 qimg=    -1 axisH=  0.0 online=0
2026-08-10 21:06:26 up= 162.0m prev=     0 cach=     0 miss=     0 load=    0 prox=  -1% srcLag=  -1.0s shownLag=  -1.0s rss=    -1.0MB thr=  1 pools=  5 campools= 0 children=    22 items=      0 camTot=       0 camMax=      0 watch=0/0 saved=0 gcObj=   93095 qpix=    -1 qimg=    -1 axisH=  0.0 online=0
2026-08-10 21:07:26 up= 163.0m prev=     0 cach=     0 miss=     0 load=    0 prox=  -1% srcLag=  -1.0s shownLag=  -1.0s rss=    -1.0MB thr=  1 pools=  5 campools= 0 children=    22 items=      0 camTot=       0 camMax=      0 watch=0/0 saved=0 gcObj=   93123 qpix=    -1 qimg=    -1 axisH=  0.0 online=0
2026-08-10 21:08:26 up= 164.0m prev=     0 cach=     0 miss=     0 load=    0 prox=  -1% srcLag=  -1.0s shownLag=  -1.0s rss=    -1.0MB thr=  1 pools=  5 campools= 0 children=    22 items=      0 camTot=       0 camMax=      0 watch=0/0 saved=0 gcObj=   93151 qpix=    -1 qimg=    -1 axisH=  0.0 online=0
2026-08-10 21:09:26 up= 165.0m prev=     0 cach=     0 miss=     0 load=    0 prox=  -1% srcLag=  -1.0s shownLag=  -1.0s rss=    -1.0MB thr=  1 pools=  5 campools= 0 children=    22 items=      0 camTot=       0 camMax=      0 watch=0/0 saved=0 gcObj=   93179 qpix=    -1 qimg=    -1 axisH=  0.0 online=0
2026-08-10 21:10:26 up= 166.0m prev=     0 cach=     0 miss=     0 load=    0 prox=  -1% srcLag=  -1.0s shownLag=  -1.0s rss=    -1.0MB thr=  1 pools=  5 campools= 0 children=    22 items=      0 camTot=       0 camMax=      0 watch=0/0 saved=0 gcObj=   93207 qpix=    -1 qimg=    -1 axisH=  0.0 online=0
2026-08-10 21:11:26 up= 167.0m prev=     0 cach=     0 miss=     0 load=    0 prox=  -1% srcLag=  -1.0s shownLag=  -1.0s rss=    -1.0MB thr=  1 pools=  5 campools= 0 children=    22 items=      0 camTot=       0 camMax=      0 watch=0/0 saved=0 gcObj=   93235 qpix=    -1 qimg=    -1 axisH=  0.0 online=0
2026-08-10 21:12:26 up= 168.0m prev=     0 cach=     0 miss=     0 load=    0 prox=  -1% srcLag=  -1.0s shownLag=  -1.0s rss=    -1.0MB thr=  1 pools=  5 campools= 0 children=    22 items=      0 camTot=       0 camMax=      0 watch=0/0 saved=0 gcObj=   93263 qpix=    -1 qimg=    -1 axisH=  0.0 online=0
2026-08-10 21:13:26 up= 169.0m prev=     0 cach=     0 miss=     0 load=    0 prox=  -1% srcLag=  -1.0s shownLag=  -1.0s rss=    -1.0MB thr=  1 pools=  5 campools= 0 children=    22 items=      0 camTot=       0 camMax=      0 watch=0/0 saved=0 gcObj=   93291 qpix=    -1 qimg=    -1 axisH=  0.0 online=0
2026-08-10 21:14:26 up= 170.0m prev=     0 cach=     0 miss=     0 load=    0 prox=  -1% srcLag=  -1.0s shownLag=  -1.0s rss=    -1.0MB thr=  1 pools=  5 campools= 0 children=    22 items=      0 camTot=       0 camMax=      0 watch=0/0 saved=0 gcObj=   93319 qpix=    -1 qimg=    -1 axisH=  0.0 online=0
2026-08-10 21:15:26 up= 171.0m prev=     0 cach=     0 miss=     0 load=    0 prox=  -1% srcLag=  -1.0s shownLag=  -1.0s rss=    -1.0MB thr=  1 pools=  5 campools= 0 children=    22 items=      0 camTot=       0 camMax=      0 watch=0/0 saved=0 gcObj=   93347 qpix=    -1 qimg=    -1 axisH=  0.0 online=0
2026-08-10 21:16:26 up= 172.0m prev=     0 cach=     0 miss=     0 load=    0 prox=  -1% srcLag=  -1.0s shownLag=  -1.0s rss=    -1.0MB thr=  1 pools=  5 campools= 0 children=    22 items=      0 camTot=       0 camMax=      0 watch=0/0 saved=0 gcObj=   93375 qpix=    -1 qimg=    -1 axisH=  0.0 online=0
2026-08-10 21:17:26 up= 173.0m prev=     0 cach=     0 miss=     0 load=    0 prox=  -1% srcLag=  -1.0s shownLag=  -1.0s rss=    -1.0MB thr=  1 pools=  5 campools= 0 children=    22 items=      0 camTot=       0 camMax=      0 watch=0/0 saved=0 gcObj=   93403 qpix=    -1 qimg=    -1 axisH=  0.0 online=0
2026-08-10 21:18:26 up= 174.0m prev=     0 cach=     0 miss=     0 load=    0 prox=  -1% srcLag=  -1.0s shownLag=  -1.0s rss=    -1.0MB thr=  1 pools=  5 campools= 0 children=    22 items=      0 camTot=       0 camMax=      0 watch=0/0 saved=0 gcObj=   93431 qpix=    -1 qimg=    -1 axisH=  0.0 online=0
2026-08-10 21:19:26 up= 175.0m prev=     0 cach=     0 miss=     0 load=    0 prox=  -1% srcLag=  -1.0s shownLag=  -1.0s rss=    -1.0MB thr=  1 pools=  5 campools= 0 children=    22 items=      0 camTot=       0 camMax=      0 watch=0/0 saved=0 gcObj=   93459 qpix=    -1 qimg=    -1 axisH=  0.0 online=0
2026-08-10 21:20:26 up= 176.0m prev=     0 cach=     0 miss=     0 load=    0 prox=  -1% srcLag=  -1.0s shownLag=  -1.0s rss=    -1.0MB thr=  1 pools=  5 campools= 0 children=    22 items=      0 camTot=       0 camMax=      0 watch=0/0 saved=0 gcObj=   93487 qpix=    -1 qimg=    -1 axisH=  0.0 online=0
2026-08-10 21:21:26 up= 177.0m prev=     0 cach=     0 miss=     0 load=    0 prox=  -1% srcLag=  -1.0s shownLag=  -1.0s rss=    -1.0MB thr=  1 pools=  5 campools= 0 children=    22 items=      0 camTot=       0 camMax=      0 watch=0/0 saved=0 gcObj=   93515 qpix=    -1 qimg=    -1 axisH=  0.0 online=0
2026-08-10 21:22:26 up= 178.0m prev=     0 cach=     0 miss=     0 load=    0 prox=  -1% srcLag=  -1.0s shownLag=  -1.0s rss=    -1.0MB thr=  1 pools=  5 campools= 0 children=    22 items=      0 camTot=       0 camMax=      0 watch=0/0 saved=0 gcObj=   93543 qpix=    -1 qimg=    -1 axisH=  0.0 online=0
2026-08-10 21:23:26 up= 179.0m prev=     0 cach=     0 miss=     0 load=    0 prox=  -1% srcLag=  -1.0s shownLag=  -1.0s rss=    -1.0MB thr=  1 pools=  5 campools= 0 children=    22 items=      0 camTot=       0 camMax=      0 watch=0/0 saved=0 gcObj=   93571 qpix=    -1 qimg=    -1 axisH=  0.0 online=0
2026-08-10 21:24:26 up= 180.0m prev=     0 cach=     0 miss=     0 load=    0 prox=  -1% srcLag=  -1.0s shownLag=  -1.0s rss=    -1.0MB thr=  1 pools=  5 campools= 0 children=    22 items=      0 camTot=       0 camMax=      0 watch=0/0 saved=0 gcObj=   93599 qpix=    -1 qimg=    -1 axisH=  0.0 online=0
2026-08-10 21:25:26 up= 181.0m prev=     0 cach=     0 miss=     0 load=    0 prox=  -1% srcLag=  -1.0s shownLag=  -1.0s rss=    -1.0MB thr=  1 pools=  5 campools= 0 children=    22 items=      0 camTot=       0 camMax=      0 watch=0/0 saved=0 gcObj=   93627 qpix=    -1 qimg=    -1 axisH=  0.0 online=0
2026-08-10 21:26:26 up= 182.0m prev=     0 cach=     0 miss=     0 load=    0 prox=  -1% srcLag=  -1.0s shownLag=  -1.0s rss=    -1.0MB thr=  1 pools=  5 campools= 0 children=    22 items=      0 camTot=       0 camMax=      0 watch=0/0 saved=0 gcObj=   93655 qpix=    -1 qimg=    -1 axisH=  0.0 online=0
2026-08-10 21:27:26 up= 183.0m prev=     0 cach=     0 miss=     0 load=    0 prox=  -1% srcLag=  -1.0s shownLag=  -1.0s rss=    -1.0MB thr=  1 pools=  5 campools= 0 children=    22 items=      0 camTot=       0 camMax=      0 watch=0/0 saved=0 gcObj=   93683 qpix=    -1 qimg=    -1 axisH=  0.0 online=0
2026-08-10 21:28:26 up= 184.0m prev=     0 cach=     0 miss=     0 load=    0 prox=  -1% srcLag=  -1.0s shownLag=  -1.0s rss=    -1.0MB thr=  1 pools=  5 campools= 0 children=    22 items=      0 camTot=       0 camMax=      0 watch=0/0 saved=0 gcObj=   93711 qpix=    -1 qimg=    -1 axisH=  0.0 online=0
2026-08-10 21:29:26 up= 185.0m prev=     0 cach=     0 miss=     0 load=    0 prox=  -1% srcLag=  -1.0s shownLag=  -1.0s rss=    -1.0MB thr=  1 pools=  5 campools= 0 children=    22 items=      0 camTot=       0 camMax=      0 watch=0/0 saved=0 gcObj=   93739 qpix=    -1 qimg=    -1 axisH=  0.0 online=0
2026-08-10 21:30:26 up= 186.0m prev=     0 cach=     0 miss=     0 load=    0 prox=  -1% srcLag=  -1.0s shownLag=  -1.0s rss=    -1.0MB thr=  1 pools=  5 campools= 0 children=    22 items=      0 camTot=       0 camMax=      0 watch=0/0 saved=0 gcObj=   93767 qpix=    -1 qimg=    -1 axisH=  0.0 online=0
2026-08-10 21:31:26 up= 187.0m prev=     0 cach=     0 miss=     0 load=    0 prox=  -1% srcLag=  -1.0s shownLag=  -1.0s rss=    -1.0MB thr=  1 pools=  5 campools= 0 children=    22 items=      0 camTot=       0 camMax=      0 watch=0/0 saved=0 gcObj=   93795 qpix=    -1 qimg=    -1 axisH=  0.0 online=0
2026-08-10 21:32:26 up= 188.0m prev=     0 cach=     0 miss=     0 load=    0 prox=  -1% srcLag=  -1.0s shownLag=  -1.0s rss=    -1.0MB thr=  1 pools=  5 campools= 0 children=    22 items=      0 camTot=       0 camMax=      0 watch=0/0 saved=0 gcObj=   93823 qpix=    -1 qimg=    -1 axisH=  0.0 online=0
2026-08-10 21:33:26 up= 189.0m prev=     0 cach=     0 miss=     0 load=    0 prox=  -1% srcLag=  -1.0s shownLag=  -1.0s rss=    -1.0MB thr=  1 pools=  5 campools= 0 children=    22 items=      0 camTot=       0 camMax=      0 watch=0/0 saved=0 gcObj=   92618 qpix=    -1 qimg=    -1 axisH=  0.0 online=0
2026-08-10 21:34:26 up= 190.0m prev=     0 cach=     0 miss=     0 load=    0 prox=  -1% srcLag=  -1.0s shownLag=  -1.0s rss=    -1.0MB thr=  1 pools=  5 campools= 0 children=    22 items=      0 camTot=       0 camMax=      0 watch=0/0 saved=0 gcObj=   92646 qpix=    -1 qimg=    -1 axisH=  0.0 online=0
2026-08-10 21:35:26 up= 191.0m prev=     0 cach=     0 miss=     0 load=    0 prox=  -1% srcLag=  -1.0s shownLag=  -1.0s rss=    -1.0MB thr=  1 pools=  5 campools= 0 children=    22 items=      0 camTot=       0 camMax=      0 watch=0/0 saved=0 gcObj=   92674 qpix=    -1 qimg=    -1 axisH=  0.0 online=0
2026-08-10 21:36:26 up= 192.0m prev=     0 cach=     0 miss=     0 load=    0 prox=  -1% srcLag=  -1.0s shownLag=  -1.0s rss=    -1.0MB thr=  1 pools=  5 campools= 0 children=    22 items=      0 camTot=       0 camMax=      0 watch=0/0 saved=0 gcObj=   92702 qpix=    -1 qimg=    -1 axisH=  0.0 online=0
2026-08-10 21:37:26 up= 193.0m prev=     0 cach=     0 miss=     0 load=    0 prox=  -1% srcLag=  -1.0s shownLag=  -1.0s rss=    -1.0MB thr=  1 pools=  5 campools= 0 children=    22 items=      0 camTot=       0 camMax=      0 watch=0/0 saved=0 gcObj=   92730 qpix=    -1 qimg=    -1 axisH=  0.0 online=0
2026-08-10 21:38:26 up= 194.0m prev=     0 cach=     0 miss=     0 load=    0 prox=  -1% srcLag=  -1.0s shownLag=  -1.0s rss=    -1.0MB thr=  1 pools=  5 campools= 0 children=    22 items=      0 camTot=       0 camMax=      0 watch=0/0 saved=0 gcObj=   92758 qpix=    -1 qimg=    -1 axisH=  0.0 online=0
2026-08-10 21:39:26 up= 195.0m prev=     0 cach=     0 miss=     0 load=    0 prox=  -1% srcLag=  -1.0s shownLag=  -1.0s rss=    -1.0MB thr=  1 pools=  5 campools= 0 children=    22 items=      0 camTot=       0 camMax=      0 watch=0/0 saved=0 gcObj=   92786 qpix=    -1 qimg=    -1 axisH=  0.0 online=0
2026-08-10 21:40:26 up= 196.0m prev=     0 cach=     0 miss=     0 load=    0 prox=  -1% srcLag=  -1.0s shownLag=  -1.0s rss=    -1.0MB thr=  1 pools=  5 campools= 0 children=    22 items=      0 camTot=       0 camMax=      0 watch=0/0 saved=0 gcObj=   92814 qpix=    -1 qimg=    -1 axisH=  0.0 online=0
2026-08-10 21:41:26 up= 197.0m prev=     0 cach=     0 miss=     0 load=    0 prox=  -1% srcLag=  -1.0s shownLag=  -1.0s rss=    -1.0MB thr=  1 pools=  5 campools= 0 children=    22 items=      0 camTot=       0 camMax=      0 watch=0/0 saved=0 gcObj=   92842 qpix=    -1 qimg=    -1 axisH=  0.0 online=0
2026-08-10 21:42:26 up= 198.0m prev=     0 cach=     0 miss=     0 load=    0 prox=  -1% srcLag=  -1.0s shownLag=  -1.0s rss=    -1.0MB thr=  1 pools=  5 campools= 0 children=    22 items=      0 camTot=       0 camMax=      0 watch=0/0 saved=0 gcObj=   92870 qpix=    -1 qimg=    -1 axisH=  0.0 online=0
2026-08-10 21:43:26 up= 199.0m prev=     0 cach=     0 miss=     0 load=    0 prox=  -1% srcLag=  -1.0s shownLag=  -1.0s rss=    -1.0MB thr=  1 pools=  5 campools= 0 children=    22 items=      0 camTot=       0 camMax=      0 watch=0/0 saved=0 gcObj=   92898 qpix=    -1 qimg=    -1 axisH=  0.0 online=0
2026-08-10 21:44:26 up= 200.0m prev=     0 cach=     0 miss=     0 load=    0 prox=  -1% srcLag=  -1.0s shownLag=  -1.0s rss=    -1.0MB thr=  1 pools=  5 campools= 0 children=    22 items=      0 camTot=       0 camMax=      0 watch=0/0 saved=0 gcObj=   92926 qpix=    -1 qimg=    -1 axisH=  0.0 online=0
2026-08-10 21:45:26 up= 201.0m prev=     0 cach=     0 miss=     0 load=    0 prox=  -1% srcLag=  -1.0s shownLag=  -1.0s rss=    -1.0MB thr=  1 pools=  5 campools= 0 children=    22 items=      0 camTot=       0 camMax=      0 watch=0/0 saved=0 gcObj=   92954 qpix=    -1 qimg=    -1 axisH=  0.0 online=0
2026-08-10 21:46:26 up= 202.0m prev=     0 cach=     0 miss=     0 load=    0 prox=  -1% srcLag=  -1.0s shownLag=  -1.0s rss=    -1.0MB thr=  1 pools=  5 campools= 0 children=    22 items=      0 camTot=       0 camMax=      0 watch=0/0 saved=0 gcObj=   92982 qpix=    -1 qimg=    -1 axisH=  0.0 online=0
2026-08-10 21:47:26 up= 203.0m prev=     0 cach=     0 miss=     0 load=    0 prox=  -1% srcLag=  -1.0s shownLag=  -1.0s rss=    -1.0MB thr=  1 pools=  5 campools= 0 children=    22 items=      0 camTot=       0 camMax=      0 watch=0/0 saved=0 gcObj=   93010 qpix=    -1 qimg=    -1 axisH=  0.0 online=0
2026-08-10 21:48:26 up= 204.0m prev=     0 cach=     0 miss=     0 load=    0 prox=  -1% srcLag=  -1.0s shownLag=  -1.0s rss=    -1.0MB thr=  1 pools=  5 campools= 0 children=    22 items=      0 camTot=       0 camMax=      0 watch=0/0 saved=0 gcObj=   93038 qpix=    -1 qimg=    -1 axisH=  0.0 online=0
2026-08-10 21:49:26 up= 205.0m prev=     0 cach=     0 miss=     0 load=    0 prox=  -1% srcLag=  -1.0s shownLag=  -1.0s rss=    -1.0MB thr=  1 pools=  5 campools= 0 children=    22 items=      0 camTot=       0 camMax=      0 watch=0/0 saved=0 gcObj=   93066 qpix=    -1 qimg=    -1 axisH=  0.0 online=0
2026-08-10 21:50:26 up= 206.0m prev=     0 cach=     0 miss=     0 load=    0 prox=  -1% srcLag=  -1.0s shownLag=  -1.0s rss=    -1.0MB thr=  1 pools=  5 campools= 0 children=    22 items=      0 camTot=       0 camMax=      0 watch=0/0 saved=0 gcObj=   93094 qpix=    -1 qimg=    -1 axisH=  0.0 online=0
2026-08-10 21:51:26 up= 207.0m prev=     0 cach=     0 miss=     0 load=    0 prox=  -1% srcLag=  -1.0s shownLag=  -1.0s rss=    -1.0MB thr=  1 pools=  5 campools= 0 children=    22 items=      0 camTot=       0 camMax=      0 watch=0/0 saved=0 gcObj=   93122 qpix=    -1 qimg=    -1 axisH=  0.0 online=0
2026-08-10 21:52:26 up= 208.0m prev=     0 cach=     0 miss=     0 load=    0 prox=  -1% srcLag=  -1.0s shownLag=  -1.0s rss=    -1.0MB thr=  1 pools=  5 campools= 0 children=    22 items=      0 camTot=       0 camMax=      0 watch=0/0 saved=0 gcObj=   93150 qpix=    -1 qimg=    -1 axisH=  0.0 online=0
2026-08-10 21:53:26 up= 209.0m prev=     0 cach=     0 miss=     0 load=    0 prox=  -1% srcLag=  -1.0s shownLag=  -1.0s rss=    -1.0MB thr=  1 pools=  5 campools= 0 children=    22 items=      0 camTot=       0 camMax=      0 watch=0/0 saved=0 gcObj=   93178 qpix=    -1 qimg=    -1 axisH=  0.0 online=0
2026-08-10 21:54:26 up= 210.0m prev=     0 cach=     0 miss=     0 load=    0 prox=  -1% srcLag=  -1.0s shownLag=  -1.0s rss=    -1.0MB thr=  1 pools=  5 campools= 0 children=    22 items=      0 camTot=       0 camMax=      0 watch=0/0 saved=0 gcObj=   93206 qpix=    -1 qimg=    -1 axisH=  0.0 online=0
2026-08-10 21:55:26 up= 211.0m prev=     0 cach=     0 miss=     0 load=    0 prox=  -1% srcLag=  -1.0s shownLag=  -1.0s rss=    -1.0MB thr=  1 pools=  5 campools= 0 children=    22 items=      0 camTot=       0 camMax=      0 watch=0/0 saved=0 gcObj=   93234 qpix=    -1 qimg=    -1 axisH=  0.0 online=0
2026-08-10 21:56:26 up= 212.0m prev=     0 cach=     0 miss=     0 load=    0 prox=  -1% srcLag=  -1.0s shownLag=  -1.0s rss=    -1.0MB thr=  1 pools=  5 campools= 0 children=    22 items=      0 camTot=       0 camMax=      0 watch=0/0 saved=0 gcObj=   93262 qpix=    -1 qimg=    -1 axisH=  0.0 online=0
2026-08-10 21:57:26 up= 213.0m prev=     0 cach=     0 miss=     0 load=    0 prox=  -1% srcLag=  -1.0s shownLag=  -1.0s rss=    -1.0MB thr=  1 pools=  5 campools= 0 children=    22 items=      0 camTot=       0 camMax=      0 watch=0/0 saved=0 gcObj=   93290 qpix=    -1 qimg=    -1 axisH=  0.0 online=0
2026-08-10 21:58:26 up= 214.0m prev=     0 cach=     0 miss=     0 load=    0 prox=  -1% srcLag=  -1.0s shownLag=  -1.0s rss=    -1.0MB thr=  1 pools=  5 campools= 0 children=    22 items=      0 camTot=       0 camMax=      0 watch=0/0 saved=0 gcObj=   93318 qpix=    -1 qimg=    -1 axisH=  0.0 online=0
2026-08-10 21:59:26 up= 215.0m prev=     0 cach=     0 miss=     0 load=    0 prox=  -1% srcLag=  -1.0s shownLag=  -1.0s rss=    -1.0MB thr=  1 pools=  5 campools= 0 children=    22 items=      0 camTot=       0 camMax=      0 watch=0/0 saved=0 gcObj=   93346 qpix=    -1 qimg=    -1 axisH=  0.0 online=0
2026-08-10 22:00:26 up= 216.0m prev=     0 cach=     0 miss=     0 load=    0 prox=  -1% srcLag=  -1.0s shownLag=  -1.0s rss=    -1.0MB thr=  1 pools=  5 campools= 0 children=    22 items=      0 camTot=       0 camMax=      0 watch=0/0 saved=0 gcObj=   93374 qpix=    -1 qimg=    -1 axisH=  0.0 online=0
2026-08-10 22:01:26 up= 217.0m prev=     0 cach=     0 miss=     0 load=    0 prox=  -1% srcLag=  -1.0s shownLag=  -1.0s rss=    -1.0MB thr=  1 pools=  5 campools= 0 children=    22 items=      0 camTot=       0 camMax=      0 watch=0/0 saved=0 gcObj=   93402 qpix=    -1 qimg=    -1 axisH=  0.0 online=0
2026-08-10 22:02:26 up= 218.0m prev=     0 cach=     0 miss=     0 load=    0 prox=  -1% srcLag=  -1.0s shownLag=  -1.0s rss=    -1.0MB thr=  1 pools=  5 campools= 0 children=    22 items=      0 camTot=       0 camMax=      0 watch=0/0 saved=0 gcObj=   93430 qpix=    -1 qimg=    -1 axisH=  0.0 online=0
2026-08-10 22:03:26 up= 219.0m prev=     0 cach=     0 miss=     0 load=    0 prox=  -1% srcLag=  -1.0s shownLag=  -1.0s rss=    -1.0MB thr=  1 pools=  5 campools= 0 children=    22 items=      0 camTot=       0 camMax=      0 watch=0/0 saved=0 gcObj=   93458 qpix=    -1 qimg=    -1 axisH=  0.0 online=0
2026-08-10 22:04:26 up= 220.0m prev=     0 cach=     0 miss=     0 load=    0 prox=  -1% srcLag=  -1.0s shownLag=  -1.0s rss=    -1.0MB thr=  1 pools=  5 campools= 0 children=    22 items=      0 camTot=       0 camMax=      0 watch=0/0 saved=0 gcObj=   93486 qpix=    -1 qimg=    -1 axisH=  0.0 online=0
2026-08-10 22:05:26 up= 221.0m prev=     0 cach=     0 miss=     0 load=    0 prox=  -1% srcLag=  -1.0s shownLag=  -1.0s rss=    -1.0MB thr=  1 pools=  5 campools= 0 children=    22 items=      0 camTot=       0 camMax=      0 watch=0/0 saved=0 gcObj=   93514 qpix=    -1 qimg=    -1 axisH=  0.0 online=0
2026-08-10 22:06:26 up= 222.0m prev=     0 cach=     0 miss=     0 load=    0 prox=  -1% srcLag=  -1.0s shownLag=  -1.0s rss=    -1.0MB thr=  1 pools=  5 campools= 0 children=    22 items=      0 camTot=       0 camMax=      0 watch=0/0 saved=0 gcObj=   93542 qpix=    -1 qimg=    -1 axisH=  0.0 online=0
2026-08-10 22:07:26 up= 223.0m prev=     0 cach=     0 miss=     0 load=    0 prox=  -1% srcLag=  -1.0s shownLag=  -1.0s rss=    -1.0MB thr=  1 pools=  5 campools= 0 children=    22 items=      0 camTot=       0 camMax=      0 watch=0/0 saved=0 gcObj=   93570 qpix=    -1 qimg=    -1 axisH=  0.0 online=0
2026-08-10 22:08:26 up= 224.0m prev=     0 cach=     0 miss=     0 load=    0 prox=  -1% srcLag=  -1.0s shownLag=  -1.0s rss=    -1.0MB thr=  1 pools=  5 campools= 0 children=    22 items=      0 camTot=       0 camMax=      0 watch=0/0 saved=0 gcObj=   93598 qpix=    -1 qimg=    -1 axisH=  0.0 online=0
2026-08-10 22:09:26 up= 225.0m prev=     0 cach=     0 miss=     0 load=    0 prox=  -1% srcLag=  -1.0s shownLag=  -1.0s rss=    -1.0MB thr=  1 pools=  5 campools= 0 children=    22 items=      0 camTot=       0 camMax=      0 watch=0/0 saved=0 gcObj=   93626 qpix=    -1 qimg=    -1 axisH=  0.0 online=0
2026-08-10 22:10:26 up= 226.0m prev=     0 cach=     0 miss=     0 load=    0 prox=  -1% srcLag=  -1.0s shownLag=  -1.0s rss=    -1.0MB thr=  1 pools=  5 campools= 0 children=    22 items=      0 camTot=       0 camMax=      0 watch=0/0 saved=0 gcObj=   93654 qpix=    -1 qimg=    -1 axisH=  0.0 online=0
2026-08-10 22:11:26 up= 227.0m prev=     0 cach=     0 miss=     0 load=    0 prox=  -1% srcLag=  -1.0s shownLag=  -1.0s rss=    -1.0MB thr=  1 pools=  5 campools= 0 children=    22 items=      0 camTot=       0 camMax=      0 watch=0/0 saved=0 gcObj=   93682 qpix=    -1 qimg=    -1 axisH=  0.0 online=0
2026-08-10 22:12:26 up= 228.0m prev=     0 cach=     0 miss=     0 load=    0 prox=  -1% srcLag=  -1.0s shownLag=  -1.0s rss=    -1.0MB thr=  1 pools=  5 campools= 0 children=    22 items=      0 camTot=       0 camMax=      0 watch=0/0 saved=0 gcObj=   93710 qpix=    -1 qimg=    -1 axisH=  0.0 online=0
2026-08-10 22:13:26 up= 229.0m prev=     0 cach=     0 miss=     0 load=    0 prox=  -1% srcLag=  -1.0s shownLag=  -1.0s rss=    -1.0MB thr=  1 pools=  5 campools= 0 children=    22 items=      0 camTot=       0 camMax=      0 watch=0/0 saved=0 gcObj=   93738 qpix=    -1 qimg=    -1 axisH=  0.0 online=0
2026-08-10 22:14:26 up= 230.0m prev=     0 cach=     0 miss=     0 load=    0 prox=  -1% srcLag=  -1.0s shownLag=  -1.0s rss=    -1.0MB thr=  1 pools=  5 campools= 0 children=    22 items=      0 camTot=       0 camMax=      0 watch=0/0 saved=0 gcObj=   93766 qpix=    -1 qimg=    -1 axisH=  0.0 online=0
2026-08-10 22:15:26 up= 231.0m prev=     0 cach=     0 miss=     0 load=    0 prox=  -1% srcLag=  -1.0s shownLag=  -1.0s rss=    -1.0MB thr=  1 pools=  5 campools= 0 children=    22 items=      0 camTot=       0 camMax=      0 watch=0/0 saved=0 gcObj=   93794 qpix=    -1 qimg=    -1 axisH=  0.0 online=0
2026-08-10 22:16:26 up= 232.0m prev=     0 cach=     0 miss=     0 load=    0 prox=  -1% srcLag=  -1.0s shownLag=  -1.0s rss=    -1.0MB thr=  1 pools=  5 campools= 0 children=    22 items=      0 camTot=       0 camMax=      0 watch=0/0 saved=0 gcObj=   93822 qpix=    -1 qimg=    -1 axisH=  0.0 online=0
2026-08-10 22:17:26 up= 233.0m prev=     0 cach=     0 miss=     0 load=    0 prox=  -1% srcLag=  -1.0s shownLag=  -1.0s rss=    -1.0MB thr=  1 pools=  5 campools= 0 children=    22 items=      0 camTot=       0 camMax=      0 watch=0/0 saved=0 gcObj=   93850 qpix=    -1 qimg=    -1 axisH=  0.0 online=0
2026-08-10 22:18:26 up= 234.0m prev=     0 cach=     0 miss=     0 load=    0 prox=  -1% srcLag=  -1.0s shownLag=  -1.0s rss=    -1.0MB thr=  1 pools=  5 campools= 0 children=    22 items=      0 camTot=       0 camMax=      0 watch=0/0 saved=0 gcObj=   93878 qpix=    -1 qimg=    -1 axisH=  0.0 online=0
2026-08-10 22:19:26 up= 235.0m prev=     0 cach=     0 miss=     0 load=    0 prox=  -1% srcLag=  -1.0s shownLag=  -1.0s rss=    -1.0MB thr=  1 pools=  5 campools= 0 children=    22 items=      0 camTot=       0 camMax=      0 watch=0/0 saved=0 gcObj=   92538 qpix=    -1 qimg=    -1 axisH=  0.0 online=0
2026-08-10 22:20:26 up= 236.0m prev=     0 cach=     0 miss=     0 load=    0 prox=  -1% srcLag=  -1.0s shownLag=  -1.0s rss=    -1.0MB thr=  1 pools=  5 campools= 0 children=    22 items=      0 camTot=       0 camMax=      0 watch=0/0 saved=0 gcObj=   92566 qpix=    -1 qimg=    -1 axisH=  0.0 online=0
2026-08-10 22:21:26 up= 237.0m prev=     0 cach=     0 miss=     0 load=    0 prox=  -1% srcLag=  -1.0s shownLag=  -1.0s rss=    -1.0MB thr=  1 pools=  5 campools= 0 children=    22 items=      0 camTot=       0 camMax=      0 watch=0/0 saved=0 gcObj=   92594 qpix=    -1 qimg=    -1 axisH=  0.0 online=0
2026-08-10 22:22:26 up= 238.0m prev=     0 cach=     0 miss=     0 load=    0 prox=  -1% srcLag=  -1.0s shownLag=  -1.0s rss=    -1.0MB thr=  1 pools=  5 campools= 0 children=    22 items=      0 camTot=       0 camMax=      0 watch=0/0 saved=0 gcObj=   92622 qpix=    -1 qimg=    -1 axisH=  0.0 online=0
2026-08-10 22:23:26 up= 239.0m prev=     0 cach=     0 miss=     0 load=    0 prox=  -1% srcLag=  -1.0s shownLag=  -1.0s rss=    -1.0MB thr=  1 pools=  5 campools= 0 children=    22 items=      0 camTot=       0 camMax=      0 watch=0/0 saved=0 gcObj=   92650 qpix=    -1 qimg=    -1 axisH=  0.0 online=0
2026-08-10 22:24:26 up= 240.0m prev=     0 cach=     0 miss=     0 load=    0 prox=  -1% srcLag=  -1.0s shownLag=  -1.0s rss=    -1.0MB thr=  1 pools=  5 campools= 0 children=    22 items=      0 camTot=       0 camMax=      0 watch=0/0 saved=0 gcObj=   92678 qpix=    -1 qimg=    -1 axisH=  0.0 online=0
2026-08-10 22:25:26 up= 241.0m prev=     0 cach=     0 miss=     0 load=    0 prox=  -1% srcLag=  -1.0s shownLag=  -1.0s rss=    -1.0MB thr=  1 pools=  5 campools= 0 children=    22 items=      0 camTot=       0 camMax=      0 watch=0/0 saved=0 gcObj=   92706 qpix=    -1 qimg=    -1 axisH=  0.0 online=0
2026-08-10 22:26:26 up= 242.0m prev=     0 cach=     0 miss=     0 load=    0 prox=  -1% srcLag=  -1.0s shownLag=  -1.0s rss=    -1.0MB thr=  1 pools=  5 campools= 0 children=    22 items=      0 camTot=       0 camMax=      0 watch=0/0 saved=0 gcObj=   92734 qpix=    -1 qimg=    -1 axisH=  0.0 online=0
2026-08-10 22:27:26 up= 243.0m prev=     0 cach=     0 miss=     0 load=    0 prox=  -1% srcLag=  -1.0s shownLag=  -1.0s rss=    -1.0MB thr=  1 pools=  5 campools= 0 children=    22 items=      0 camTot=       0 camMax=      0 watch=0/0 saved=0 gcObj=   92762 qpix=    -1 qimg=    -1 axisH=  0.0 online=0
2026-08-10 22:28:26 up= 244.0m prev=     0 cach=     0 miss=     0 load=    0 prox=  -1% srcLag=  -1.0s shownLag=  -1.0s rss=    -1.0MB thr=  1 pools=  5 campools= 0 children=    22 items=      0 camTot=       0 camMax=      0 watch=0/0 saved=0 gcObj=   92790 qpix=    -1 qimg=    -1 axisH=  0.0 online=0
2026-08-10 22:29:26 up= 245.0m prev=     0 cach=     0 miss=     0 load=    0 prox=  -1% srcLag=  -1.0s shownLag=  -1.0s rss=    -1.0MB thr=  1 pools=  5 campools= 0 children=    22 items=      0 camTot=       0 camMax=      0 watch=0/0 saved=0 gcObj=   92818 qpix=    -1 qimg=    -1 axisH=  0.0 online=0
2026-08-10 22:30:26 up= 246.0m prev=     0 cach=     0 miss=     0 load=    0 prox=  -1% srcLag=  -1.0s shownLag=  -1.0s rss=    -1.0MB thr=  1 pools=  5 campools= 0 children=    22 items=      0 camTot=       0 camMax=      0 watch=0/0 saved=0 gcObj=   92846 qpix=    -1 qimg=    -1 axisH=  0.0 online=0
2026-08-10 22:31:26 up= 247.0m prev=     0 cach=     0 miss=     0 load=    0 prox=  -1% srcLag=  -1.0s shownLag=  -1.0s rss=    -1.0MB thr=  1 pools=  5 campools= 0 children=    22 items=      0 camTot=       0 camMax=      0 watch=0/0 saved=0 gcObj=   92874 qpix=    -1 qimg=    -1 axisH=  0.0 online=0
2026-08-10 22:32:26 up= 248.0m prev=     0 cach=     0 miss=     0 load=    0 prox=  -1% srcLag=  -1.0s shownLag=  -1.0s rss=    -1.0MB thr=  1 pools=  5 campools= 0 children=    22 items=      0 camTot=       0 camMax=      0 watch=0/0 saved=0 gcObj=   92902 qpix=    -1 qimg=    -1 axisH=  0.0 online=0
2026-08-10 22:33:26 up= 249.0m prev=     0 cach=     0 miss=     0 load=    0 prox=  -1% srcLag=  -1.0s shownLag=  -1.0s rss=    -1.0MB thr=  1 pools=  5 campools= 0 children=    22 items=      0 camTot=       0 camMax=      0 watch=0/0 saved=0 gcObj=   92930 qpix=    -1 qimg=    -1 axisH=  0.0 online=0
2026-08-10 22:34:26 up= 250.0m prev=     0 cach=     0 miss=     0 load=    0 prox=  -1% srcLag=  -1.0s shownLag=  -1.0s rss=    -1.0MB thr=  1 pools=  5 campools= 0 children=    22 items=      0 camTot=       0 camMax=      0 watch=0/0 saved=0 gcObj=   92958 qpix=    -1 qimg=    -1 axisH=  0.0 online=0
2026-08-10 22:35:26 up= 251.0m prev=     0 cach=     0 miss=     0 load=    0 prox=  -1% srcLag=  -1.0s shownLag=  -1.0s rss=    -1.0MB thr=  1 pools=  5 campools= 0 children=    22 items=      0 camTot=       0 camMax=      0 watch=0/0 saved=0 gcObj=   92986 qpix=    -1 qimg=    -1 axisH=  0.0 online=0
2026-08-10 22:36:26 up= 252.0m prev=     0 cach=     0 miss=     0 load=    0 prox=  -1% srcLag=  -1.0s shownLag=  -1.0s rss=    -1.0MB thr=  1 pools=  5 campools= 0 children=    22 items=      0 camTot=       0 camMax=      0 watch=0/0 saved=0 gcObj=   93014 qpix=    -1 qimg=    -1 axisH=  0.0 online=0
2026-08-10 22:37:26 up= 253.0m prev=     0 cach=     0 miss=     0 load=    0 prox=  -1% srcLag=  -1.0s shownLag=  -1.0s rss=    -1.0MB thr=  1 pools=  5 campools= 0 children=    22 items=      0 camTot=       0 camMax=      0 watch=0/0 saved=0 gcObj=   93042 qpix=    -1 qimg=    -1 axisH=  0.0 online=0
2026-08-10 22:38:26 up= 254.0m prev=     0 cach=     0 miss=     0 load=    0 prox=  -1% srcLag=  -1.0s shownLag=  -1.0s rss=    -1.0MB thr=  1 pools=  5 campools= 0 children=    22 items=      0 camTot=       0 camMax=      0 watch=0/0 saved=0 gcObj=   93070 qpix=    -1 qimg=    -1 axisH=  0.0 online=0
2026-08-10 22:39:26 up= 255.0m prev=     0 cach=     0 miss=     0 load=    0 prox=  -1% srcLag=  -1.0s shownLag=  -1.0s rss=    -1.0MB thr=  1 pools=  5 campools= 0 children=    22 items=      0 camTot=       0 camMax=      0 watch=0/0 saved=0 gcObj=   93098 qpix=    -1 qimg=    -1 axisH=  0.0 online=0
2026-08-10 22:40:26 up= 256.0m prev=     0 cach=     0 miss=     0 load=    0 prox=  -1% srcLag=  -1.0s shownLag=  -1.0s rss=    -1.0MB thr=  1 pools=  5 campools= 0 children=    22 items=      0 camTot=       0 camMax=      0 watch=0/0 saved=0 gcObj=   93126 qpix=    -1 qimg=    -1 axisH=  0.0 online=0
2026-08-10 22:41:26 up= 257.0m prev=     0 cach=     0 miss=     0 load=    0 prox=  -1% srcLag=  -1.0s shownLag=  -1.0s rss=    -1.0MB thr=  1 pools=  5 campools= 0 children=    22 items=      0 camTot=       0 camMax=      0 watch=0/0 saved=0 gcObj=   93154 qpix=    -1 qimg=    -1 axisH=  0.0 online=0
2026-08-10 22:42:26 up= 258.0m prev=     0 cach=     0 miss=     0 load=    0 prox=  -1% srcLag=  -1.0s shownLag=  -1.0s rss=    -1.0MB thr=  1 pools=  5 campools= 0 children=    22 items=      0 camTot=       0 camMax=      0 watch=0/0 saved=0 gcObj=   93182 qpix=    -1 qimg=    -1 axisH=  0.0 online=0
2026-08-10 22:43:26 up= 259.0m prev=     0 cach=     0 miss=     0 load=    0 prox=  -1% srcLag=  -1.0s shownLag=  -1.0s rss=    -1.0MB thr=  1 pools=  5 campools= 0 children=    22 items=      0 camTot=       0 camMax=      0 watch=0/0 saved=0 gcObj=   93210 qpix=    -1 qimg=    -1 axisH=  0.0 online=0
2026-08-10 22:44:26 up= 260.0m prev=     0 cach=     0 miss=     0 load=    0 prox=  -1% srcLag=  -1.0s shownLag=  -1.0s rss=    -1.0MB thr=  1 pools=  5 campools= 0 children=    22 items=      0 camTot=       0 camMax=      0 watch=0/0 saved=0 gcObj=   93238 qpix=    -1 qimg=    -1 axisH=  0.0 online=0
2026-08-10 22:45:26 up= 261.0m prev=     0 cach=     0 miss=     0 load=    0 prox=  -1% srcLag=  -1.0s shownLag=  -1.0s rss=    -1.0MB thr=  1 pools=  5 campools= 0 children=    22 items=      0 camTot=       0 camMax=      0 watch=0/0 saved=0 gcObj=   93266 qpix=    -1 qimg=    -1 axisH=  0.0 online=0
2026-08-10 22:46:26 up= 262.0m prev=     0 cach=     0 miss=     0 load=    0 prox=  -1% srcLag=  -1.0s shownLag=  -1.0s rss=    -1.0MB thr=  1 pools=  5 campools= 0 children=    22 items=      0 camTot=       0 camMax=      0 watch=0/0 saved=0 gcObj=   93294 qpix=    -1 qimg=    -1 axisH=  0.0 online=0
2026-08-10 22:47:26 up= 263.0m prev=     0 cach=     0 miss=     0 load=    0 prox=  -1% srcLag=  -1.0s shownLag=  -1.0s rss=    -1.0MB thr=  1 pools=  5 campools= 0 children=    22 items=      0 camTot=       0 camMax=      0 watch=0/0 saved=0 gcObj=   93322 qpix=    -1 qimg=    -1 axisH=  0.0 online=0
2026-08-10 22:48:26 up= 264.0m prev=     0 cach=     0 miss=     0 load=    0 prox=  -1% srcLag=  -1.0s shownLag=  -1.0s rss=    -1.0MB thr=  1 pools=  5 campools= 0 children=    22 items=      0 camTot=       0 camMax=      0 watch=0/0 saved=0 gcObj=   93350 qpix=    -1 qimg=    -1 axisH=  0.0 online=0
2026-08-10 22:49:26 up= 265.0m prev=     0 cach=     0 miss=     0 load=    0 prox=  -1% srcLag=  -1.0s shownLag=  -1.0s rss=    -1.0MB thr=  1 pools=  5 campools= 0 children=    22 items=      0 camTot=       0 camMax=      0 watch=0/0 saved=0 gcObj=   93378 qpix=    -1 qimg=    -1 axisH=  0.0 online=0
2026-08-10 22:50:26 up= 266.0m prev=     0 cach=     0 miss=     0 load=    0 prox=  -1% srcLag=  -1.0s shownLag=  -1.0s rss=    -1.0MB thr=  1 pools=  5 campools= 0 children=    22 items=      0 camTot=       0 camMax=      0 watch=0/0 saved=0 gcObj=   93406 qpix=    -1 qimg=    -1 axisH=  0.0 online=0
2026-08-10 22:51:26 up= 267.0m prev=     0 cach=     0 miss=     0 load=    0 prox=  -1% srcLag=  -1.0s shownLag=  -1.0s rss=    -1.0MB thr=  1 pools=  5 campools= 0 children=    22 items=      0 camTot=       0 camMax=      0 watch=0/0 saved=0 gcObj=   93434 qpix=    -1 qimg=    -1 axisH=  0.0 online=0
2026-08-10 22:52:26 up= 268.0m prev=     0 cach=     0 miss=     0 load=    0 prox=  -1% srcLag=  -1.0s shownLag=  -1.0s rss=    -1.0MB thr=  1 pools=  5 campools= 0 children=    22 items=      0 camTot=       0 camMax=      0 watch=0/0 saved=0 gcObj=   93462 qpix=    -1 qimg=    -1 axisH=  0.0 online=0
2026-08-10 22:53:26 up= 269.0m prev=     0 cach=     0 miss=     0 load=    0 prox=  -1% srcLag=  -1.0s shownLag=  -1.0s rss=    -1.0MB thr=  1 pools=  5 campools= 0 children=    22 items=      0 camTot=       0 camMax=      0 watch=0/0 saved=0 gcObj=   93490 qpix=    -1 qimg=    -1 axisH=  0.0 online=0
2026-08-10 22:54:26 up= 270.0m prev=     0 cach=     0 miss=     0 load=    0 prox=  -1% srcLag=  -1.0s shownLag=  -1.0s rss=    -1.0MB thr=  1 pools=  5 campools= 0 children=    22 items=      0 camTot=       0 camMax=      0 watch=0/0 saved=0 gcObj=   93518 qpix=    -1 qimg=    -1 axisH=  0.0 online=0
2026-08-10 22:55:26 up= 271.0m prev=     0 cach=     0 miss=     0 load=    0 prox=  -1% srcLag=  -1.0s shownLag=  -1.0s rss=    -1.0MB thr=  1 pools=  5 campools= 0 children=    22 items=      0 camTot=       0 camMax=      0 watch=0/0 saved=0 gcObj=   93546 qpix=    -1 qimg=    -1 axisH=  0.0 online=0
2026-08-10 22:56:26 up= 272.0m prev=     0 cach=     0 miss=     0 load=    0 prox=  -1% srcLag=  -1.0s shownLag=  -1.0s rss=    -1.0MB thr=  1 pools=  5 campools= 0 children=    22 items=      0 camTot=       0 camMax=      0 watch=0/0 saved=0 gcObj=   93574 qpix=    -1 qimg=    -1 axisH=  0.0 online=0
2026-08-10 22:57:26 up= 273.0m prev=     0 cach=     0 miss=     0 load=    0 prox=  -1% srcLag=  -1.0s shownLag=  -1.0s rss=    -1.0MB thr=  1 pools=  5 campools= 0 children=    22 items=      0 camTot=       0 camMax=      0 watch=0/0 saved=0 gcObj=   93602 qpix=    -1 qimg=    -1 axisH=  0.0 online=0
2026-08-10 22:58:26 up= 274.0m prev=     0 cach=     0 miss=     0 load=    0 prox=  -1% srcLag=  -1.0s shownLag=  -1.0s rss=    -1.0MB thr=  1 pools=  5 campools= 0 children=    22 items=      0 camTot=       0 camMax=      0 watch=0/0 saved=0 gcObj=   93630 qpix=    -1 qimg=    -1 axisH=  0.0 online=0
2026-08-10 22:59:26 up= 275.0m prev=     0 cach=     0 miss=     0 load=    0 prox=  -1% srcLag=  -1.0s shownLag=  -1.0s rss=    -1.0MB thr=  1 pools=  5 campools= 0 children=    22 items=      0 camTot=       0 camMax=      0 watch=0/0 saved=0 gcObj=   93658 qpix=    -1 qimg=    -1 axisH=  0.0 online=0
2026-08-10 23:00:26 up= 276.0m prev=     0 cach=     0 miss=     0 load=    0 prox=  -1% srcLag=  -1.0s shownLag=  -1.0s rss=    -1.0MB thr=  1 pools=  5 campools= 0 children=    22 items=      0 camTot=       0 camMax=      0 watch=0/0 saved=0 gcObj=   93686 qpix=    -1 qimg=    -1 axisH=  0.0 online=0
2026-08-10 23:01:26 up= 277.0m prev=     0 cach=     0 miss=     0 load=    0 prox=  -1% srcLag=  -1.0s shownLag=  -1.0s rss=    -1.0MB thr=  1 pools=  5 campools= 0 children=    22 items=      0 camTot=       0 camMax=      0 watch=0/0 saved=0 gcObj=   93714 qpix=    -1 qimg=    -1 axisH=  0.0 online=0
2026-08-10 23:02:26 up= 278.0m prev=     0 cach=     0 miss=     0 load=    0 prox=  -1% srcLag=  -1.0s shownLag=  -1.0s rss=    -1.0MB thr=  1 pools=  5 campools= 0 children=    22 items=      0 camTot=       0 camMax=      0 watch=0/0 saved=0 gcObj=   93742 qpix=    -1 qimg=    -1 axisH=  0.0 online=0
2026-08-10 23:03:26 up= 279.0m prev=     0 cach=     0 miss=     0 load=    0 prox=  -1% srcLag=  -1.0s shownLag=  -1.0s rss=    -1.0MB thr=  1 pools=  5 campools= 0 children=    22 items=      0 camTot=       0 camMax=      0 watch=0/0 saved=0 gcObj=   93770 qpix=    -1 qimg=    -1 axisH=  0.0 online=0
2026-08-10 23:04:26 up= 280.0m prev=     0 cach=     0 miss=     0 load=    0 prox=  -1% srcLag=  -1.0s shownLag=  -1.0s rss=    -1.0MB thr=  1 pools=  5 campools= 0 children=    22 items=      0 camTot=       0 camMax=      0 watch=0/0 saved=0 gcObj=   93798 qpix=    -1 qimg=    -1 axisH=  0.0 online=0
2026-08-10 23:05:26 up= 281.0m prev=     0 cach=     0 miss=     0 load=    0 prox=  -1% srcLag=  -1.0s shownLag=  -1.0s rss=    -1.0MB thr=  1 pools=  5 campools= 0 children=    22 items=      0 camTot=       0 camMax=      0 watch=0/0 saved=0 gcObj=   92565 qpix=    -1 qimg=    -1 axisH=  0.0 online=0
2026-08-10 23:06:26 up= 282.0m prev=     0 cach=     0 miss=     0 load=    0 prox=  -1% srcLag=  -1.0s shownLag=  -1.0s rss=    -1.0MB thr=  1 pools=  5 campools= 0 children=    22 items=      0 camTot=       0 camMax=      0 watch=0/0 saved=0 gcObj=   92593 qpix=    -1 qimg=    -1 axisH=  0.0 online=0
2026-08-10 23:07:26 up= 283.0m prev=     0 cach=     0 miss=     0 load=    0 prox=  -1% srcLag=  -1.0s shownLag=  -1.0s rss=    -1.0MB thr=  1 pools=  5 campools= 0 children=    22 items=      0 camTot=       0 camMax=      0 watch=0/0 saved=0 gcObj=   92621 qpix=    -1 qimg=    -1 axisH=  0.0 online=0
2026-08-10 23:08:26 up= 284.0m prev=     0 cach=     0 miss=     0 load=    0 prox=  -1% srcLag=  -1.0s shownLag=  -1.0s rss=    -1.0MB thr=  1 pools=  5 campools= 0 children=    22 items=      0 camTot=       0 camMax=      0 watch=0/0 saved=0 gcObj=   92649 qpix=    -1 qimg=    -1 axisH=  0.0 online=0
2026-08-10 23:09:26 up= 285.0m prev=     0 cach=     0 miss=     0 load=    0 prox=  -1% srcLag=  -1.0s shownLag=  -1.0s rss=    -1.0MB thr=  1 pools=  5 campools= 0 children=    22 items=      0 camTot=       0 camMax=      0 watch=0/0 saved=0 gcObj=   92677 qpix=    -1 qimg=    -1 axisH=  0.0 online=0
2026-08-10 23:10:26 up= 286.0m prev=     0 cach=     0 miss=     0 load=    0 prox=  -1% srcLag=  -1.0s shownLag=  -1.0s rss=    -1.0MB thr=  1 pools=  5 campools= 0 children=    22 items=      0 camTot=       0 camMax=      0 watch=0/0 saved=0 gcObj=   92705 qpix=    -1 qimg=    -1 axisH=  0.0 online=0
2026-08-10 23:11:26 up= 287.0m prev=     0 cach=     0 miss=     0 load=    0 prox=  -1% srcLag=  -1.0s shownLag=  -1.0s rss=    -1.0MB thr=  1 pools=  5 campools= 0 children=    22 items=      0 camTot=       0 camMax=      0 watch=0/0 saved=0 gcObj=   92733 qpix=    -1 qimg=    -1 axisH=  0.0 online=0
2026-08-10 23:12:26 up= 288.0m prev=     0 cach=     0 miss=     0 load=    0 prox=  -1% srcLag=  -1.0s shownLag=  -1.0s rss=    -1.0MB thr=  1 pools=  5 campools= 0 children=    22 items=      0 camTot=       0 camMax=      0 watch=0/0 saved=0 gcObj=   92761 qpix=    -1 qimg=    -1 axisH=  0.0 online=0
2026-08-10 23:13:26 up= 289.0m prev=     0 cach=     0 miss=     0 load=    0 prox=  -1% srcLag=  -1.0s shownLag=  -1.0s rss=    -1.0MB thr=  1 pools=  5 campools= 0 children=    22 items=      0 camTot=       0 camMax=      0 watch=0/0 saved=0 gcObj=   92789 qpix=    -1 qimg=    -1 axisH=  0.0 online=0
2026-08-10 23:14:26 up= 290.0m prev=     0 cach=     0 miss=     0 load=    0 prox=  -1% srcLag=  -1.0s shownLag=  -1.0s rss=    -1.0MB thr=  1 pools=  5 campools= 0 children=    22 items=      0 camTot=       0 camMax=      0 watch=0/0 saved=0 gcObj=   92817 qpix=    -1 qimg=    -1 axisH=  0.0 online=0
2026-08-10 23:15:26 up= 291.0m prev=     0 cach=     0 miss=     0 load=    0 prox=  -1% srcLag=  -1.0s shownLag=  -1.0s rss=    -1.0MB thr=  1 pools=  5 campools= 0 children=    22 items=      0 camTot=       0 camMax=      0 watch=0/0 saved=0 gcObj=   92845 qpix=    -1 qimg=    -1 axisH=  0.0 online=0
2026-08-10 23:16:26 up= 292.0m prev=     0 cach=     0 miss=     0 load=    0 prox=  -1% srcLag=  -1.0s shownLag=  -1.0s rss=    -1.0MB thr=  1 pools=  5 campools= 0 children=    22 items=      0 camTot=       0 camMax=      0 watch=0/0 saved=0 gcObj=   92873 qpix=    -1 qimg=    -1 axisH=  0.0 online=0
2026-08-10 23:17:26 up= 293.0m prev=     0 cach=     0 miss=     0 load=    0 prox=  -1% srcLag=  -1.0s shownLag=  -1.0s rss=    -1.0MB thr=  1 pools=  5 campools= 0 children=    22 items=      0 camTot=       0 camMax=      0 watch=0/0 saved=0 gcObj=   92901 qpix=    -1 qimg=    -1 axisH=  0.0 online=0
2026-08-10 23:18:26 up= 294.0m prev=     0 cach=     0 miss=     0 load=    0 prox=  -1% srcLag=  -1.0s shownLag=  -1.0s rss=    -1.0MB thr=  1 pools=  5 campools= 0 children=    22 items=      0 camTot=       0 camMax=      0 watch=0/0 saved=0 gcObj=   92929 qpix=    -1 qimg=    -1 axisH=  0.0 online=0
2026-08-10 23:19:26 up= 295.0m prev=     0 cach=     0 miss=     0 load=    0 prox=  -1% srcLag=  -1.0s shownLag=  -1.0s rss=    -1.0MB thr=  1 pools=  5 campools= 0 children=    22 items=      0 camTot=       0 camMax=      0 watch=0/0 saved=0 gcObj=   92957 qpix=    -1 qimg=    -1 axisH=  0.0 online=0
2026-08-10 23:20:26 up= 296.0m prev=     0 cach=     0 miss=     0 load=    0 prox=  -1% srcLag=  -1.0s shownLag=  -1.0s rss=    -1.0MB thr=  1 pools=  5 campools= 0 children=    22 items=      0 camTot=       0 camMax=      0 watch=0/0 saved=0 gcObj=   92985 qpix=    -1 qimg=    -1 axisH=  0.0 online=0
2026-08-10 23:21:26 up= 297.0m prev=     0 cach=     0 miss=     0 load=    0 prox=  -1% srcLag=  -1.0s shownLag=  -1.0s rss=    -1.0MB thr=  1 pools=  5 campools= 0 children=    22 items=      0 camTot=       0 camMax=      0 watch=0/0 saved=0 gcObj=   93013 qpix=    -1 qimg=    -1 axisH=  0.0 online=0
2026-08-10 23:22:26 up= 298.0m prev=     0 cach=     0 miss=     0 load=    0 prox=  -1% srcLag=  -1.0s shownLag=  -1.0s rss=    -1.0MB thr=  1 pools=  5 campools= 0 children=    22 items=      0 camTot=       0 camMax=      0 watch=0/0 saved=0 gcObj=   93041 qpix=    -1 qimg=    -1 axisH=  0.0 online=0
2026-08-10 23:23:26 up= 299.0m prev=     0 cach=     0 miss=     0 load=    0 prox=  -1% srcLag=  -1.0s shownLag=  -1.0s rss=    -1.0MB thr=  1 pools=  5 campools= 0 children=    22 items=      0 camTot=       0 camMax=      0 watch=0/0 saved=0 gcObj=   93069 qpix=    -1 qimg=    -1 axisH=  0.0 online=0
2026-08-10 23:24:26 up= 300.0m prev=     0 cach=     0 miss=     0 load=    0 prox=  -1% srcLag=  -1.0s shownLag=  -1.0s rss=    -1.0MB thr=  1 pools=  5 campools= 0 children=    22 items=      0 camTot=       0 camMax=      0 watch=0/0 saved=0 gcObj=   93097 qpix=    -1 qimg=    -1 axisH=  0.0 online=0
2026-08-10 23:25:26 up= 301.0m prev=     0 cach=     0 miss=     0 load=    0 prox=  -1% srcLag=  -1.0s shownLag=  -1.0s rss=    -1.0MB thr=  1 pools=  5 campools= 0 children=    22 items=      0 camTot=       0 camMax=      0 watch=0/0 saved=0 gcObj=   93125 qpix=    -1 qimg=    -1 axisH=  0.0 online=0
2026-08-10 23:26:26 up= 302.0m prev=     0 cach=     0 miss=     0 load=    0 prox=  -1% srcLag=  -1.0s shownLag=  -1.0s rss=    -1.0MB thr=  1 pools=  5 campools= 0 children=    22 items=      0 camTot=       0 camMax=      0 watch=0/0 saved=0 gcObj=   93153 qpix=    -1 qimg=    -1 axisH=  0.0 online=0
2026-08-10 23:27:26 up= 303.0m prev=     0 cach=     0 miss=     0 load=    0 prox=  -1% srcLag=  -1.0s shownLag=  -1.0s rss=    -1.0MB thr=  1 pools=  5 campools= 0 children=    22 items=      0 camTot=       0 camMax=      0 watch=0/0 saved=0 gcObj=   93181 qpix=    -1 qimg=    -1 axisH=  0.0 online=0
2026-08-10 23:28:26 up= 304.0m prev=     0 cach=     0 miss=     0 load=    0 prox=  -1% srcLag=  -1.0s shownLag=  -1.0s rss=    -1.0MB thr=  1 pools=  5 campools= 0 children=    22 items=      0 camTot=       0 camMax=      0 watch=0/0 saved=0 gcObj=   93209 qpix=    -1 qimg=    -1 axisH=  0.0 online=0
2026-08-10 23:29:26 up= 305.0m prev=     0 cach=     0 miss=     0 load=    0 prox=  -1% srcLag=  -1.0s shownLag=  -1.0s rss=    -1.0MB thr=  1 pools=  5 campools= 0 children=    22 items=      0 camTot=       0 camMax=      0 watch=0/0 saved=0 gcObj=   93237 qpix=    -1 qimg=    -1 axisH=  0.0 online=0
2026-08-10 23:30:26 up= 306.0m prev=     0 cach=     0 miss=     0 load=    0 prox=  -1% srcLag=  -1.0s shownLag=  -1.0s rss=    -1.0MB thr=  1 pools=  5 campools= 0 children=    22 items=      0 camTot=       0 camMax=      0 watch=0/0 saved=0 gcObj=   93265 qpix=    -1 qimg=    -1 axisH=  0.0 online=0
2026-08-10 23:31:26 up= 307.0m prev=     0 cach=     0 miss=     0 load=    0 prox=  -1% srcLag=  -1.0s shownLag=  -1.0s rss=    -1.0MB thr=  1 pools=  5 campools= 0 children=    22 items=      0 camTot=       0 camMax=      0 watch=0/0 saved=0 gcObj=   93293 qpix=    -1 qimg=    -1 axisH=  0.0 online=0
2026-08-10 23:32:26 up= 308.0m prev=     0 cach=     0 miss=     0 load=    0 prox=  -1% srcLag=  -1.0s shownLag=  -1.0s rss=    -1.0MB thr=  1 pools=  5 campools= 0 children=    22 items=      0 camTot=       0 camMax=      0 watch=0/0 saved=0 gcObj=   93321 qpix=    -1 qimg=    -1 axisH=  0.0 online=0
2026-08-10 23:33:26 up= 309.0m prev=     0 cach=     0 miss=     0 load=    0 prox=  -1% srcLag=  -1.0s shownLag=  -1.0s rss=    -1.0MB thr=  1 pools=  5 campools= 0 children=    22 items=      0 camTot=       0 camMax=      0 watch=0/0 saved=0 gcObj=   93349 qpix=    -1 qimg=    -1 axisH=  0.0 online=0
2026-08-10 23:34:26 up= 310.0m prev=     0 cach=     0 miss=     0 load=    0 prox=  -1% srcLag=  -1.0s shownLag=  -1.0s rss=    -1.0MB thr=  1 pools=  5 campools= 0 children=    22 items=      0 camTot=       0 camMax=      0 watch=0/0 saved=0 gcObj=   93377 qpix=    -1 qimg=    -1 axisH=  0.0 online=0
2026-08-10 23:35:26 up= 311.0m prev=     0 cach=     0 miss=     0 load=    0 prox=  -1% srcLag=  -1.0s shownLag=  -1.0s rss=    -1.0MB thr=  1 pools=  5 campools= 0 children=    22 items=      0 camTot=       0 camMax=      0 watch=0/0 saved=0 gcObj=   93405 qpix=    -1 qimg=    -1 axisH=  0.0 online=0
2026-08-10 23:36:26 up= 312.0m prev=     0 cach=     0 miss=     0 load=    0 prox=  -1% srcLag=  -1.0s shownLag=  -1.0s rss=    -1.0MB thr=  1 pools=  5 campools= 0 children=    22 items=      0 camTot=       0 camMax=      0 watch=0/0 saved=0 gcObj=   93433 qpix=    -1 qimg=    -1 axisH=  0.0 online=0
2026-08-10 23:37:26 up= 313.0m prev=     0 cach=     0 miss=     0 load=    0 prox=  -1% srcLag=  -1.0s shownLag=  -1.0s rss=    -1.0MB thr=  1 pools=  5 campools= 0 children=    22 items=      0 camTot=       0 camMax=      0 watch=0/0 saved=0 gcObj=   93461 qpix=    -1 qimg=    -1 axisH=  0.0 online=0
2026-08-10 23:38:26 up= 314.0m prev=     0 cach=     0 miss=     0 load=    0 prox=  -1% srcLag=  -1.0s shownLag=  -1.0s rss=    -1.0MB thr=  1 pools=  5 campools= 0 children=    22 items=      0 camTot=       0 camMax=      0 watch=0/0 saved=0 gcObj=   93489 qpix=    -1 qimg=    -1 axisH=  0.0 online=0
2026-08-10 23:39:26 up= 315.0m prev=     0 cach=     0 miss=     0 load=    0 prox=  -1% srcLag=  -1.0s shownLag=  -1.0s rss=    -1.0MB thr=  1 pools=  5 campools= 0 children=    22 items=      0 camTot=       0 camMax=      0 watch=0/0 saved=0 gcObj=   93517 qpix=    -1 qimg=    -1 axisH=  0.0 online=0
2026-08-10 23:40:26 up= 316.0m prev=     0 cach=     0 miss=     0 load=    0 prox=  -1% srcLag=  -1.0s shownLag=  -1.0s rss=    -1.0MB thr=  1 pools=  5 campools= 0 children=    22 items=      0 camTot=       0 camMax=      0 watch=0/0 saved=0 gcObj=   93545 qpix=    -1 qimg=    -1 axisH=  0.0 online=0
2026-08-10 23:41:26 up= 317.0m prev=     0 cach=     0 miss=     0 load=    0 prox=  -1% srcLag=  -1.0s shownLag=  -1.0s rss=    -1.0MB thr=  1 pools=  5 campools= 0 children=    22 items=      0 camTot=       0 camMax=      0 watch=0/0 saved=0 gcObj=   93573 qpix=    -1 qimg=    -1 axisH=  0.0 online=0
2026-08-10 23:42:26 up= 318.0m prev=     0 cach=     0 miss=     0 load=    0 prox=  -1% srcLag=  -1.0s shownLag=  -1.0s rss=    -1.0MB thr=  1 pools=  5 campools= 0 children=    22 items=      0 camTot=       0 camMax=      0 watch=0/0 saved=0 gcObj=   93601 qpix=    -1 qimg=    -1 axisH=  0.0 online=0
2026-08-10 23:43:26 up= 319.0m prev=     0 cach=     0 miss=     0 load=    0 prox=  -1% srcLag=  -1.0s shownLag=  -1.0s rss=    -1.0MB thr=  1 pools=  5 campools= 0 children=    22 items=      0 camTot=       0 camMax=      0 watch=0/0 saved=0 gcObj=   93629 qpix=    -1 qimg=    -1 axisH=  0.0 online=0
2026-08-10 23:44:26 up= 320.0m prev=     0 cach=     0 miss=     0 load=    0 prox=  -1% srcLag=  -1.0s shownLag=  -1.0s rss=    -1.0MB thr=  1 pools=  5 campools= 0 children=    22 items=      0 camTot=       0 camMax=      0 watch=0/0 saved=0 gcObj=   93657 qpix=    -1 qimg=    -1 axisH=  0.0 online=0
2026-08-10 23:45:26 up= 321.0m prev=     0 cach=     0 miss=     0 load=    0 prox=  -1% srcLag=  -1.0s shownLag=  -1.0s rss=    -1.0MB thr=  1 pools=  5 campools= 0 children=    22 items=      0 camTot=       0 camMax=      0 watch=0/0 saved=0 gcObj=   93685 qpix=    -1 qimg=    -1 axisH=  0.0 online=0
2026-08-10 23:46:26 up= 322.0m prev=     0 cach=     0 miss=     0 load=    0 prox=  -1% srcLag=  -1.0s shownLag=  -1.0s rss=    -1.0MB thr=  1 pools=  5 campools= 0 children=    22 items=      0 camTot=       0 camMax=      0 watch=0/0 saved=0 gcObj=   93713 qpix=    -1 qimg=    -1 axisH=  0.0 online=0
2026-08-10 23:47:26 up= 323.0m prev=     0 cach=     0 miss=     0 load=    0 prox=  -1% srcLag=  -1.0s shownLag=  -1.0s rss=    -1.0MB thr=  1 pools=  5 campools= 0 children=    22 items=      0 camTot=       0 camMax=      0 watch=0/0 saved=0 gcObj=   93741 qpix=    -1 qimg=    -1 axisH=  0.0 online=0
2026-08-10 23:48:26 up= 324.0m prev=     0 cach=     0 miss=     0 load=    0 prox=  -1% srcLag=  -1.0s shownLag=  -1.0s rss=    -1.0MB thr=  1 pools=  5 campools= 0 children=    22 items=      0 camTot=       0 camMax=      0 watch=0/0 saved=0 gcObj=   93769 qpix=    -1 qimg=    -1 axisH=  0.0 online=0
2026-08-10 23:49:26 up= 325.0m prev=     0 cach=     0 miss=     0 load=    0 prox=  -1% srcLag=  -1.0s shownLag=  -1.0s rss=    -1.0MB thr=  1 pools=  5 campools= 0 children=    22 items=      0 camTot=       0 camMax=      0 watch=0/0 saved=0 gcObj=   93797 qpix=    -1 qimg=    -1 axisH=  0.0 online=0
2026-08-10 23:50:26 up= 326.0m prev=     0 cach=     0 miss=     0 load=    0 prox=  -1% srcLag=  -1.0s shownLag=  -1.0s rss=    -1.0MB thr=  1 pools=  5 campools= 0 children=    22 items=      0 camTot=       0 camMax=      0 watch=0/0 saved=0 gcObj=   93825 qpix=    -1 qimg=    -1 axisH=  0.0 online=0
2026-08-10 23:51:26 up= 327.0m prev=     0 cach=     0 miss=     0 load=    0 prox=  -1% srcLag=  -1.0s shownLag=  -1.0s rss=    -1.0MB thr=  1 pools=  5 campools= 0 children=    22 items=      0 camTot=       0 camMax=      0 watch=0/0 saved=0 gcObj=   92592 qpix=    -1 qimg=    -1 axisH=  0.0 online=0
2026-08-10 23:52:26 up= 328.0m prev=     0 cach=     0 miss=     0 load=    0 prox=  -1% srcLag=  -1.0s shownLag=  -1.0s rss=    -1.0MB thr=  1 pools=  5 campools= 0 children=    22 items=      0 camTot=       0 camMax=      0 watch=0/0 saved=0 gcObj=   92620 qpix=    -1 qimg=    -1 axisH=  0.0 online=0
2026-08-10 23:53:26 up= 329.0m prev=     0 cach=     0 miss=     0 load=    0 prox=  -1% srcLag=  -1.0s shownLag=  -1.0s rss=    -1.0MB thr=  1 pools=  5 campools= 0 children=    22 items=      0 camTot=       0 camMax=      0 watch=0/0 saved=0 gcObj=   92648 qpix=    -1 qimg=    -1 axisH=  0.0 online=0
2026-08-10 23:54:26 up= 330.0m prev=     0 cach=     0 miss=     0 load=    0 prox=  -1% srcLag=  -1.0s shownLag=  -1.0s rss=    -1.0MB thr=  1 pools=  5 campools= 0 children=    22 items=      0 camTot=       0 camMax=      0 watch=0/0 saved=0 gcObj=   92676 qpix=    -1 qimg=    -1 axisH=  0.0 online=0
2026-08-10 23:55:26 up= 331.0m prev=     0 cach=     0 miss=     0 load=    0 prox=  -1% srcLag=  -1.0s shownLag=  -1.0s rss=    -1.0MB thr=  1 pools=  5 campools= 0 children=    22 items=      0 camTot=       0 camMax=      0 watch=0/0 saved=0 gcObj=   92704 qpix=    -1 qimg=    -1 axisH=  0.0 online=0
2026-08-10 23:56:26 up= 332.0m prev=     0 cach=     0 miss=     0 load=    0 prox=  -1% srcLag=  -1.0s shownLag=  -1.0s rss=    -1.0MB thr=  1 pools=  5 campools= 0 children=    22 items=      0 camTot=       0 camMax=      0 watch=0/0 saved=0 gcObj=   92732 qpix=    -1 qimg=    -1 axisH=  0.0 online=0
2026-08-10 23:57:26 up= 333.0m prev=     0 cach=     0 miss=     0 load=    0 prox=  -1% srcLag=  -1.0s shownLag=  -1.0s rss=    -1.0MB thr=  1 pools=  5 campools= 0 children=    22 items=      0 camTot=       0 camMax=      0 watch=0/0 saved=0 gcObj=   92760 qpix=    -1 qimg=    -1 axisH=  0.0 online=0
2026-08-10 23:58:26 up= 334.0m prev=     0 cach=     0 miss=     0 load=    0 prox=  -1% srcLag=  -1.0s shownLag=  -1.0s rss=    -1.0MB thr=  1 pools=  5 campools= 0 children=    22 items=      0 camTot=       0 camMax=      0 watch=0/0 saved=0 gcObj=   92788 qpix=    -1 qimg=    -1 axisH=  0.0 online=0
2026-08-10 23:59:26 up= 335.0m prev=     0 cach=     0 miss=     0 load=    0 prox=  -1% srcLag=  -1.0s shownLag=  -1.0s rss=    -1.0MB thr=  1 pools=  5 campools= 0 children=    22 items=      0 camTot=       0 camMax=      0 watch=0/0 saved=0 gcObj=   92816 qpix=    -1 qimg=    -1 axisH=  0.0 online=0
2026-08-11 00:00:26 up= 336.0m prev=     0 cach=     0 miss=     0 load=    0 prox=  -1% srcLag=  -1.0s shownLag=  -1.0s rss=    -1.0MB thr=  1 pools=  5 campools= 0 children=    22 items=      0 camTot=       0 camMax=      0 watch=0/0 saved=0 gcObj=   92844 qpix=    -1 qimg=    -1 axisH=  0.0 online=0
2026-08-11 00:01:26 up= 337.0m prev=     0 cach=     0 miss=     0 load=    0 prox=  -1% srcLag=  -1.0s shownLag=  -1.0s rss=    -1.0MB thr=  1 pools=  5 campools= 0 children=    22 items=      0 camTot=       0 camMax=      0 watch=0/0 saved=0 gcObj=   92872 qpix=    -1 qimg=    -1 axisH=  0.0 online=0
2026-08-11 00:02:26 up= 338.0m prev=     0 cach=     0 miss=     0 load=    0 prox=  -1% srcLag=  -1.0s shownLag=  -1.0s rss=    -1.0MB thr=  1 pools=  5 campools= 0 children=    22 items=      0 camTot=       0 camMax=      0 watch=0/0 saved=0 gcObj=   92900 qpix=    -1 qimg=    -1 axisH=  0.0 online=0
2026-08-11 00:03:26 up= 339.0m prev=     0 cach=     0 miss=     0 load=    0 prox=  -1% srcLag=  -1.0s shownLag=  -1.0s rss=    -1.0MB thr=  1 pools=  5 campools= 0 children=    22 items=      0 camTot=       0 camMax=      0 watch=0/0 saved=0 gcObj=   92928 qpix=    -1 qimg=    -1 axisH=  0.0 online=0
2026-08-11 00:04:26 up= 340.0m prev=     0 cach=     0 miss=     0 load=    0 prox=  -1% srcLag=  -1.0s shownLag=  -1.0s rss=    -1.0MB thr=  1 pools=  5 campools= 0 children=    22 items=      0 camTot=       0 camMax=      0 watch=0/0 saved=0 gcObj=   92956 qpix=    -1 qimg=    -1 axisH=  0.0 online=0
2026-08-11 00:05:26 up= 341.0m prev=     0 cach=     0 miss=     0 load=    0 prox=  -1% srcLag=  -1.0s shownLag=  -1.0s rss=    -1.0MB thr=  1 pools=  5 campools= 0 children=    22 items=      0 camTot=       0 camMax=      0 watch=0/0 saved=0 gcObj=   92984 qpix=    -1 qimg=    -1 axisH=  0.0 online=0
2026-08-11 00:06:26 up= 342.0m prev=     0 cach=     0 miss=     0 load=    0 prox=  -1% srcLag=  -1.0s shownLag=  -1.0s rss=    -1.0MB thr=  1 pools=  5 campools= 0 children=    22 items=      0 camTot=       0 camMax=      0 watch=0/0 saved=0 gcObj=   93012 qpix=    -1 qimg=    -1 axisH=  0.0 online=0
2026-08-11 00:07:26 up= 343.0m prev=     0 cach=     0 miss=     0 load=    0 prox=  -1% srcLag=  -1.0s shownLag=  -1.0s rss=    -1.0MB thr=  1 pools=  5 campools= 0 children=    22 items=      0 camTot=       0 camMax=      0 watch=0/0 saved=0 gcObj=   93040 qpix=    -1 qimg=    -1 axisH=  0.0 online=0
2026-08-11 00:08:26 up= 344.0m prev=     0 cach=     0 miss=     0 load=    0 prox=  -1% srcLag=  -1.0s shownLag=  -1.0s rss=    -1.0MB thr=  1 pools=  5 campools= 0 children=    22 items=      0 camTot=       0 camMax=      0 watch=0/0 saved=0 gcObj=   93068 qpix=    -1 qimg=    -1 axisH=  0.0 online=0
2026-08-11 00:09:26 up= 345.0m prev=     0 cach=     0 miss=     0 load=    0 prox=  -1% srcLag=  -1.0s shownLag=  -1.0s rss=    -1.0MB thr=  1 pools=  5 campools= 0 children=    22 items=      0 camTot=       0 camMax=      0 watch=0/0 saved=0 gcObj=   93096 qpix=    -1 qimg=    -1 axisH=  0.0 online=0
2026-08-11 00:10:26 up= 346.0m prev=     0 cach=     0 miss=     0 load=    0 prox=  -1% srcLag=  -1.0s shownLag=  -1.0s rss=    -1.0MB thr=  1 pools=  5 campools= 0 children=    22 items=      0 camTot=       0 camMax=      0 watch=0/0 saved=0 gcObj=   93124 qpix=    -1 qimg=    -1 axisH=  0.0 online=0
2026-08-11 00:11:26 up= 347.0m prev=     0 cach=     0 miss=     0 load=    0 prox=  -1% srcLag=  -1.0s shownLag=  -1.0s rss=    -1.0MB thr=  1 pools=  5 campools= 0 children=    22 items=      0 camTot=       0 camMax=      0 watch=0/0 saved=0 gcObj=   93152 qpix=    -1 qimg=    -1 axisH=  0.0 online=0
2026-08-11 00:12:26 up= 348.0m prev=     0 cach=     0 miss=     0 load=    0 prox=  -1% srcLag=  -1.0s shownLag=  -1.0s rss=    -1.0MB thr=  1 pools=  5 campools= 0 children=    22 items=      0 camTot=       0 camMax=      0 watch=0/0 saved=0 gcObj=   93180 qpix=    -1 qimg=    -1 axisH=  0.0 online=0
2026-08-11 00:13:26 up= 349.0m prev=     0 cach=     0 miss=     0 load=    0 prox=  -1% srcLag=  -1.0s shownLag=  -1.0s rss=    -1.0MB thr=  1 pools=  5 campools= 0 children=    22 items=      0 camTot=       0 camMax=      0 watch=0/0 saved=0 gcObj=   93208 qpix=    -1 qimg=    -1 axisH=  0.0 online=0
2026-08-11 00:14:26 up= 350.0m prev=     0 cach=     0 miss=     0 load=    0 prox=  -1% srcLag=  -1.0s shownLag=  -1.0s rss=    -1.0MB thr=  1 pools=  5 campools= 0 children=    22 items=      0 camTot=       0 camMax=      0 watch=0/0 saved=0 gcObj=   93236 qpix=    -1 qimg=    -1 axisH=  0.0 online=0
2026-08-11 00:15:26 up= 351.0m prev=     0 cach=     0 miss=     0 load=    0 prox=  -1% srcLag=  -1.0s shownLag=  -1.0s rss=    -1.0MB thr=  1 pools=  5 campools= 0 children=    22 items=      0 camTot=       0 camMax=      0 watch=0/0 saved=0 gcObj=   93264 qpix=    -1 qimg=    -1 axisH=  0.0 online=0
2026-08-11 00:16:26 up= 352.0m prev=     0 cach=     0 miss=     0 load=    0 prox=  -1% srcLag=  -1.0s shownLag=  -1.0s rss=    -1.0MB thr=  1 pools=  5 campools= 0 children=    22 items=      0 camTot=       0 camMax=      0 watch=0/0 saved=0 gcObj=   93292 qpix=    -1 qimg=    -1 axisH=  0.0 online=0
2026-08-11 00:17:26 up= 353.0m prev=     0 cach=     0 miss=     0 load=    0 prox=  -1% srcLag=  -1.0s shownLag=  -1.0s rss=    -1.0MB thr=  1 pools=  5 campools= 0 children=    22 items=      0 camTot=       0 camMax=      0 watch=0/0 saved=0 gcObj=   93320 qpix=    -1 qimg=    -1 axisH=  0.0 online=0
2026-08-11 00:18:26 up= 354.0m prev=     0 cach=     0 miss=     0 load=    0 prox=  -1% srcLag=  -1.0s shownLag=  -1.0s rss=    -1.0MB thr=  1 pools=  5 campools= 0 children=    22 items=      0 camTot=       0 camMax=      0 watch=0/0 saved=0 gcObj=   93348 qpix=    -1 qimg=    -1 axisH=  0.0 online=0
2026-08-11 00:19:26 up= 355.0m prev=     0 cach=     0 miss=     0 load=    0 prox=  -1% srcLag=  -1.0s shownLag=  -1.0s rss=    -1.0MB thr=  1 pools=  5 campools= 0 children=    22 items=      0 camTot=       0 camMax=      0 watch=0/0 saved=0 gcObj=   93376 qpix=    -1 qimg=    -1 axisH=  0.0 online=0
2026-08-11 00:20:26 up= 356.0m prev=     0 cach=     0 miss=     0 load=    0 prox=  -1% srcLag=  -1.0s shownLag=  -1.0s rss=    -1.0MB thr=  1 pools=  5 campools= 0 children=    22 items=      0 camTot=       0 camMax=      0 watch=0/0 saved=0 gcObj=   93404 qpix=    -1 qimg=    -1 axisH=  0.0 online=0
2026-08-11 00:21:26 up= 357.0m prev=     0 cach=     0 miss=     0 load=    0 prox=  -1% srcLag=  -1.0s shownLag=  -1.0s rss=    -1.0MB thr=  1 pools=  5 campools= 0 children=    22 items=      0 camTot=       0 camMax=      0 watch=0/0 saved=0 gcObj=   93432 qpix=    -1 qimg=    -1 axisH=  0.0 online=0
2026-08-11 00:22:26 up= 358.0m prev=     0 cach=     0 miss=     0 load=    0 prox=  -1% srcLag=  -1.0s shownLag=  -1.0s rss=    -1.0MB thr=  1 pools=  5 campools= 0 children=    22 items=      0 camTot=       0 camMax=      0 watch=0/0 saved=0 gcObj=   93460 qpix=    -1 qimg=    -1 axisH=  0.0 online=0
2026-08-11 00:23:26 up= 359.0m prev=     0 cach=     0 miss=     0 load=    0 prox=  -1% srcLag=  -1.0s shownLag=  -1.0s rss=    -1.0MB thr=  1 pools=  5 campools= 0 children=    22 items=      0 camTot=       0 camMax=      0 watch=0/0 saved=0 gcObj=   93488 qpix=    -1 qimg=    -1 axisH=  0.0 online=0
2026-08-11 00:24:26 up= 360.0m prev=     0 cach=     0 miss=     0 load=    0 prox=  -1% srcLag=  -1.0s shownLag=  -1.0s rss=    -1.0MB thr=  1 pools=  5 campools= 0 children=    22 items=      0 camTot=       0 camMax=      0 watch=0/0 saved=0 gcObj=   93516 qpix=    -1 qimg=    -1 axisH=  0.0 online=0
2026-08-11 00:25:26 up= 361.0m prev=     0 cach=     0 miss=     0 load=    0 prox=  -1% srcLag=  -1.0s shownLag=  -1.0s rss=    -1.0MB thr=  1 pools=  5 campools= 0 children=    22 items=      0 camTot=       0 camMax=      0 watch=0/0 saved=0 gcObj=   93544 qpix=    -1 qimg=    -1 axisH=  0.0 online=0
2026-08-11 00:26:26 up= 362.0m prev=     0 cach=     0 miss=     0 load=    0 prox=  -1% srcLag=  -1.0s shownLag=  -1.0s rss=    -1.0MB thr=  1 pools=  5 campools= 0 children=    22 items=      0 camTot=       0 camMax=      0 watch=0/0 saved=0 gcObj=   93572 qpix=    -1 qimg=    -1 axisH=  0.0 online=0
2026-08-11 00:27:27 up= 363.0m prev=     0 cach=     0 miss=     0 load=    0 prox=  -1% srcLag=  -1.0s shownLag=  -1.0s rss=    -1.0MB thr=  1 pools=  5 campools= 0 children=    22 items=      0 camTot=       0 camMax=      0 watch=0/0 saved=0 gcObj=   93600 qpix=    -1 qimg=    -1 axisH=  0.0 online=0
2026-08-11 00:28:26 up= 364.0m prev=     0 cach=     0 miss=     0 load=    0 prox=  -1% srcLag=  -1.0s shownLag=  -1.0s rss=    -1.0MB thr=  1 pools=  5 campools= 0 children=    22 items=      0 camTot=       0 camMax=      0 watch=0/0 saved=0 gcObj=   93628 qpix=    -1 qimg=    -1 axisH=  0.0 online=0
2026-08-11 00:29:26 up= 365.0m prev=     0 cach=     0 miss=     0 load=    0 prox=  -1% srcLag=  -1.0s shownLag=  -1.0s rss=    -1.0MB thr=  1 pools=  5 campools= 0 children=    22 items=      0 camTot=       0 camMax=      0 watch=0/0 saved=0 gcObj=   93656 qpix=    -1 qimg=    -1 axisH=  0.0 online=0
2026-08-11 00:30:26 up= 366.0m prev=     0 cach=     0 miss=     0 load=    0 prox=  -1% srcLag=  -1.0s shownLag=  -1.0s rss=    -1.0MB thr=  1 pools=  5 campools= 0 children=    22 items=      0 camTot=       0 camMax=      0 watch=0/0 saved=0 gcObj=   93684 qpix=    -1 qimg=    -1 axisH=  0.0 online=0
2026-08-11 00:31:27 up= 367.0m prev=     0 cach=     0 miss=     0 load=    0 prox=  -1% srcLag=  -1.0s shownLag=  -1.0s rss=    -1.0MB thr=  1 pools=  5 campools= 0 children=    22 items=      0 camTot=       0 camMax=      0 watch=0/0 saved=0 gcObj=   93712 qpix=    -1 qimg=    -1 axisH=  0.0 online=0
2026-08-11 00:32:27 up= 368.0m prev=     0 cach=     0 miss=     0 load=    0 prox=  -1% srcLag=  -1.0s shownLag=  -1.0s rss=    -1.0MB thr=  1 pools=  5 campools= 0 children=    22 items=      0 camTot=       0 camMax=      0 watch=0/0 saved=0 gcObj=   93740 qpix=    -1 qimg=    -1 axisH=  0.0 online=0
2026-08-11 00:33:27 up= 369.0m prev=     0 cach=     0 miss=     0 load=    0 prox=  -1% srcLag=  -1.0s shownLag=  -1.0s rss=    -1.0MB thr=  1 pools=  5 campools= 0 children=    22 items=      0 camTot=       0 camMax=      0 watch=0/0 saved=0 gcObj=   93768 qpix=    -1 qimg=    -1 axisH=  0.0 online=0
2026-08-11 00:34:27 up= 370.0m prev=     0 cach=     0 miss=     0 load=    0 prox=  -1% srcLag=  -1.0s shownLag=  -1.0s rss=    -1.0MB thr=  1 pools=  5 campools= 0 children=    22 items=      0 camTot=       0 camMax=      0 watch=0/0 saved=0 gcObj=   93796 qpix=    -1 qimg=    -1 axisH=  0.0 online=0
2026-08-11 00:35:26 up= 371.0m prev=     0 cach=     0 miss=     0 load=    0 prox=  -1% srcLag=  -1.0s shownLag=  -1.0s rss=    -1.0MB thr=  1 pools=  5 campools= 0 children=    22 items=      0 camTot=       0 camMax=      0 watch=0/0 saved=0 gcObj=   93824 qpix=    -1 qimg=    -1 axisH=  0.0 online=0
2026-08-11 00:36:27 up= 372.0m prev=     0 cach=     0 miss=     0 load=    0 prox=  -1% srcLag=  -1.0s shownLag=  -1.0s rss=    -1.0MB thr=  1 pools=  5 campools= 0 children=    22 items=      0 camTot=       0 camMax=      0 watch=0/0 saved=0 gcObj=   93852 qpix=    -1 qimg=    -1 axisH=  0.0 online=0
2026-08-11 00:37:27 up= 373.0m prev=     0 cach=     0 miss=     0 load=    0 prox=  -1% srcLag=  -1.0s shownLag=  -1.0s rss=    -1.0MB thr=  1 pools=  5 campools= 0 children=    22 items=      0 camTot=       0 camMax=      0 watch=0/0 saved=0 gcObj=   92619 qpix=    -1 qimg=    -1 axisH=  0.0 online=0
2026-08-11 00:38:27 up= 374.0m prev=     0 cach=     0 miss=     0 load=    0 prox=  -1% srcLag=  -1.0s shownLag=  -1.0s rss=    -1.0MB thr=  1 pools=  5 campools= 0 children=    22 items=      0 camTot=       0 camMax=      0 watch=0/0 saved=0 gcObj=   92647 qpix=    -1 qimg=    -1 axisH=  0.0 online=0
2026-08-11 00:39:27 up= 375.0m prev=     0 cach=     0 miss=     0 load=    0 prox=  -1% srcLag=  -1.0s shownLag=  -1.0s rss=    -1.0MB thr=  1 pools=  5 campools= 0 children=    22 items=      0 camTot=       0 camMax=      0 watch=0/0 saved=0 gcObj=   92675 qpix=    -1 qimg=    -1 axisH=  0.0 online=0
2026-08-11 00:40:27 up= 376.0m prev=     0 cach=     0 miss=     0 load=    0 prox=  -1% srcLag=  -1.0s shownLag=  -1.0s rss=    -1.0MB thr=  1 pools=  5 campools= 0 children=    22 items=      0 camTot=       0 camMax=      0 watch=0/0 saved=0 gcObj=   92703 qpix=    -1 qimg=    -1 axisH=  0.0 online=0
2026-08-11 00:41:27 up= 377.0m prev=     0 cach=     0 miss=     0 load=    0 prox=  -1% srcLag=  -1.0s shownLag=  -1.0s rss=    -1.0MB thr=  1 pools=  5 campools= 0 children=    22 items=      0 camTot=       0 camMax=      0 watch=0/0 saved=0 gcObj=   92731 qpix=    -1 qimg=    -1 axisH=  0.0 online=0
2026-08-11 00:42:27 up= 378.0m prev=     0 cach=     0 miss=     0 load=    0 prox=  -1% srcLag=  -1.0s shownLag=  -1.0s rss=    -1.0MB thr=  1 pools=  5 campools= 0 children=    22 items=      0 camTot=       0 camMax=      0 watch=0/0 saved=0 gcObj=   92759 qpix=    -1 qimg=    -1 axisH=  0.0 online=0
2026-08-11 00:43:27 up= 379.0m prev=     0 cach=     0 miss=     0 load=    0 prox=  -1% srcLag=  -1.0s shownLag=  -1.0s rss=    -1.0MB thr=  1 pools=  5 campools= 0 children=    22 items=      0 camTot=       0 camMax=      0 watch=0/0 saved=0 gcObj=   92787 qpix=    -1 qimg=    -1 axisH=  0.0 online=0
2026-08-11 00:44:27 up= 380.0m prev=     0 cach=     0 miss=     0 load=    0 prox=  -1% srcLag=  -1.0s shownLag=  -1.0s rss=    -1.0MB thr=  1 pools=  5 campools= 0 children=    22 items=      0 camTot=       0 camMax=      0 watch=0/0 saved=0 gcObj=   92815 qpix=    -1 qimg=    -1 axisH=  0.0 online=0
2026-08-11 00:45:27 up= 381.0m prev=     0 cach=     0 miss=     0 load=    0 prox=  -1% srcLag=  -1.0s shownLag=  -1.0s rss=    -1.0MB thr=  1 pools=  5 campools= 0 children=    22 items=      0 camTot=       0 camMax=      0 watch=0/0 saved=0 gcObj=   92843 qpix=    -1 qimg=    -1 axisH=  0.0 online=0
2026-08-11 00:46:27 up= 382.0m prev=     0 cach=     0 miss=     0 load=    0 prox=  -1% srcLag=  -1.0s shownLag=  -1.0s rss=    -1.0MB thr=  1 pools=  5 campools= 0 children=    22 items=      0 camTot=       0 camMax=      0 watch=0/0 saved=0 gcObj=   92871 qpix=    -1 qimg=    -1 axisH=  0.0 online=0
2026-08-11 00:47:27 up= 383.0m prev=     0 cach=     0 miss=     0 load=    0 prox=  -1% srcLag=  -1.0s shownLag=  -1.0s rss=    -1.0MB thr=  1 pools=  5 campools= 0 children=    22 items=      0 camTot=       0 camMax=      0 watch=0/0 saved=0 gcObj=   92899 qpix=    -1 qimg=    -1 axisH=  0.0 online=0
2026-08-11 00:48:27 up= 384.0m prev=     0 cach=     0 miss=     0 load=    0 prox=  -1% srcLag=  -1.0s shownLag=  -1.0s rss=    -1.0MB thr=  1 pools=  5 campools= 0 children=    22 items=      0 camTot=       0 camMax=      0 watch=0/0 saved=0 gcObj=   92927 qpix=    -1 qimg=    -1 axisH=  0.0 online=0
2026-08-11 00:49:27 up= 385.0m prev=     0 cach=     0 miss=     0 load=    0 prox=  -1% srcLag=  -1.0s shownLag=  -1.0s rss=    -1.0MB thr=  1 pools=  5 campools= 0 children=    22 items=      0 camTot=       0 camMax=      0 watch=0/0 saved=0 gcObj=   92955 qpix=    -1 qimg=    -1 axisH=  0.0 online=0
2026-08-11 00:50:27 up= 386.0m prev=     0 cach=     0 miss=     0 load=    0 prox=  -1% srcLag=  -1.0s shownLag=  -1.0s rss=    -1.0MB thr=  1 pools=  5 campools= 0 children=    22 items=      0 camTot=       0 camMax=      0 watch=0/0 saved=0 gcObj=   92983 qpix=    -1 qimg=    -1 axisH=  0.0 online=0
2026-08-11 00:51:27 up= 387.0m prev=     0 cach=     0 miss=     0 load=    0 prox=  -1% srcLag=  -1.0s shownLag=  -1.0s rss=    -1.0MB thr=  1 pools=  5 campools= 0 children=    22 items=      0 camTot=       0 camMax=      0 watch=0/0 saved=0 gcObj=   93011 qpix=    -1 qimg=    -1 axisH=  0.0 online=0
2026-08-11 00:52:27 up= 388.0m prev=     0 cach=     0 miss=     0 load=    0 prox=  -1% srcLag=  -1.0s shownLag=  -1.0s rss=    -1.0MB thr=  1 pools=  5 campools= 0 children=    22 items=      0 camTot=       0 camMax=      0 watch=0/0 saved=0 gcObj=   93039 qpix=    -1 qimg=    -1 axisH=  0.0 online=0
2026-08-11 00:53:27 up= 389.0m prev=     0 cach=     0 miss=     0 load=    0 prox=  -1% srcLag=  -1.0s shownLag=  -1.0s rss=    -1.0MB thr=  1 pools=  5 campools= 0 children=    22 items=      0 camTot=       0 camMax=      0 watch=0/0 saved=0 gcObj=   93067 qpix=    -1 qimg=    -1 axisH=  0.0 online=0
2026-08-11 00:54:27 up= 390.0m prev=     0 cach=     0 miss=     0 load=    0 prox=  -1% srcLag=  -1.0s shownLag=  -1.0s rss=    -1.0MB thr=  1 pools=  5 campools= 0 children=    22 items=      0 camTot=       0 camMax=      0 watch=0/0 saved=0 gcObj=   93095 qpix=    -1 qimg=    -1 axisH=  0.0 online=0
2026-08-11 00:55:27 up= 391.0m prev=     0 cach=     0 miss=     0 load=    0 prox=  -1% srcLag=  -1.0s shownLag=  -1.0s rss=    -1.0MB thr=  1 pools=  5 campools= 0 children=    22 items=      0 camTot=       0 camMax=      0 watch=0/0 saved=0 gcObj=   93123 qpix=    -1 qimg=    -1 axisH=  0.0 online=0
2026-08-11 00:56:27 up= 392.0m prev=     0 cach=     0 miss=     0 load=    0 prox=  -1% srcLag=  -1.0s shownLag=  -1.0s rss=    -1.0MB thr=  1 pools=  5 campools= 0 children=    22 items=      0 camTot=       0 camMax=      0 watch=0/0 saved=0 gcObj=   93151 qpix=    -1 qimg=    -1 axisH=  0.0 online=0
2026-08-11 00:57:27 up= 393.0m prev=     0 cach=     0 miss=     0 load=    0 prox=  -1% srcLag=  -1.0s shownLag=  -1.0s rss=    -1.0MB thr=  1 pools=  5 campools= 0 children=    22 items=      0 camTot=       0 camMax=      0 watch=0/0 saved=0 gcObj=   93179 qpix=    -1 qimg=    -1 axisH=  0.0 online=0
2026-08-11 00:58:27 up= 394.0m prev=     0 cach=     0 miss=     0 load=    0 prox=  -1% srcLag=  -1.0s shownLag=  -1.0s rss=    -1.0MB thr=  1 pools=  5 campools= 0 children=    22 items=      0 camTot=       0 camMax=      0 watch=0/0 saved=0 gcObj=   93207 qpix=    -1 qimg=    -1 axisH=  0.0 online=0
2026-08-11 00:59:27 up= 395.0m prev=     0 cach=     0 miss=     0 load=    0 prox=  -1% srcLag=  -1.0s shownLag=  -1.0s rss=    -1.0MB thr=  1 pools=  5 campools= 0 children=    22 items=      0 camTot=       0 camMax=      0 watch=0/0 saved=0 gcObj=   93235 qpix=    -1 qimg=    -1 axisH=  0.0 online=0
2026-08-11 01:00:27 up= 396.0m prev=     0 cach=     0 miss=     0 load=    0 prox=  -1% srcLag=  -1.0s shownLag=  -1.0s rss=    -1.0MB thr=  1 pools=  5 campools= 0 children=    22 items=      0 camTot=       0 camMax=      0 watch=0/0 saved=0 gcObj=   93263 qpix=    -1 qimg=    -1 axisH=  0.0 online=0
2026-08-11 01:01:27 up= 397.0m prev=     0 cach=     0 miss=     0 load=    0 prox=  -1% srcLag=  -1.0s shownLag=  -1.0s rss=    -1.0MB thr=  1 pools=  5 campools= 0 children=    22 items=      0 camTot=       0 camMax=      0 watch=0/0 saved=0 gcObj=   93291 qpix=    -1 qimg=    -1 axisH=  0.0 online=0
2026-08-11 01:02:27 up= 398.0m prev=     0 cach=     0 miss=     0 load=    0 prox=  -1% srcLag=  -1.0s shownLag=  -1.0s rss=    -1.0MB thr=  1 pools=  5 campools= 0 children=    22 items=      0 camTot=       0 camMax=      0 watch=0/0 saved=0 gcObj=   93319 qpix=    -1 qimg=    -1 axisH=  0.0 online=0
2026-08-11 01:03:27 up= 399.0m prev=     0 cach=     0 miss=     0 load=    0 prox=  -1% srcLag=  -1.0s shownLag=  -1.0s rss=    -1.0MB thr=  1 pools=  5 campools= 0 children=    22 items=      0 camTot=       0 camMax=      0 watch=0/0 saved=0 gcObj=   93347 qpix=    -1 qimg=    -1 axisH=  0.0 online=0
2026-08-11 01:04:27 up= 400.0m prev=     0 cach=     0 miss=     0 load=    0 prox=  -1% srcLag=  -1.0s shownLag=  -1.0s rss=    -1.0MB thr=  1 pools=  5 campools= 0 children=    22 items=      0 camTot=       0 camMax=      0 watch=0/0 saved=0 gcObj=   93375 qpix=    -1 qimg=    -1 axisH=  0.0 online=0
2026-08-11 01:05:27 up= 401.0m prev=     0 cach=     0 miss=     0 load=    0 prox=  -1% srcLag=  -1.0s shownLag=  -1.0s rss=    -1.0MB thr=  1 pools=  5 campools= 0 children=    22 items=      0 camTot=       0 camMax=      0 watch=0/0 saved=0 gcObj=   93403 qpix=    -1 qimg=    -1 axisH=  0.0 online=0
2026-08-11 01:06:27 up= 402.0m prev=     0 cach=     0 miss=     0 load=    0 prox=  -1% srcLag=  -1.0s shownLag=  -1.0s rss=    -1.0MB thr=  1 pools=  5 campools= 0 children=    22 items=      0 camTot=       0 camMax=      0 watch=0/0 saved=0 gcObj=   93431 qpix=    -1 qimg=    -1 axisH=  0.0 online=0
2026-08-11 01:07:27 up= 403.0m prev=     0 cach=     0 miss=     0 load=    0 prox=  -1% srcLag=  -1.0s shownLag=  -1.0s rss=    -1.0MB thr=  1 pools=  5 campools= 0 children=    22 items=      0 camTot=       0 camMax=      0 watch=0/0 saved=0 gcObj=   93459 qpix=    -1 qimg=    -1 axisH=  0.0 online=0
2026-08-11 01:08:27 up= 404.0m prev=     0 cach=     0 miss=     0 load=    0 prox=  -1% srcLag=  -1.0s shownLag=  -1.0s rss=    -1.0MB thr=  1 pools=  5 campools= 0 children=    22 items=      0 camTot=       0 camMax=      0 watch=0/0 saved=0 gcObj=   93487 qpix=    -1 qimg=    -1 axisH=  0.0 online=0
2026-08-11 01:09:27 up= 405.0m prev=     0 cach=     0 miss=     0 load=    0 prox=  -1% srcLag=  -1.0s shownLag=  -1.0s rss=    -1.0MB thr=  1 pools=  5 campools= 0 children=    22 items=      0 camTot=       0 camMax=      0 watch=0/0 saved=0 gcObj=   93515 qpix=    -1 qimg=    -1 axisH=  0.0 online=0
2026-08-11 01:10:27 up= 406.0m prev=     0 cach=     0 miss=     0 load=    0 prox=  -1% srcLag=  -1.0s shownLag=  -1.0s rss=    -1.0MB thr=  1 pools=  5 campools= 0 children=    22 items=      0 camTot=       0 camMax=      0 watch=0/0 saved=0 gcObj=   93543 qpix=    -1 qimg=    -1 axisH=  0.0 online=0
2026-08-11 01:11:27 up= 407.0m prev=     0 cach=     0 miss=     0 load=    0 prox=  -1% srcLag=  -1.0s shownLag=  -1.0s rss=    -1.0MB thr=  1 pools=  5 campools= 0 children=    22 items=      0 camTot=       0 camMax=      0 watch=0/0 saved=0 gcObj=   93571 qpix=    -1 qimg=    -1 axisH=  0.0 online=0
2026-08-11 01:12:27 up= 408.0m prev=     0 cach=     0 miss=     0 load=    0 prox=  -1% srcLag=  -1.0s shownLag=  -1.0s rss=    -1.0MB thr=  1 pools=  5 campools= 0 children=    22 items=      0 camTot=       0 camMax=      0 watch=0/0 saved=0 gcObj=   93599 qpix=    -1 qimg=    -1 axisH=  0.0 online=0
2026-08-11 01:13:27 up= 409.0m prev=     0 cach=     0 miss=     0 load=    0 prox=  -1% srcLag=  -1.0s shownLag=  -1.0s rss=    -1.0MB thr=  1 pools=  5 campools= 0 children=    22 items=      0 camTot=       0 camMax=      0 watch=0/0 saved=0 gcObj=   93627 qpix=    -1 qimg=    -1 axisH=  0.0 online=0
2026-08-11 01:14:27 up= 410.0m prev=     0 cach=     0 miss=     0 load=    0 prox=  -1% srcLag=  -1.0s shownLag=  -1.0s rss=    -1.0MB thr=  1 pools=  5 campools= 0 children=    22 items=      0 camTot=       0 camMax=      0 watch=0/0 saved=0 gcObj=   93655 qpix=    -1 qimg=    -1 axisH=  0.0 online=0
2026-08-11 01:15:27 up= 411.0m prev=     0 cach=     0 miss=     0 load=    0 prox=  -1% srcLag=  -1.0s shownLag=  -1.0s rss=    -1.0MB thr=  1 pools=  5 campools= 0 children=    22 items=      0 camTot=       0 camMax=      0 watch=0/0 saved=0 gcObj=   93683 qpix=    -1 qimg=    -1 axisH=  0.0 online=0
2026-08-11 01:16:27 up= 412.0m prev=     0 cach=     0 miss=     0 load=    0 prox=  -1% srcLag=  -1.0s shownLag=  -1.0s rss=    -1.0MB thr=  1 pools=  5 campools= 0 children=    22 items=      0 camTot=       0 camMax=      0 watch=0/0 saved=0 gcObj=   93711 qpix=    -1 qimg=    -1 axisH=  0.0 online=0
2026-08-11 01:17:27 up= 413.0m prev=     0 cach=     0 miss=     0 load=    0 prox=  -1% srcLag=  -1.0s shownLag=  -1.0s rss=    -1.0MB thr=  1 pools=  5 campools= 0 children=    22 items=      0 camTot=       0 camMax=      0 watch=0/0 saved=0 gcObj=   93739 qpix=    -1 qimg=    -1 axisH=  0.0 online=0
2026-08-11 01:18:27 up= 414.0m prev=     0 cach=     0 miss=     0 load=    0 prox=  -1% srcLag=  -1.0s shownLag=  -1.0s rss=    -1.0MB thr=  1 pools=  5 campools= 0 children=    22 items=      0 camTot=       0 camMax=      0 watch=0/0 saved=0 gcObj=   93767 qpix=    -1 qimg=    -1 axisH=  0.0 online=0
2026-08-11 01:19:27 up= 415.0m prev=     0 cach=     0 miss=     0 load=    0 prox=  -1% srcLag=  -1.0s shownLag=  -1.0s rss=    -1.0MB thr=  1 pools=  5 campools= 0 children=    22 items=      0 camTot=       0 camMax=      0 watch=0/0 saved=0 gcObj=   93795 qpix=    -1 qimg=    -1 axisH=  0.0 online=0
2026-08-11 01:20:27 up= 416.0m prev=     0 cach=     0 miss=     0 load=    0 prox=  -1% srcLag=  -1.0s shownLag=  -1.0s rss=    -1.0MB thr=  1 pools=  5 campools= 0 children=    22 items=      0 camTot=       0 camMax=      0 watch=0/0 saved=0 gcObj=   93823 qpix=    -1 qimg=    -1 axisH=  0.0 online=0
2026-08-11 01:21:27 up= 417.0m prev=     0 cach=     0 miss=     0 load=    0 prox=  -1% srcLag=  -1.0s shownLag=  -1.0s rss=    -1.0MB thr=  1 pools=  5 campools= 0 children=    22 items=      0 camTot=       0 camMax=      0 watch=0/0 saved=0 gcObj=   93851 qpix=    -1 qimg=    -1 axisH=  0.0 online=0
2026-08-11 01:22:27 up= 418.0m prev=     0 cach=     0 miss=     0 load=    0 prox=  -1% srcLag=  -1.0s shownLag=  -1.0s rss=    -1.0MB thr=  1 pools=  5 campools= 0 children=    22 items=      0 camTot=       0 camMax=      0 watch=0/0 saved=0 gcObj=   93879 qpix=    -1 qimg=    -1 axisH=  0.0 online=0
2026-08-11 01:23:27 up= 419.0m prev=     0 cach=     0 miss=     0 load=    0 prox=  -1% srcLag=  -1.0s shownLag=  -1.0s rss=    -1.0MB thr=  1 pools=  5 campools= 0 children=    22 items=      0 camTot=       0 camMax=      0 watch=0/0 saved=0 gcObj=   92646 qpix=    -1 qimg=    -1 axisH=  0.0 online=0
2026-08-11 01:24:27 up= 420.0m prev=     0 cach=     0 miss=     0 load=    0 prox=  -1% srcLag=  -1.0s shownLag=  -1.0s rss=    -1.0MB thr=  1 pools=  5 campools= 0 children=    22 items=      0 camTot=       0 camMax=      0 watch=0/0 saved=0 gcObj=   92674 qpix=    -1 qimg=    -1 axisH=  0.0 online=0
2026-08-11 01:25:27 up= 421.0m prev=     0 cach=     0 miss=     0 load=    0 prox=  -1% srcLag=  -1.0s shownLag=  -1.0s rss=    -1.0MB thr=  1 pools=  5 campools= 0 children=    22 items=      0 camTot=       0 camMax=      0 watch=0/0 saved=0 gcObj=   92702 qpix=    -1 qimg=    -1 axisH=  0.0 online=0
2026-08-11 01:26:27 up= 422.0m prev=     0 cach=     0 miss=     0 load=    0 prox=  -1% srcLag=  -1.0s shownLag=  -1.0s rss=    -1.0MB thr=  1 pools=  5 campools= 0 children=    22 items=      0 camTot=       0 camMax=      0 watch=0/0 saved=0 gcObj=   92730 qpix=    -1 qimg=    -1 axisH=  0.0 online=0
2026-08-11 01:27:27 up= 423.0m prev=     0 cach=     0 miss=     0 load=    0 prox=  -1% srcLag=  -1.0s shownLag=  -1.0s rss=    -1.0MB thr=  1 pools=  5 campools= 0 children=    22 items=      0 camTot=       0 camMax=      0 watch=0/0 saved=0 gcObj=   92758 qpix=    -1 qimg=    -1 axisH=  0.0 online=0
2026-08-11 01:28:27 up= 424.0m prev=     0 cach=     0 miss=     0 load=    0 prox=  -1% srcLag=  -1.0s shownLag=  -1.0s rss=    -1.0MB thr=  1 pools=  5 campools= 0 children=    22 items=      0 camTot=       0 camMax=      0 watch=0/0 saved=0 gcObj=   92786 qpix=    -1 qimg=    -1 axisH=  0.0 online=0
2026-08-11 01:29:27 up= 425.0m prev=     0 cach=     0 miss=     0 load=    0 prox=  -1% srcLag=  -1.0s shownLag=  -1.0s rss=    -1.0MB thr=  1 pools=  5 campools= 0 children=    22 items=      0 camTot=       0 camMax=      0 watch=0/0 saved=0 gcObj=   92814 qpix=    -1 qimg=    -1 axisH=  0.0 online=0
2026-08-11 01:30:27 up= 426.0m prev=     0 cach=     0 miss=     0 load=    0 prox=  -1% srcLag=  -1.0s shownLag=  -1.0s rss=    -1.0MB thr=  1 pools=  5 campools= 0 children=    22 items=      0 camTot=       0 camMax=      0 watch=0/0 saved=0 gcObj=   92842 qpix=    -1 qimg=    -1 axisH=  0.0 online=0
2026-08-11 01:31:27 up= 427.0m prev=     0 cach=     0 miss=     0 load=    0 prox=  -1% srcLag=  -1.0s shownLag=  -1.0s rss=    -1.0MB thr=  1 pools=  5 campools= 0 children=    22 items=      0 camTot=       0 camMax=      0 watch=0/0 saved=0 gcObj=   92870 qpix=    -1 qimg=    -1 axisH=  0.0 online=0
2026-08-11 01:32:27 up= 428.0m prev=     0 cach=     0 miss=     0 load=    0 prox=  -1% srcLag=  -1.0s shownLag=  -1.0s rss=    -1.0MB thr=  1 pools=  5 campools= 0 children=    22 items=      0 camTot=       0 camMax=      0 watch=0/0 saved=0 gcObj=   92898 qpix=    -1 qimg=    -1 axisH=  0.0 online=0
2026-08-11 01:33:27 up= 429.0m prev=     0 cach=     0 miss=     0 load=    0 prox=  -1% srcLag=  -1.0s shownLag=  -1.0s rss=    -1.0MB thr=  1 pools=  5 campools= 0 children=    22 items=      0 camTot=       0 camMax=      0 watch=0/0 saved=0 gcObj=   92926 qpix=    -1 qimg=    -1 axisH=  0.0 online=0
2026-08-11 01:34:27 up= 430.0m prev=     0 cach=     0 miss=     0 load=    0 prox=  -1% srcLag=  -1.0s shownLag=  -1.0s rss=    -1.0MB thr=  1 pools=  5 campools= 0 children=    22 items=      0 camTot=       0 camMax=      0 watch=0/0 saved=0 gcObj=   92954 qpix=    -1 qimg=    -1 axisH=  0.0 online=0
2026-08-11 01:35:27 up= 431.0m prev=     0 cach=     0 miss=     0 load=    0 prox=  -1% srcLag=  -1.0s shownLag=  -1.0s rss=    -1.0MB thr=  1 pools=  5 campools= 0 children=    22 items=      0 camTot=       0 camMax=      0 watch=0/0 saved=0 gcObj=   92982 qpix=    -1 qimg=    -1 axisH=  0.0 online=0
2026-08-11 01:36:27 up= 432.0m prev=     0 cach=     0 miss=     0 load=    0 prox=  -1% srcLag=  -1.0s shownLag=  -1.0s rss=    -1.0MB thr=  1 pools=  5 campools= 0 children=    22 items=      0 camTot=       0 camMax=      0 watch=0/0 saved=0 gcObj=   93010 qpix=    -1 qimg=    -1 axisH=  0.0 online=0
2026-08-11 01:37:27 up= 433.0m prev=     0 cach=     0 miss=     0 load=    0 prox=  -1% srcLag=  -1.0s shownLag=  -1.0s rss=    -1.0MB thr=  1 pools=  5 campools= 0 children=    22 items=      0 camTot=       0 camMax=      0 watch=0/0 saved=0 gcObj=   93038 qpix=    -1 qimg=    -1 axisH=  0.0 online=0
2026-08-11 01:38:27 up= 434.0m prev=     0 cach=     0 miss=     0 load=    0 prox=  -1% srcLag=  -1.0s shownLag=  -1.0s rss=    -1.0MB thr=  1 pools=  5 campools= 0 children=    22 items=      0 camTot=       0 camMax=      0 watch=0/0 saved=0 gcObj=   93066 qpix=    -1 qimg=    -1 axisH=  0.0 online=0
2026-08-11 01:39:27 up= 435.0m prev=     0 cach=     0 miss=     0 load=    0 prox=  -1% srcLag=  -1.0s shownLag=  -1.0s rss=    -1.0MB thr=  1 pools=  5 campools= 0 children=    22 items=      0 camTot=       0 camMax=      0 watch=0/0 saved=0 gcObj=   93094 qpix=    -1 qimg=    -1 axisH=  0.0 online=0
2026-08-11 01:40:27 up= 436.0m prev=     0 cach=     0 miss=     0 load=    0 prox=  -1% srcLag=  -1.0s shownLag=  -1.0s rss=    -1.0MB thr=  1 pools=  5 campools= 0 children=    22 items=      0 camTot=       0 camMax=      0 watch=0/0 saved=0 gcObj=   93122 qpix=    -1 qimg=    -1 axisH=  0.0 online=0
2026-08-11 01:41:27 up= 437.0m prev=     0 cach=     0 miss=     0 load=    0 prox=  -1% srcLag=  -1.0s shownLag=  -1.0s rss=    -1.0MB thr=  1 pools=  5 campools= 0 children=    22 items=      0 camTot=       0 camMax=      0 watch=0/0 saved=0 gcObj=   93150 qpix=    -1 qimg=    -1 axisH=  0.0 online=0
2026-08-11 01:42:27 up= 438.0m prev=     0 cach=     0 miss=     0 load=    0 prox=  -1% srcLag=  -1.0s shownLag=  -1.0s rss=    -1.0MB thr=  1 pools=  5 campools= 0 children=    22 items=      0 camTot=       0 camMax=      0 watch=0/0 saved=0 gcObj=   93178 qpix=    -1 qimg=    -1 axisH=  0.0 online=0
2026-08-11 01:43:27 up= 439.0m prev=     0 cach=     0 miss=     0 load=    0 prox=  -1% srcLag=  -1.0s shownLag=  -1.0s rss=    -1.0MB thr=  1 pools=  5 campools= 0 children=    22 items=      0 camTot=       0 camMax=      0 watch=0/0 saved=0 gcObj=   93206 qpix=    -1 qimg=    -1 axisH=  0.0 online=0
2026-08-11 01:44:27 up= 440.0m prev=     0 cach=     0 miss=     0 load=    0 prox=  -1% srcLag=  -1.0s shownLag=  -1.0s rss=    -1.0MB thr=  1 pools=  5 campools= 0 children=    22 items=      0 camTot=       0 camMax=      0 watch=0/0 saved=0 gcObj=   93234 qpix=    -1 qimg=    -1 axisH=  0.0 online=0
2026-08-11 01:45:27 up= 441.0m prev=     0 cach=     0 miss=     0 load=    0 prox=  -1% srcLag=  -1.0s shownLag=  -1.0s rss=    -1.0MB thr=  1 pools=  5 campools= 0 children=    22 items=      0 camTot=       0 camMax=      0 watch=0/0 saved=0 gcObj=   93262 qpix=    -1 qimg=    -1 axisH=  0.0 online=0
2026-08-11 01:46:27 up= 442.0m prev=     0 cach=     0 miss=     0 load=    0 prox=  -1% srcLag=  -1.0s shownLag=  -1.0s rss=    -1.0MB thr=  1 pools=  5 campools= 0 children=    22 items=      0 camTot=       0 camMax=      0 watch=0/0 saved=0 gcObj=   93290 qpix=    -1 qimg=    -1 axisH=  0.0 online=0
2026-08-11 01:47:27 up= 443.0m prev=     0 cach=     0 miss=     0 load=    0 prox=  -1% srcLag=  -1.0s shownLag=  -1.0s rss=    -1.0MB thr=  1 pools=  5 campools= 0 children=    22 items=      0 camTot=       0 camMax=      0 watch=0/0 saved=0 gcObj=   93318 qpix=    -1 qimg=    -1 axisH=  0.0 online=0
2026-08-11 01:48:27 up= 444.0m prev=     0 cach=     0 miss=     0 load=    0 prox=  -1% srcLag=  -1.0s shownLag=  -1.0s rss=    -1.0MB thr=  1 pools=  5 campools= 0 children=    22 items=      0 camTot=       0 camMax=      0 watch=0/0 saved=0 gcObj=   93346 qpix=    -1 qimg=    -1 axisH=  0.0 online=0
2026-08-11 01:49:27 up= 445.0m prev=     0 cach=     0 miss=     0 load=    0 prox=  -1% srcLag=  -1.0s shownLag=  -1.0s rss=    -1.0MB thr=  1 pools=  5 campools= 0 children=    22 items=      0 camTot=       0 camMax=      0 watch=0/0 saved=0 gcObj=   93374 qpix=    -1 qimg=    -1 axisH=  0.0 online=0
2026-08-11 01:50:27 up= 446.0m prev=     0 cach=     0 miss=     0 load=    0 prox=  -1% srcLag=  -1.0s shownLag=  -1.0s rss=    -1.0MB thr=  1 pools=  5 campools= 0 children=    22 items=      0 camTot=       0 camMax=      0 watch=0/0 saved=0 gcObj=   93402 qpix=    -1 qimg=    -1 axisH=  0.0 online=0
2026-08-11 01:51:27 up= 447.0m prev=     0 cach=     0 miss=     0 load=    0 prox=  -1% srcLag=  -1.0s shownLag=  -1.0s rss=    -1.0MB thr=  1 pools=  5 campools= 0 children=    22 items=      0 camTot=       0 camMax=      0 watch=0/0 saved=0 gcObj=   93430 qpix=    -1 qimg=    -1 axisH=  0.0 online=0
2026-08-11 01:52:27 up= 448.0m prev=     0 cach=     0 miss=     0 load=    0 prox=  -1% srcLag=  -1.0s shownLag=  -1.0s rss=    -1.0MB thr=  1 pools=  5 campools= 0 children=    22 items=      0 camTot=       0 camMax=      0 watch=0/0 saved=0 gcObj=   93458 qpix=    -1 qimg=    -1 axisH=  0.0 online=0
2026-08-11 01:53:27 up= 449.0m prev=     0 cach=     0 miss=     0 load=    0 prox=  -1% srcLag=  -1.0s shownLag=  -1.0s rss=    -1.0MB thr=  1 pools=  5 campools= 0 children=    22 items=      0 camTot=       0 camMax=      0 watch=0/0 saved=0 gcObj=   93486 qpix=    -1 qimg=    -1 axisH=  0.0 online=0
2026-08-11 01:54:27 up= 450.0m prev=     0 cach=     0 miss=     0 load=    0 prox=  -1% srcLag=  -1.0s shownLag=  -1.0s rss=    -1.0MB thr=  1 pools=  5 campools= 0 children=    22 items=      0 camTot=       0 camMax=      0 watch=0/0 saved=0 gcObj=   93514 qpix=    -1 qimg=    -1 axisH=  0.0 online=0
2026-08-11 01:55:27 up= 451.0m prev=     0 cach=     0 miss=     0 load=    0 prox=  -1% srcLag=  -1.0s shownLag=  -1.0s rss=    -1.0MB thr=  1 pools=  5 campools= 0 children=    22 items=      0 camTot=       0 camMax=      0 watch=0/0 saved=0 gcObj=   93542 qpix=    -1 qimg=    -1 axisH=  0.0 online=0
2026-08-11 01:56:27 up= 452.0m prev=     0 cach=     0 miss=     0 load=    0 prox=  -1% srcLag=  -1.0s shownLag=  -1.0s rss=    -1.0MB thr=  1 pools=  5 campools= 0 children=    22 items=      0 camTot=       0 camMax=      0 watch=0/0 saved=0 gcObj=   93570 qpix=    -1 qimg=    -1 axisH=  0.0 online=0
2026-08-11 01:57:27 up= 453.0m prev=     0 cach=     0 miss=     0 load=    0 prox=  -1% srcLag=  -1.0s shownLag=  -1.0s rss=    -1.0MB thr=  1 pools=  5 campools= 0 children=    22 items=      0 camTot=       0 camMax=      0 watch=0/0 saved=0 gcObj=   93598 qpix=    -1 qimg=    -1 axisH=  0.0 online=0
2026-08-11 01:58:27 up= 454.0m prev=     0 cach=     0 miss=     0 load=    0 prox=  -1% srcLag=  -1.0s shownLag=  -1.0s rss=    -1.0MB thr=  1 pools=  5 campools= 0 children=    22 items=      0 camTot=       0 camMax=      0 watch=0/0 saved=0 gcObj=   93626 qpix=    -1 qimg=    -1 axisH=  0.0 online=0
2026-08-11 01:59:27 up= 455.0m prev=     0 cach=     0 miss=     0 load=    0 prox=  -1% srcLag=  -1.0s shownLag=  -1.0s rss=    -1.0MB thr=  1 pools=  5 campools= 0 children=    22 items=      0 camTot=       0 camMax=      0 watch=0/0 saved=0 gcObj=   93654 qpix=    -1 qimg=    -1 axisH=  0.0 online=0
2026-08-11 02:00:27 up= 456.0m prev=     0 cach=     0 miss=     0 load=    0 prox=  -1% srcLag=  -1.0s shownLag=  -1.0s rss=    -1.0MB thr=  1 pools=  5 campools= 0 children=    22 items=      0 camTot=       0 camMax=      0 watch=0/0 saved=0 gcObj=   93682 qpix=    -1 qimg=    -1 axisH=  0.0 online=0
2026-08-11 02:01:27 up= 457.0m prev=     0 cach=     0 miss=     0 load=    0 prox=  -1% srcLag=  -1.0s shownLag=  -1.0s rss=    -1.0MB thr=  1 pools=  5 campools= 0 children=    22 items=      0 camTot=       0 camMax=      0 watch=0/0 saved=0 gcObj=   93710 qpix=    -1 qimg=    -1 axisH=  0.0 online=0
2026-08-11 02:02:27 up= 458.0m prev=     0 cach=     0 miss=     0 load=    0 prox=  -1% srcLag=  -1.0s shownLag=  -1.0s rss=    -1.0MB thr=  1 pools=  5 campools= 0 children=    22 items=      0 camTot=       0 camMax=      0 watch=0/0 saved=0 gcObj=   93738 qpix=    -1 qimg=    -1 axisH=  0.0 online=0
2026-08-11 02:03:27 up= 459.0m prev=     0 cach=     0 miss=     0 load=    0 prox=  -1% srcLag=  -1.0s shownLag=  -1.0s rss=    -1.0MB thr=  1 pools=  5 campools= 0 children=    22 items=      0 camTot=       0 camMax=      0 watch=0/0 saved=0 gcObj=   93766 qpix=    -1 qimg=    -1 axisH=  0.0 online=0
2026-08-11 02:04:27 up= 460.0m prev=     0 cach=     0 miss=     0 load=    0 prox=  -1% srcLag=  -1.0s shownLag=  -1.0s rss=    -1.0MB thr=  1 pools=  5 campools= 0 children=    22 items=      0 camTot=       0 camMax=      0 watch=0/0 saved=0 gcObj=   93794 qpix=    -1 qimg=    -1 axisH=  0.0 online=0
2026-08-11 02:05:27 up= 461.0m prev=     0 cach=     0 miss=     0 load=    0 prox=  -1% srcLag=  -1.0s shownLag=  -1.0s rss=    -1.0MB thr=  1 pools=  5 campools= 0 children=    22 items=      0 camTot=       0 camMax=      0 watch=0/0 saved=0 gcObj=   93822 qpix=    -1 qimg=    -1 axisH=  0.0 online=0
2026-08-11 02:06:27 up= 462.0m prev=     0 cach=     0 miss=     0 load=    0 prox=  -1% srcLag=  -1.0s shownLag=  -1.0s rss=    -1.0MB thr=  1 pools=  5 campools= 0 children=    22 items=      0 camTot=       0 camMax=      0 watch=0/0 saved=0 gcObj=   93850 qpix=    -1 qimg=    -1 axisH=  0.0 online=0
2026-08-11 02:07:27 up= 463.0m prev=     0 cach=     0 miss=     0 load=    0 prox=  -1% srcLag=  -1.0s shownLag=  -1.0s rss=    -1.0MB thr=  1 pools=  5 campools= 0 children=    22 items=      0 camTot=       0 camMax=      0 watch=0/0 saved=0 gcObj=   93878 qpix=    -1 qimg=    -1 axisH=  0.0 online=0
2026-08-11 02:08:27 up= 464.0m prev=     0 cach=     0 miss=     0 load=    0 prox=  -1% srcLag=  -1.0s shownLag=  -1.0s rss=    -1.0MB thr=  1 pools=  5 campools= 0 children=    22 items=      0 camTot=       0 camMax=      0 watch=0/0 saved=0 gcObj=   92645 qpix=    -1 qimg=    -1 axisH=  0.0 online=0
2026-08-11 02:09:27 up= 465.0m prev=     0 cach=     0 miss=     0 load=    0 prox=  -1% srcLag=  -1.0s shownLag=  -1.0s rss=    -1.0MB thr=  1 pools=  5 campools= 0 children=    22 items=      0 camTot=       0 camMax=      0 watch=0/0 saved=0 gcObj=   92673 qpix=    -1 qimg=    -1 axisH=  0.0 online=0
2026-08-11 02:10:27 up= 466.0m prev=     0 cach=     0 miss=     0 load=    0 prox=  -1% srcLag=  -1.0s shownLag=  -1.0s rss=    -1.0MB thr=  1 pools=  5 campools= 0 children=    22 items=      0 camTot=       0 camMax=      0 watch=0/0 saved=0 gcObj=   92701 qpix=    -1 qimg=    -1 axisH=  0.0 online=0
2026-08-11 02:11:27 up= 467.0m prev=     0 cach=     0 miss=     0 load=    0 prox=  -1% srcLag=  -1.0s shownLag=  -1.0s rss=    -1.0MB thr=  1 pools=  5 campools= 0 children=    22 items=      0 camTot=       0 camMax=      0 watch=0/0 saved=0 gcObj=   92729 qpix=    -1 qimg=    -1 axisH=  0.0 online=0
2026-08-11 02:12:27 up= 468.0m prev=     0 cach=     0 miss=     0 load=    0 prox=  -1% srcLag=  -1.0s shownLag=  -1.0s rss=    -1.0MB thr=  1 pools=  5 campools= 0 children=    22 items=      0 camTot=       0 camMax=      0 watch=0/0 saved=0 gcObj=   92757 qpix=    -1 qimg=    -1 axisH=  0.0 online=0
2026-08-11 02:13:27 up= 469.0m prev=     0 cach=     0 miss=     0 load=    0 prox=  -1% srcLag=  -1.0s shownLag=  -1.0s rss=    -1.0MB thr=  1 pools=  5 campools= 0 children=    22 items=      0 camTot=       0 camMax=      0 watch=0/0 saved=0 gcObj=   92785 qpix=    -1 qimg=    -1 axisH=  0.0 online=0
2026-08-11 02:14:27 up= 470.0m prev=     0 cach=     0 miss=     0 load=    0 prox=  -1% srcLag=  -1.0s shownLag=  -1.0s rss=    -1.0MB thr=  1 pools=  5 campools= 0 children=    22 items=      0 camTot=       0 camMax=      0 watch=0/0 saved=0 gcObj=   92813 qpix=    -1 qimg=    -1 axisH=  0.0 online=0
2026-08-11 02:15:27 up= 471.0m prev=     0 cach=     0 miss=     0 load=    0 prox=  -1% srcLag=  -1.0s shownLag=  -1.0s rss=    -1.0MB thr=  1 pools=  5 campools= 0 children=    22 items=      0 camTot=       0 camMax=      0 watch=0/0 saved=0 gcObj=   92841 qpix=    -1 qimg=    -1 axisH=  0.0 online=0
2026-08-11 02:16:27 up= 472.0m prev=     0 cach=     0 miss=     0 load=    0 prox=  -1% srcLag=  -1.0s shownLag=  -1.0s rss=    -1.0MB thr=  1 pools=  5 campools= 0 children=    22 items=      0 camTot=       0 camMax=      0 watch=0/0 saved=0 gcObj=   92869 qpix=    -1 qimg=    -1 axisH=  0.0 online=0
2026-08-11 02:17:27 up= 473.0m prev=     0 cach=     0 miss=     0 load=    0 prox=  -1% srcLag=  -1.0s shownLag=  -1.0s rss=    -1.0MB thr=  1 pools=  5 campools= 0 children=    22 items=      0 camTot=       0 camMax=      0 watch=0/0 saved=0 gcObj=   92897 qpix=    -1 qimg=    -1 axisH=  0.0 online=0
2026-08-11 02:18:27 up= 474.0m prev=     0 cach=     0 miss=     0 load=    0 prox=  -1% srcLag=  -1.0s shownLag=  -1.0s rss=    -1.0MB thr=  1 pools=  5 campools= 0 children=    22 items=      0 camTot=       0 camMax=      0 watch=0/0 saved=0 gcObj=   92925 qpix=    -1 qimg=    -1 axisH=  0.0 online=0
2026-08-11 02:19:27 up= 475.0m prev=     0 cach=     0 miss=     0 load=    0 prox=  -1% srcLag=  -1.0s shownLag=  -1.0s rss=    -1.0MB thr=  1 pools=  5 campools= 0 children=    22 items=      0 camTot=       0 camMax=      0 watch=0/0 saved=0 gcObj=   92953 qpix=    -1 qimg=    -1 axisH=  0.0 online=0
2026-08-11 02:20:27 up= 476.0m prev=     0 cach=     0 miss=     0 load=    0 prox=  -1% srcLag=  -1.0s shownLag=  -1.0s rss=    -1.0MB thr=  1 pools=  5 campools= 0 children=    22 items=      0 camTot=       0 camMax=      0 watch=0/0 saved=0 gcObj=   92981 qpix=    -1 qimg=    -1 axisH=  0.0 online=0
2026-08-11 02:21:27 up= 477.0m prev=     0 cach=     0 miss=     0 load=    0 prox=  -1% srcLag=  -1.0s shownLag=  -1.0s rss=    -1.0MB thr=  1 pools=  5 campools= 0 children=    22 items=      0 camTot=       0 camMax=      0 watch=0/0 saved=0 gcObj=   93009 qpix=    -1 qimg=    -1 axisH=  0.0 online=0
2026-08-11 02:22:27 up= 478.0m prev=     0 cach=     0 miss=     0 load=    0 prox=  -1% srcLag=  -1.0s shownLag=  -1.0s rss=    -1.0MB thr=  1 pools=  5 campools= 0 children=    22 items=      0 camTot=       0 camMax=      0 watch=0/0 saved=0 gcObj=   93037 qpix=    -1 qimg=    -1 axisH=  0.0 online=0
2026-08-11 02:23:27 up= 479.0m prev=     0 cach=     0 miss=     0 load=    0 prox=  -1% srcLag=  -1.0s shownLag=  -1.0s rss=    -1.0MB thr=  1 pools=  5 campools= 0 children=    22 items=      0 camTot=       0 camMax=      0 watch=0/0 saved=0 gcObj=   93065 qpix=    -1 qimg=    -1 axisH=  0.0 online=0
2026-08-11 02:24:27 up= 480.0m prev=     0 cach=     0 miss=     0 load=    0 prox=  -1% srcLag=  -1.0s shownLag=  -1.0s rss=    -1.0MB thr=  1 pools=  5 campools= 0 children=    22 items=      0 camTot=       0 camMax=      0 watch=0/0 saved=0 gcObj=   93093 qpix=    -1 qimg=    -1 axisH=  0.0 online=0
2026-08-11 02:25:27 up= 481.0m prev=     0 cach=     0 miss=     0 load=    0 prox=  -1% srcLag=  -1.0s shownLag=  -1.0s rss=    -1.0MB thr=  1 pools=  5 campools= 0 children=    22 items=      0 camTot=       0 camMax=      0 watch=0/0 saved=0 gcObj=   93121 qpix=    -1 qimg=    -1 axisH=  0.0 online=0
2026-08-11 02:26:27 up= 482.0m prev=     0 cach=     0 miss=     0 load=    0 prox=  -1% srcLag=  -1.0s shownLag=  -1.0s rss=    -1.0MB thr=  1 pools=  5 campools= 0 children=    22 items=      0 camTot=       0 camMax=      0 watch=0/0 saved=0 gcObj=   93149 qpix=    -1 qimg=    -1 axisH=  0.0 online=0
2026-08-11 02:27:27 up= 483.0m prev=     0 cach=     0 miss=     0 load=    0 prox=  -1% srcLag=  -1.0s shownLag=  -1.0s rss=    -1.0MB thr=  1 pools=  5 campools= 0 children=    22 items=      0 camTot=       0 camMax=      0 watch=0/0 saved=0 gcObj=   93177 qpix=    -1 qimg=    -1 axisH=  0.0 online=0
2026-08-11 02:28:27 up= 484.0m prev=     0 cach=     0 miss=     0 load=    0 prox=  -1% srcLag=  -1.0s shownLag=  -1.0s rss=    -1.0MB thr=  1 pools=  5 campools= 0 children=    22 items=      0 camTot=       0 camMax=      0 watch=0/0 saved=0 gcObj=   93205 qpix=    -1 qimg=    -1 axisH=  0.0 online=0
2026-08-11 02:29:27 up= 485.0m prev=     0 cach=     0 miss=     0 load=    0 prox=  -1% srcLag=  -1.0s shownLag=  -1.0s rss=    -1.0MB thr=  1 pools=  5 campools= 0 children=    22 items=      0 camTot=       0 camMax=      0 watch=0/0 saved=0 gcObj=   93233 qpix=    -1 qimg=    -1 axisH=  0.0 online=0
2026-08-11 02:30:27 up= 486.0m prev=     0 cach=     0 miss=     0 load=    0 prox=  -1% srcLag=  -1.0s shownLag=  -1.0s rss=    -1.0MB thr=  1 pools=  5 campools= 0 children=    22 items=      0 camTot=       0 camMax=      0 watch=0/0 saved=0 gcObj=   93261 qpix=    -1 qimg=    -1 axisH=  0.0 online=0
2026-08-11 02:31:27 up= 487.0m prev=     0 cach=     0 miss=     0 load=    0 prox=  -1% srcLag=  -1.0s shownLag=  -1.0s rss=    -1.0MB thr=  1 pools=  5 campools= 0 children=    22 items=      0 camTot=       0 camMax=      0 watch=0/0 saved=0 gcObj=   93289 qpix=    -1 qimg=    -1 axisH=  0.0 online=0
2026-08-11 02:32:27 up= 488.0m prev=     0 cach=     0 miss=     0 load=    0 prox=  -1% srcLag=  -1.0s shownLag=  -1.0s rss=    -1.0MB thr=  1 pools=  5 campools= 0 children=    22 items=      0 camTot=       0 camMax=      0 watch=0/0 saved=0 gcObj=   93317 qpix=    -1 qimg=    -1 axisH=  0.0 online=0
2026-08-11 02:33:27 up= 489.0m prev=     0 cach=     0 miss=     0 load=    0 prox=  -1% srcLag=  -1.0s shownLag=  -1.0s rss=    -1.0MB thr=  1 pools=  5 campools= 0 children=    22 items=      0 camTot=       0 camMax=      0 watch=0/0 saved=0 gcObj=   93345 qpix=    -1 qimg=    -1 axisH=  0.0 online=0
2026-08-11 02:34:27 up= 490.0m prev=     0 cach=     0 miss=     0 load=    0 prox=  -1% srcLag=  -1.0s shownLag=  -1.0s rss=    -1.0MB thr=  1 pools=  5 campools= 0 children=    22 items=      0 camTot=       0 camMax=      0 watch=0/0 saved=0 gcObj=   93373 qpix=    -1 qimg=    -1 axisH=  0.0 online=0
2026-08-11 02:35:27 up= 491.0m prev=     0 cach=     0 miss=     0 load=    0 prox=  -1% srcLag=  -1.0s shownLag=  -1.0s rss=    -1.0MB thr=  1 pools=  5 campools= 0 children=    22 items=      0 camTot=       0 camMax=      0 watch=0/0 saved=0 gcObj=   93401 qpix=    -1 qimg=    -1 axisH=  0.0 online=0
2026-08-11 02:36:27 up= 492.0m prev=     0 cach=     0 miss=     0 load=    0 prox=  -1% srcLag=  -1.0s shownLag=  -1.0s rss=    -1.0MB thr=  1 pools=  5 campools= 0 children=    22 items=      0 camTot=       0 camMax=      0 watch=0/0 saved=0 gcObj=   93429 qpix=    -1 qimg=    -1 axisH=  0.0 online=0
2026-08-11 02:37:27 up= 493.0m prev=     0 cach=     0 miss=     0 load=    0 prox=  -1% srcLag=  -1.0s shownLag=  -1.0s rss=    -1.0MB thr=  1 pools=  5 campools= 0 children=    22 items=      0 camTot=       0 camMax=      0 watch=0/0 saved=0 gcObj=   93457 qpix=    -1 qimg=    -1 axisH=  0.0 online=0
2026-08-11 02:38:27 up= 494.0m prev=     0 cach=     0 miss=     0 load=    0 prox=  -1% srcLag=  -1.0s shownLag=  -1.0s rss=    -1.0MB thr=  1 pools=  5 campools= 0 children=    22 items=      0 camTot=       0 camMax=      0 watch=0/0 saved=0 gcObj=   93485 qpix=    -1 qimg=    -1 axisH=  0.0 online=0
2026-08-11 02:39:27 up= 495.0m prev=     0 cach=     0 miss=     0 load=    0 prox=  -1% srcLag=  -1.0s shownLag=  -1.0s rss=    -1.0MB thr=  1 pools=  5 campools= 0 children=    22 items=      0 camTot=       0 camMax=      0 watch=0/0 saved=0 gcObj=   93513 qpix=    -1 qimg=    -1 axisH=  0.0 online=0
2026-08-11 02:40:27 up= 496.0m prev=     0 cach=     0 miss=     0 load=    0 prox=  -1% srcLag=  -1.0s shownLag=  -1.0s rss=    -1.0MB thr=  1 pools=  5 campools= 0 children=    22 items=      0 camTot=       0 camMax=      0 watch=0/0 saved=0 gcObj=   93541 qpix=    -1 qimg=    -1 axisH=  0.0 online=0
2026-08-11 02:41:27 up= 497.0m prev=     0 cach=     0 miss=     0 load=    0 prox=  -1% srcLag=  -1.0s shownLag=  -1.0s rss=    -1.0MB thr=  1 pools=  5 campools= 0 children=    22 items=      0 camTot=       0 camMax=      0 watch=0/0 saved=0 gcObj=   93569 qpix=    -1 qimg=    -1 axisH=  0.0 online=0
2026-08-11 02:42:27 up= 498.0m prev=     0 cach=     0 miss=     0 load=    0 prox=  -1% srcLag=  -1.0s shownLag=  -1.0s rss=    -1.0MB thr=  1 pools=  5 campools= 0 children=    22 items=      0 camTot=       0 camMax=      0 watch=0/0 saved=0 gcObj=   93597 qpix=    -1 qimg=    -1 axisH=  0.0 online=0
2026-08-11 02:43:27 up= 499.0m prev=     0 cach=     0 miss=     0 load=    0 prox=  -1% srcLag=  -1.0s shownLag=  -1.0s rss=    -1.0MB thr=  1 pools=  5 campools= 0 children=    22 items=      0 camTot=       0 camMax=      0 watch=0/0 saved=0 gcObj=   93625 qpix=    -1 qimg=    -1 axisH=  0.0 online=0
2026-08-11 02:44:27 up= 500.0m prev=     0 cach=     0 miss=     0 load=    0 prox=  -1% srcLag=  -1.0s shownLag=  -1.0s rss=    -1.0MB thr=  1 pools=  5 campools= 0 children=    22 items=      0 camTot=       0 camMax=      0 watch=0/0 saved=0 gcObj=   93653 qpix=    -1 qimg=    -1 axisH=  0.0 online=0
2026-08-11 02:45:27 up= 501.0m prev=     0 cach=     0 miss=     0 load=    0 prox=  -1% srcLag=  -1.0s shownLag=  -1.0s rss=    -1.0MB thr=  1 pools=  5 campools= 0 children=    22 items=      0 camTot=       0 camMax=      0 watch=0/0 saved=0 gcObj=   93681 qpix=    -1 qimg=    -1 axisH=  0.0 online=0
2026-08-11 02:46:27 up= 502.0m prev=     0 cach=     0 miss=     0 load=    0 prox=  -1% srcLag=  -1.0s shownLag=  -1.0s rss=    -1.0MB thr=  1 pools=  5 campools= 0 children=    22 items=      0 camTot=       0 camMax=      0 watch=0/0 saved=0 gcObj=   93709 qpix=    -1 qimg=    -1 axisH=  0.0 online=0
2026-08-11 02:47:27 up= 503.0m prev=     0 cach=     0 miss=     0 load=    0 prox=  -1% srcLag=  -1.0s shownLag=  -1.0s rss=    -1.0MB thr=  1 pools=  5 campools= 0 children=    22 items=      0 camTot=       0 camMax=      0 watch=0/0 saved=0 gcObj=   93737 qpix=    -1 qimg=    -1 axisH=  0.0 online=0
2026-08-11 02:48:27 up= 504.0m prev=     0 cach=     0 miss=     0 load=    0 prox=  -1% srcLag=  -1.0s shownLag=  -1.0s rss=    -1.0MB thr=  1 pools=  5 campools= 0 children=    22 items=      0 camTot=       0 camMax=      0 watch=0/0 saved=0 gcObj=   93765 qpix=    -1 qimg=    -1 axisH=  0.0 online=0
2026-08-11 02:49:27 up= 505.0m prev=     0 cach=     0 miss=     0 load=    0 prox=  -1% srcLag=  -1.0s shownLag=  -1.0s rss=    -1.0MB thr=  1 pools=  5 campools= 0 children=    22 items=      0 camTot=       0 camMax=      0 watch=0/0 saved=0 gcObj=   93793 qpix=    -1 qimg=    -1 axisH=  0.0 online=0
2026-08-11 02:50:27 up= 506.0m prev=     0 cach=     0 miss=     0 load=    0 prox=  -1% srcLag=  -1.0s shownLag=  -1.0s rss=    -1.0MB thr=  1 pools=  5 campools= 0 children=    22 items=      0 camTot=       0 camMax=      0 watch=0/0 saved=0 gcObj=   93821 qpix=    -1 qimg=    -1 axisH=  0.0 online=0
2026-08-11 02:51:27 up= 507.0m prev=     0 cach=     0 miss=     0 load=    0 prox=  -1% srcLag=  -1.0s shownLag=  -1.0s rss=    -1.0MB thr=  1 pools=  5 campools= 0 children=    22 items=      0 camTot=       0 camMax=      0 watch=0/0 saved=0 gcObj=   93849 qpix=    -1 qimg=    -1 axisH=  0.0 online=0
2026-08-11 02:52:27 up= 508.0m prev=     0 cach=     0 miss=     0 load=    0 prox=  -1% srcLag=  -1.0s shownLag=  -1.0s rss=    -1.0MB thr=  1 pools=  5 campools= 0 children=    22 items=      0 camTot=       0 camMax=      0 watch=0/0 saved=0 gcObj=   93877 qpix=    -1 qimg=    -1 axisH=  0.0 online=0
2026-08-11 02:53:27 up= 509.0m prev=     0 cach=     0 miss=     0 load=    0 prox=  -1% srcLag=  -1.0s shownLag=  -1.0s rss=    -1.0MB thr=  1 pools=  5 campools= 0 children=    22 items=      0 camTot=       0 camMax=      0 watch=0/0 saved=0 gcObj=   93905 qpix=    -1 qimg=    -1 axisH=  0.0 online=0
2026-08-11 02:54:27 up= 510.0m prev=     0 cach=     0 miss=     0 load=    0 prox=  -1% srcLag=  -1.0s shownLag=  -1.0s rss=    -1.0MB thr=  1 pools=  5 campools= 0 children=    22 items=      0 camTot=       0 camMax=      0 watch=0/0 saved=0 gcObj=   92672 qpix=    -1 qimg=    -1 axisH=  0.0 online=0
2026-08-11 02:55:27 up= 511.0m prev=     0 cach=     0 miss=     0 load=    0 prox=  -1% srcLag=  -1.0s shownLag=  -1.0s rss=    -1.0MB thr=  1 pools=  5 campools= 0 children=    22 items=      0 camTot=       0 camMax=      0 watch=0/0 saved=0 gcObj=   92700 qpix=    -1 qimg=    -1 axisH=  0.0 online=0
2026-08-11 02:56:27 up= 512.0m prev=     0 cach=     0 miss=     0 load=    0 prox=  -1% srcLag=  -1.0s shownLag=  -1.0s rss=    -1.0MB thr=  1 pools=  5 campools= 0 children=    22 items=      0 camTot=       0 camMax=      0 watch=0/0 saved=0 gcObj=   92728 qpix=    -1 qimg=    -1 axisH=  0.0 online=0
2026-08-11 02:57:27 up= 513.0m prev=     0 cach=     0 miss=     0 load=    0 prox=  -1% srcLag=  -1.0s shownLag=  -1.0s rss=    -1.0MB thr=  1 pools=  5 campools= 0 children=    22 items=      0 camTot=       0 camMax=      0 watch=0/0 saved=0 gcObj=   92756 qpix=    -1 qimg=    -1 axisH=  0.0 online=0
2026-08-11 02:58:27 up= 514.0m prev=     0 cach=     0 miss=     0 load=    0 prox=  -1% srcLag=  -1.0s shownLag=  -1.0s rss=    -1.0MB thr=  1 pools=  5 campools= 0 children=    22 items=      0 camTot=       0 camMax=      0 watch=0/0 saved=0 gcObj=   92784 qpix=    -1 qimg=    -1 axisH=  0.0 online=0
2026-08-11 02:59:27 up= 515.0m prev=     0 cach=     0 miss=     0 load=    0 prox=  -1% srcLag=  -1.0s shownLag=  -1.0s rss=    -1.0MB thr=  1 pools=  5 campools= 0 children=    22 items=      0 camTot=       0 camMax=      0 watch=0/0 saved=0 gcObj=   92812 qpix=    -1 qimg=    -1 axisH=  0.0 online=0
2026-08-11 03:00:27 up= 516.0m prev=     0 cach=     0 miss=     0 load=    0 prox=  -1% srcLag=  -1.0s shownLag=  -1.0s rss=    -1.0MB thr=  1 pools=  5 campools= 0 children=    22 items=      0 camTot=       0 camMax=      0 watch=0/0 saved=0 gcObj=   92840 qpix=    -1 qimg=    -1 axisH=  0.0 online=0
2026-08-11 03:01:27 up= 517.0m prev=     0 cach=     0 miss=     0 load=    0 prox=  -1% srcLag=  -1.0s shownLag=  -1.0s rss=    -1.0MB thr=  1 pools=  5 campools= 0 children=    22 items=      0 camTot=       0 camMax=      0 watch=0/0 saved=0 gcObj=   92868 qpix=    -1 qimg=    -1 axisH=  0.0 online=0
2026-08-11 03:02:27 up= 518.0m prev=     0 cach=     0 miss=     0 load=    0 prox=  -1% srcLag=  -1.0s shownLag=  -1.0s rss=    -1.0MB thr=  1 pools=  5 campools= 0 children=    22 items=      0 camTot=       0 camMax=      0 watch=0/0 saved=0 gcObj=   92896 qpix=    -1 qimg=    -1 axisH=  0.0 online=0
2026-08-11 03:03:27 up= 519.0m prev=     0 cach=     0 miss=     0 load=    0 prox=  -1% srcLag=  -1.0s shownLag=  -1.0s rss=    -1.0MB thr=  1 pools=  5 campools= 0 children=    22 items=      0 camTot=       0 camMax=      0 watch=0/0 saved=0 gcObj=   92924 qpix=    -1 qimg=    -1 axisH=  0.0 online=0
2026-08-11 03:04:27 up= 520.0m prev=     0 cach=     0 miss=     0 load=    0 prox=  -1% srcLag=  -1.0s shownLag=  -1.0s rss=    -1.0MB thr=  1 pools=  5 campools= 0 children=    22 items=      0 camTot=       0 camMax=      0 watch=0/0 saved=0 gcObj=   92952 qpix=    -1 qimg=    -1 axisH=  0.0 online=0
2026-08-11 03:05:27 up= 521.0m prev=     0 cach=     0 miss=     0 load=    0 prox=  -1% srcLag=  -1.0s shownLag=  -1.0s rss=    -1.0MB thr=  1 pools=  5 campools= 0 children=    22 items=      0 camTot=       0 camMax=      0 watch=0/0 saved=0 gcObj=   92980 qpix=    -1 qimg=    -1 axisH=  0.0 online=0
2026-08-11 03:06:27 up= 522.0m prev=     0 cach=     0 miss=     0 load=    0 prox=  -1% srcLag=  -1.0s shownLag=  -1.0s rss=    -1.0MB thr=  1 pools=  5 campools= 0 children=    22 items=      0 camTot=       0 camMax=      0 watch=0/0 saved=0 gcObj=   93008 qpix=    -1 qimg=    -1 axisH=  0.0 online=0
2026-08-11 03:07:27 up= 523.0m prev=     0 cach=     0 miss=     0 load=    0 prox=  -1% srcLag=  -1.0s shownLag=  -1.0s rss=    -1.0MB thr=  1 pools=  5 campools= 0 children=    22 items=      0 camTot=       0 camMax=      0 watch=0/0 saved=0 gcObj=   93036 qpix=    -1 qimg=    -1 axisH=  0.0 online=0
2026-08-11 03:08:27 up= 524.0m prev=     0 cach=     0 miss=     0 load=    0 prox=  -1% srcLag=  -1.0s shownLag=  -1.0s rss=    -1.0MB thr=  1 pools=  5 campools= 0 children=    22 items=      0 camTot=       0 camMax=      0 watch=0/0 saved=0 gcObj=   93064 qpix=    -1 qimg=    -1 axisH=  0.0 online=0
2026-08-11 03:09:27 up= 525.0m prev=     0 cach=     0 miss=     0 load=    0 prox=  -1% srcLag=  -1.0s shownLag=  -1.0s rss=    -1.0MB thr=  1 pools=  5 campools= 0 children=    22 items=      0 camTot=       0 camMax=      0 watch=0/0 saved=0 gcObj=   93092 qpix=    -1 qimg=    -1 axisH=  0.0 online=0
2026-08-11 03:10:27 up= 526.0m prev=     0 cach=     0 miss=     0 load=    0 prox=  -1% srcLag=  -1.0s shownLag=  -1.0s rss=    -1.0MB thr=  1 pools=  5 campools= 0 children=    22 items=      0 camTot=       0 camMax=      0 watch=0/0 saved=0 gcObj=   93120 qpix=    -1 qimg=    -1 axisH=  0.0 online=0
2026-08-11 03:11:27 up= 527.0m prev=     0 cach=     0 miss=     0 load=    0 prox=  -1% srcLag=  -1.0s shownLag=  -1.0s rss=    -1.0MB thr=  1 pools=  5 campools= 0 children=    22 items=      0 camTot=       0 camMax=      0 watch=0/0 saved=0 gcObj=   93148 qpix=    -1 qimg=    -1 axisH=  0.0 online=0
2026-08-11 03:12:27 up= 528.0m prev=     0 cach=     0 miss=     0 load=    0 prox=  -1% srcLag=  -1.0s shownLag=  -1.0s rss=    -1.0MB thr=  1 pools=  5 campools= 0 children=    22 items=      0 camTot=       0 camMax=      0 watch=0/0 saved=0 gcObj=   93176 qpix=    -1 qimg=    -1 axisH=  0.0 online=0
2026-08-11 03:13:27 up= 529.0m prev=     0 cach=     0 miss=     0 load=    0 prox=  -1% srcLag=  -1.0s shownLag=  -1.0s rss=    -1.0MB thr=  1 pools=  5 campools= 0 children=    22 items=      0 camTot=       0 camMax=      0 watch=0/0 saved=0 gcObj=   93204 qpix=    -1 qimg=    -1 axisH=  0.0 online=0
2026-08-11 03:14:27 up= 530.0m prev=     0 cach=     0 miss=     0 load=    0 prox=  -1% srcLag=  -1.0s shownLag=  -1.0s rss=    -1.0MB thr=  1 pools=  5 campools= 0 children=    22 items=      0 camTot=       0 camMax=      0 watch=0/0 saved=0 gcObj=   93232 qpix=    -1 qimg=    -1 axisH=  0.0 online=0
2026-08-11 03:15:27 up= 531.0m prev=     0 cach=     0 miss=     0 load=    0 prox=  -1% srcLag=  -1.0s shownLag=  -1.0s rss=    -1.0MB thr=  1 pools=  5 campools= 0 children=    22 items=      0 camTot=       0 camMax=      0 watch=0/0 saved=0 gcObj=   93260 qpix=    -1 qimg=    -1 axisH=  0.0 online=0
2026-08-11 03:16:27 up= 532.0m prev=     0 cach=     0 miss=     0 load=    0 prox=  -1% srcLag=  -1.0s shownLag=  -1.0s rss=    -1.0MB thr=  1 pools=  5 campools= 0 children=    22 items=      0 camTot=       0 camMax=      0 watch=0/0 saved=0 gcObj=   93288 qpix=    -1 qimg=    -1 axisH=  0.0 online=0
2026-08-11 03:17:27 up= 533.0m prev=     0 cach=     0 miss=     0 load=    0 prox=  -1% srcLag=  -1.0s shownLag=  -1.0s rss=    -1.0MB thr=  1 pools=  5 campools= 0 children=    22 items=      0 camTot=       0 camMax=      0 watch=0/0 saved=0 gcObj=   93316 qpix=    -1 qimg=    -1 axisH=  0.0 online=0
2026-08-11 03:18:27 up= 534.0m prev=     0 cach=     0 miss=     0 load=    0 prox=  -1% srcLag=  -1.0s shownLag=  -1.0s rss=    -1.0MB thr=  1 pools=  5 campools= 0 children=    22 items=      0 camTot=       0 camMax=      0 watch=0/0 saved=0 gcObj=   93344 qpix=    -1 qimg=    -1 axisH=  0.0 online=0
2026-08-11 03:19:27 up= 535.0m prev=     0 cach=     0 miss=     0 load=    0 prox=  -1% srcLag=  -1.0s shownLag=  -1.0s rss=    -1.0MB thr=  1 pools=  5 campools= 0 children=    22 items=      0 camTot=       0 camMax=      0 watch=0/0 saved=0 gcObj=   93372 qpix=    -1 qimg=    -1 axisH=  0.0 online=0
2026-08-11 03:20:27 up= 536.0m prev=     0 cach=     0 miss=     0 load=    0 prox=  -1% srcLag=  -1.0s shownLag=  -1.0s rss=    -1.0MB thr=  1 pools=  5 campools= 0 children=    22 items=      0 camTot=       0 camMax=      0 watch=0/0 saved=0 gcObj=   93400 qpix=    -1 qimg=    -1 axisH=  0.0 online=0
2026-08-11 03:21:27 up= 537.0m prev=     0 cach=     0 miss=     0 load=    0 prox=  -1% srcLag=  -1.0s shownLag=  -1.0s rss=    -1.0MB thr=  1 pools=  5 campools= 0 children=    22 items=      0 camTot=       0 camMax=      0 watch=0/0 saved=0 gcObj=   93428 qpix=    -1 qimg=    -1 axisH=  0.0 online=0
2026-08-11 03:22:27 up= 538.0m prev=     0 cach=     0 miss=     0 load=    0 prox=  -1% srcLag=  -1.0s shownLag=  -1.0s rss=    -1.0MB thr=  1 pools=  5 campools= 0 children=    22 items=      0 camTot=       0 camMax=      0 watch=0/0 saved=0 gcObj=   93456 qpix=    -1 qimg=    -1 axisH=  0.0 online=0
2026-08-11 03:23:27 up= 539.0m prev=     0 cach=     0 miss=     0 load=    0 prox=  -1% srcLag=  -1.0s shownLag=  -1.0s rss=    -1.0MB thr=  1 pools=  5 campools= 0 children=    22 items=      0 camTot=       0 camMax=      0 watch=0/0 saved=0 gcObj=   93484 qpix=    -1 qimg=    -1 axisH=  0.0 online=0
2026-08-11 03:24:27 up= 540.0m prev=     0 cach=     0 miss=     0 load=    0 prox=  -1% srcLag=  -1.0s shownLag=  -1.0s rss=    -1.0MB thr=  1 pools=  5 campools= 0 children=    22 items=      0 camTot=       0 camMax=      0 watch=0/0 saved=0 gcObj=   93512 qpix=    -1 qimg=    -1 axisH=  0.0 online=0
2026-08-11 03:25:27 up= 541.0m prev=     0 cach=     0 miss=     0 load=    0 prox=  -1% srcLag=  -1.0s shownLag=  -1.0s rss=    -1.0MB thr=  1 pools=  5 campools= 0 children=    22 items=      0 camTot=       0 camMax=      0 watch=0/0 saved=0 gcObj=   93540 qpix=    -1 qimg=    -1 axisH=  0.0 online=0
2026-08-11 03:26:27 up= 542.0m prev=     0 cach=     0 miss=     0 load=    0 prox=  -1% srcLag=  -1.0s shownLag=  -1.0s rss=    -1.0MB thr=  1 pools=  5 campools= 0 children=    22 items=      0 camTot=       0 camMax=      0 watch=0/0 saved=0 gcObj=   93568 qpix=    -1 qimg=    -1 axisH=  0.0 online=0
2026-08-11 03:27:27 up= 543.0m prev=     0 cach=     0 miss=     0 load=    0 prox=  -1% srcLag=  -1.0s shownLag=  -1.0s rss=    -1.0MB thr=  1 pools=  5 campools= 0 children=    22 items=      0 camTot=       0 camMax=      0 watch=0/0 saved=0 gcObj=   93596 qpix=    -1 qimg=    -1 axisH=  0.0 online=0
2026-08-11 03:28:27 up= 544.0m prev=     0 cach=     0 miss=     0 load=    0 prox=  -1% srcLag=  -1.0s shownLag=  -1.0s rss=    -1.0MB thr=  1 pools=  5 campools= 0 children=    22 items=      0 camTot=       0 camMax=      0 watch=0/0 saved=0 gcObj=   93624 qpix=    -1 qimg=    -1 axisH=  0.0 online=0
2026-08-11 03:29:27 up= 545.0m prev=     0 cach=     0 miss=     0 load=    0 prox=  -1% srcLag=  -1.0s shownLag=  -1.0s rss=    -1.0MB thr=  1 pools=  5 campools= 0 children=    22 items=      0 camTot=       0 camMax=      0 watch=0/0 saved=0 gcObj=   93652 qpix=    -1 qimg=    -1 axisH=  0.0 online=0
2026-08-11 03:30:27 up= 546.0m prev=     0 cach=     0 miss=     0 load=    0 prox=  -1% srcLag=  -1.0s shownLag=  -1.0s rss=    -1.0MB thr=  1 pools=  5 campools= 0 children=    22 items=      0 camTot=       0 camMax=      0 watch=0/0 saved=0 gcObj=   93680 qpix=    -1 qimg=    -1 axisH=  0.0 online=0
2026-08-11 03:31:27 up= 547.0m prev=     0 cach=     0 miss=     0 load=    0 prox=  -1% srcLag=  -1.0s shownLag=  -1.0s rss=    -1.0MB thr=  1 pools=  5 campools= 0 children=    22 items=      0 camTot=       0 camMax=      0 watch=0/0 saved=0 gcObj=   93708 qpix=    -1 qimg=    -1 axisH=  0.0 online=0
2026-08-11 03:32:27 up= 548.0m prev=     0 cach=     0 miss=     0 load=    0 prox=  -1% srcLag=  -1.0s shownLag=  -1.0s rss=    -1.0MB thr=  1 pools=  5 campools= 0 children=    22 items=      0 camTot=       0 camMax=      0 watch=0/0 saved=0 gcObj=   93736 qpix=    -1 qimg=    -1 axisH=  0.0 online=0
2026-08-11 03:33:27 up= 549.0m prev=     0 cach=     0 miss=     0 load=    0 prox=  -1% srcLag=  -1.0s shownLag=  -1.0s rss=    -1.0MB thr=  1 pools=  5 campools= 0 children=    22 items=      0 camTot=       0 camMax=      0 watch=0/0 saved=0 gcObj=   93764 qpix=    -1 qimg=    -1 axisH=  0.0 online=0
2026-08-11 03:34:27 up= 550.0m prev=     0 cach=     0 miss=     0 load=    0 prox=  -1% srcLag=  -1.0s shownLag=  -1.0s rss=    -1.0MB thr=  1 pools=  5 campools= 0 children=    22 items=      0 camTot=       0 camMax=      0 watch=0/0 saved=0 gcObj=   93792 qpix=    -1 qimg=    -1 axisH=  0.0 online=0
2026-08-11 03:35:27 up= 551.0m prev=     0 cach=     0 miss=     0 load=    0 prox=  -1% srcLag=  -1.0s shownLag=  -1.0s rss=    -1.0MB thr=  1 pools=  5 campools= 0 children=    22 items=      0 camTot=       0 camMax=      0 watch=0/0 saved=0 gcObj=   93820 qpix=    -1 qimg=    -1 axisH=  0.0 online=0
2026-08-11 03:36:27 up= 552.0m prev=     0 cach=     0 miss=     0 load=    0 prox=  -1% srcLag=  -1.0s shownLag=  -1.0s rss=    -1.0MB thr=  1 pools=  5 campools= 0 children=    22 items=      0 camTot=       0 camMax=      0 watch=0/0 saved=0 gcObj=   93848 qpix=    -1 qimg=    -1 axisH=  0.0 online=0
2026-08-11 03:37:27 up= 553.0m prev=     0 cach=     0 miss=     0 load=    0 prox=  -1% srcLag=  -1.0s shownLag=  -1.0s rss=    -1.0MB thr=  1 pools=  5 campools= 0 children=    22 items=      0 camTot=       0 camMax=      0 watch=0/0 saved=0 gcObj=   93876 qpix=    -1 qimg=    -1 axisH=  0.0 online=0
2026-08-11 03:38:27 up= 554.0m prev=     0 cach=     0 miss=     0 load=    0 prox=  -1% srcLag=  -1.0s shownLag=  -1.0s rss=    -1.0MB thr=  1 pools=  5 campools= 0 children=    22 items=      0 camTot=       0 camMax=      0 watch=0/0 saved=0 gcObj=   93904 qpix=    -1 qimg=    -1 axisH=  0.0 online=0
2026-08-11 03:39:27 up= 555.0m prev=     0 cach=     0 miss=     0 load=    0 prox=  -1% srcLag=  -1.0s shownLag=  -1.0s rss=    -1.0MB thr=  1 pools=  5 campools= 0 children=    22 items=      0 camTot=       0 camMax=      0 watch=0/0 saved=0 gcObj=   93932 qpix=    -1 qimg=    -1 axisH=  0.0 online=0
2026-08-11 03:40:27 up= 556.0m prev=     0 cach=     0 miss=     0 load=    0 prox=  -1% srcLag=  -1.0s shownLag=  -1.0s rss=    -1.0MB thr=  1 pools=  5 campools= 0 children=    22 items=      0 camTot=       0 camMax=      0 watch=0/0 saved=0 gcObj=   92699 qpix=    -1 qimg=    -1 axisH=  0.0 online=0
2026-08-11 03:41:27 up= 557.0m prev=     0 cach=     0 miss=     0 load=    0 prox=  -1% srcLag=  -1.0s shownLag=  -1.0s rss=    -1.0MB thr=  1 pools=  5 campools= 0 children=    22 items=      0 camTot=       0 camMax=      0 watch=0/0 saved=0 gcObj=   92727 qpix=    -1 qimg=    -1 axisH=  0.0 online=0
2026-08-11 03:42:27 up= 558.0m prev=     0 cach=     0 miss=     0 load=    0 prox=  -1% srcLag=  -1.0s shownLag=  -1.0s rss=    -1.0MB thr=  1 pools=  5 campools= 0 children=    22 items=      0 camTot=       0 camMax=      0 watch=0/0 saved=0 gcObj=   92755 qpix=    -1 qimg=    -1 axisH=  0.0 online=0
2026-08-11 03:43:27 up= 559.0m prev=     0 cach=     0 miss=     0 load=    0 prox=  -1% srcLag=  -1.0s shownLag=  -1.0s rss=    -1.0MB thr=  1 pools=  5 campools= 0 children=    22 items=      0 camTot=       0 camMax=      0 watch=0/0 saved=0 gcObj=   92783 qpix=    -1 qimg=    -1 axisH=  0.0 online=0
2026-08-11 03:44:27 up= 560.0m prev=     0 cach=     0 miss=     0 load=    0 prox=  -1% srcLag=  -1.0s shownLag=  -1.0s rss=    -1.0MB thr=  1 pools=  5 campools= 0 children=    22 items=      0 camTot=       0 camMax=      0 watch=0/0 saved=0 gcObj=   92811 qpix=    -1 qimg=    -1 axisH=  0.0 online=0
2026-08-11 03:45:27 up= 561.0m prev=     0 cach=     0 miss=     0 load=    0 prox=  -1% srcLag=  -1.0s shownLag=  -1.0s rss=    -1.0MB thr=  1 pools=  5 campools= 0 children=    22 items=      0 camTot=       0 camMax=      0 watch=0/0 saved=0 gcObj=   92839 qpix=    -1 qimg=    -1 axisH=  0.0 online=0
2026-08-11 03:46:27 up= 562.0m prev=     0 cach=     0 miss=     0 load=    0 prox=  -1% srcLag=  -1.0s shownLag=  -1.0s rss=    -1.0MB thr=  1 pools=  5 campools= 0 children=    22 items=      0 camTot=       0 camMax=      0 watch=0/0 saved=0 gcObj=   92867 qpix=    -1 qimg=    -1 axisH=  0.0 online=0
2026-08-11 03:47:27 up= 563.0m prev=     0 cach=     0 miss=     0 load=    0 prox=  -1% srcLag=  -1.0s shownLag=  -1.0s rss=    -1.0MB thr=  1 pools=  5 campools= 0 children=    22 items=      0 camTot=       0 camMax=      0 watch=0/0 saved=0 gcObj=   92895 qpix=    -1 qimg=    -1 axisH=  0.0 online=0
2026-08-11 03:48:27 up= 564.0m prev=     0 cach=     0 miss=     0 load=    0 prox=  -1% srcLag=  -1.0s shownLag=  -1.0s rss=    -1.0MB thr=  1 pools=  5 campools= 0 children=    22 items=      0 camTot=       0 camMax=      0 watch=0/0 saved=0 gcObj=   92923 qpix=    -1 qimg=    -1 axisH=  0.0 online=0
2026-08-11 03:49:27 up= 565.0m prev=     0 cach=     0 miss=     0 load=    0 prox=  -1% srcLag=  -1.0s shownLag=  -1.0s rss=    -1.0MB thr=  1 pools=  5 campools= 0 children=    22 items=      0 camTot=       0 camMax=      0 watch=0/0 saved=0 gcObj=   92951 qpix=    -1 qimg=    -1 axisH=  0.0 online=0
2026-08-11 03:50:27 up= 566.0m prev=     0 cach=     0 miss=     0 load=    0 prox=  -1% srcLag=  -1.0s shownLag=  -1.0s rss=    -1.0MB thr=  1 pools=  5 campools= 0 children=    22 items=      0 camTot=       0 camMax=      0 watch=0/0 saved=0 gcObj=   92979 qpix=    -1 qimg=    -1 axisH=  0.0 online=0
2026-08-11 03:51:27 up= 567.0m prev=     0 cach=     0 miss=     0 load=    0 prox=  -1% srcLag=  -1.0s shownLag=  -1.0s rss=    -1.0MB thr=  1 pools=  5 campools= 0 children=    22 items=      0 camTot=       0 camMax=      0 watch=0/0 saved=0 gcObj=   93007 qpix=    -1 qimg=    -1 axisH=  0.0 online=0
2026-08-11 03:52:27 up= 568.0m prev=     0 cach=     0 miss=     0 load=    0 prox=  -1% srcLag=  -1.0s shownLag=  -1.0s rss=    -1.0MB thr=  1 pools=  5 campools= 0 children=    22 items=      0 camTot=       0 camMax=      0 watch=0/0 saved=0 gcObj=   93035 qpix=    -1 qimg=    -1 axisH=  0.0 online=0
2026-08-11 03:53:27 up= 569.0m prev=     0 cach=     0 miss=     0 load=    0 prox=  -1% srcLag=  -1.0s shownLag=  -1.0s rss=    -1.0MB thr=  1 pools=  5 campools= 0 children=    22 items=      0 camTot=       0 camMax=      0 watch=0/0 saved=0 gcObj=   93063 qpix=    -1 qimg=    -1 axisH=  0.0 online=0
2026-08-11 03:54:27 up= 570.0m prev=     0 cach=     0 miss=     0 load=    0 prox=  -1% srcLag=  -1.0s shownLag=  -1.0s rss=    -1.0MB thr=  1 pools=  5 campools= 0 children=    22 items=      0 camTot=       0 camMax=      0 watch=0/0 saved=0 gcObj=   93091 qpix=    -1 qimg=    -1 axisH=  0.0 online=0
2026-08-11 03:55:27 up= 571.0m prev=     0 cach=     0 miss=     0 load=    0 prox=  -1% srcLag=  -1.0s shownLag=  -1.0s rss=    -1.0MB thr=  1 pools=  5 campools= 0 children=    22 items=      0 camTot=       0 camMax=      0 watch=0/0 saved=0 gcObj=   93119 qpix=    -1 qimg=    -1 axisH=  0.0 online=0
2026-08-11 03:56:27 up= 572.0m prev=     0 cach=     0 miss=     0 load=    0 prox=  -1% srcLag=  -1.0s shownLag=  -1.0s rss=    -1.0MB thr=  1 pools=  5 campools= 0 children=    22 items=      0 camTot=       0 camMax=      0 watch=0/0 saved=0 gcObj=   93147 qpix=    -1 qimg=    -1 axisH=  0.0 online=0
2026-08-11 03:57:27 up= 573.0m prev=     0 cach=     0 miss=     0 load=    0 prox=  -1% srcLag=  -1.0s shownLag=  -1.0s rss=    -1.0MB thr=  1 pools=  5 campools= 0 children=    22 items=      0 camTot=       0 camMax=      0 watch=0/0 saved=0 gcObj=   93175 qpix=    -1 qimg=    -1 axisH=  0.0 online=0
2026-08-11 03:58:27 up= 574.0m prev=     0 cach=     0 miss=     0 load=    0 prox=  -1% srcLag=  -1.0s shownLag=  -1.0s rss=    -1.0MB thr=  1 pools=  5 campools= 0 children=    22 items=      0 camTot=       0 camMax=      0 watch=0/0 saved=0 gcObj=   93203 qpix=    -1 qimg=    -1 axisH=  0.0 online=0
2026-08-11 03:59:27 up= 575.0m prev=     0 cach=     0 miss=     0 load=    0 prox=  -1% srcLag=  -1.0s shownLag=  -1.0s rss=    -1.0MB thr=  1 pools=  5 campools= 0 children=    22 items=      0 camTot=       0 camMax=      0 watch=0/0 saved=0 gcObj=   93231 qpix=    -1 qimg=    -1 axisH=  0.0 online=0
2026-08-11 04:00:27 up= 576.0m prev=     0 cach=     0 miss=     0 load=    0 prox=  -1% srcLag=  -1.0s shownLag=  -1.0s rss=    -1.0MB thr=  1 pools=  5 campools= 0 children=    22 items=      0 camTot=       0 camMax=      0 watch=0/0 saved=0 gcObj=   93259 qpix=    -1 qimg=    -1 axisH=  0.0 online=0
2026-08-11 04:01:27 up= 577.0m prev=     0 cach=     0 miss=     0 load=    0 prox=  -1% srcLag=  -1.0s shownLag=  -1.0s rss=    -1.0MB thr=  1 pools=  5 campools= 0 children=    22 items=      0 camTot=       0 camMax=      0 watch=0/0 saved=0 gcObj=   93287 qpix=    -1 qimg=    -1 axisH=  0.0 online=0
2026-08-11 04:02:27 up= 578.0m prev=     0 cach=     0 miss=     0 load=    0 prox=  -1% srcLag=  -1.0s shownLag=  -1.0s rss=    -1.0MB thr=  1 pools=  5 campools= 0 children=    22 items=      0 camTot=       0 camMax=      0 watch=0/0 saved=0 gcObj=   93315 qpix=    -1 qimg=    -1 axisH=  0.0 online=0
2026-08-11 04:03:27 up= 579.0m prev=     0 cach=     0 miss=     0 load=    0 prox=  -1% srcLag=  -1.0s shownLag=  -1.0s rss=    -1.0MB thr=  1 pools=  5 campools= 0 children=    22 items=      0 camTot=       0 camMax=      0 watch=0/0 saved=0 gcObj=   93343 qpix=    -1 qimg=    -1 axisH=  0.0 online=0
2026-08-11 04:04:27 up= 580.0m prev=     0 cach=     0 miss=     0 load=    0 prox=  -1% srcLag=  -1.0s shownLag=  -1.0s rss=    -1.0MB thr=  1 pools=  5 campools= 0 children=    22 items=      0 camTot=       0 camMax=      0 watch=0/0 saved=0 gcObj=   93371 qpix=    -1 qimg=    -1 axisH=  0.0 online=0
2026-08-11 04:05:27 up= 581.0m prev=     0 cach=     0 miss=     0 load=    0 prox=  -1% srcLag=  -1.0s shownLag=  -1.0s rss=    -1.0MB thr=  1 pools=  5 campools= 0 children=    22 items=      0 camTot=       0 camMax=      0 watch=0/0 saved=0 gcObj=   93399 qpix=    -1 qimg=    -1 axisH=  0.0 online=0
2026-08-11 04:06:27 up= 582.0m prev=     0 cach=     0 miss=     0 load=    0 prox=  -1% srcLag=  -1.0s shownLag=  -1.0s rss=    -1.0MB thr=  1 pools=  5 campools= 0 children=    22 items=      0 camTot=       0 camMax=      0 watch=0/0 saved=0 gcObj=   93427 qpix=    -1 qimg=    -1 axisH=  0.0 online=0
2026-08-11 04:07:27 up= 583.0m prev=     0 cach=     0 miss=     0 load=    0 prox=  -1% srcLag=  -1.0s shownLag=  -1.0s rss=    -1.0MB thr=  1 pools=  5 campools= 0 children=    22 items=      0 camTot=       0 camMax=      0 watch=0/0 saved=0 gcObj=   93455 qpix=    -1 qimg=    -1 axisH=  0.0 online=0
2026-08-11 04:08:27 up= 584.0m prev=     0 cach=     0 miss=     0 load=    0 prox=  -1% srcLag=  -1.0s shownLag=  -1.0s rss=    -1.0MB thr=  1 pools=  5 campools= 0 children=    22 items=      0 camTot=       0 camMax=      0 watch=0/0 saved=0 gcObj=   93483 qpix=    -1 qimg=    -1 axisH=  0.0 online=0
2026-08-11 04:09:27 up= 585.0m prev=     0 cach=     0 miss=     0 load=    0 prox=  -1% srcLag=  -1.0s shownLag=  -1.0s rss=    -1.0MB thr=  1 pools=  5 campools= 0 children=    22 items=      0 camTot=       0 camMax=      0 watch=0/0 saved=0 gcObj=   93511 qpix=    -1 qimg=    -1 axisH=  0.0 online=0
2026-08-11 04:10:27 up= 586.0m prev=     0 cach=     0 miss=     0 load=    0 prox=  -1% srcLag=  -1.0s shownLag=  -1.0s rss=    -1.0MB thr=  1 pools=  5 campools= 0 children=    22 items=      0 camTot=       0 camMax=      0 watch=0/0 saved=0 gcObj=   93539 qpix=    -1 qimg=    -1 axisH=  0.0 online=0
2026-08-11 04:11:27 up= 587.0m prev=     0 cach=     0 miss=     0 load=    0 prox=  -1% srcLag=  -1.0s shownLag=  -1.0s rss=    -1.0MB thr=  1 pools=  5 campools= 0 children=    22 items=      0 camTot=       0 camMax=      0 watch=0/0 saved=0 gcObj=   93567 qpix=    -1 qimg=    -1 axisH=  0.0 online=0
2026-08-11 04:12:27 up= 588.0m prev=     0 cach=     0 miss=     0 load=    0 prox=  -1% srcLag=  -1.0s shownLag=  -1.0s rss=    -1.0MB thr=  1 pools=  5 campools= 0 children=    22 items=      0 camTot=       0 camMax=      0 watch=0/0 saved=0 gcObj=   93595 qpix=    -1 qimg=    -1 axisH=  0.0 online=0
2026-08-11 04:13:27 up= 589.0m prev=     0 cach=     0 miss=     0 load=    0 prox=  -1% srcLag=  -1.0s shownLag=  -1.0s rss=    -1.0MB thr=  1 pools=  5 campools= 0 children=    22 items=      0 camTot=       0 camMax=      0 watch=0/0 saved=0 gcObj=   93623 qpix=    -1 qimg=    -1 axisH=  0.0 online=0
2026-08-11 04:14:27 up= 590.0m prev=     0 cach=     0 miss=     0 load=    0 prox=  -1% srcLag=  -1.0s shownLag=  -1.0s rss=    -1.0MB thr=  1 pools=  5 campools= 0 children=    22 items=      0 camTot=       0 camMax=      0 watch=0/0 saved=0 gcObj=   93651 qpix=    -1 qimg=    -1 axisH=  0.0 online=0
2026-08-11 04:15:27 up= 591.0m prev=     0 cach=     0 miss=     0 load=    0 prox=  -1% srcLag=  -1.0s shownLag=  -1.0s rss=    -1.0MB thr=  1 pools=  5 campools= 0 children=    22 items=      0 camTot=       0 camMax=      0 watch=0/0 saved=0 gcObj=   93679 qpix=    -1 qimg=    -1 axisH=  0.0 online=0
2026-08-11 04:16:27 up= 592.0m prev=     0 cach=     0 miss=     0 load=    0 prox=  -1% srcLag=  -1.0s shownLag=  -1.0s rss=    -1.0MB thr=  1 pools=  5 campools= 0 children=    22 items=      0 camTot=       0 camMax=      0 watch=0/0 saved=0 gcObj=   93707 qpix=    -1 qimg=    -1 axisH=  0.0 online=0
2026-08-11 04:17:27 up= 593.0m prev=     0 cach=     0 miss=     0 load=    0 prox=  -1% srcLag=  -1.0s shownLag=  -1.0s rss=    -1.0MB thr=  1 pools=  5 campools= 0 children=    22 items=      0 camTot=       0 camMax=      0 watch=0/0 saved=0 gcObj=   93735 qpix=    -1 qimg=    -1 axisH=  0.0 online=0
2026-08-11 04:18:27 up= 594.0m prev=     0 cach=     0 miss=     0 load=    0 prox=  -1% srcLag=  -1.0s shownLag=  -1.0s rss=    -1.0MB thr=  1 pools=  5 campools= 0 children=    22 items=      0 camTot=       0 camMax=      0 watch=0/0 saved=0 gcObj=   93763 qpix=    -1 qimg=    -1 axisH=  0.0 online=0
2026-08-11 04:19:27 up= 595.0m prev=     0 cach=     0 miss=     0 load=    0 prox=  -1% srcLag=  -1.0s shownLag=  -1.0s rss=    -1.0MB thr=  1 pools=  5 campools= 0 children=    22 items=      0 camTot=       0 camMax=      0 watch=0/0 saved=0 gcObj=   93791 qpix=    -1 qimg=    -1 axisH=  0.0 online=0
2026-08-11 04:20:27 up= 596.0m prev=     0 cach=     0 miss=     0 load=    0 prox=  -1% srcLag=  -1.0s shownLag=  -1.0s rss=    -1.0MB thr=  1 pools=  5 campools= 0 children=    22 items=      0 camTot=       0 camMax=      0 watch=0/0 saved=0 gcObj=   93819 qpix=    -1 qimg=    -1 axisH=  0.0 online=0
2026-08-11 04:21:27 up= 597.0m prev=     0 cach=     0 miss=     0 load=    0 prox=  -1% srcLag=  -1.0s shownLag=  -1.0s rss=    -1.0MB thr=  1 pools=  5 campools= 0 children=    22 items=      0 camTot=       0 camMax=      0 watch=0/0 saved=0 gcObj=   93847 qpix=    -1 qimg=    -1 axisH=  0.0 online=0
2026-08-11 04:22:27 up= 598.0m prev=     0 cach=     0 miss=     0 load=    0 prox=  -1% srcLag=  -1.0s shownLag=  -1.0s rss=    -1.0MB thr=  1 pools=  5 campools= 0 children=    22 items=      0 camTot=       0 camMax=      0 watch=0/0 saved=0 gcObj=   93875 qpix=    -1 qimg=    -1 axisH=  0.0 online=0
2026-08-11 04:23:27 up= 599.0m prev=     0 cach=     0 miss=     0 load=    0 prox=  -1% srcLag=  -1.0s shownLag=  -1.0s rss=    -1.0MB thr=  1 pools=  5 campools= 0 children=    22 items=      0 camTot=       0 camMax=      0 watch=0/0 saved=0 gcObj=   93903 qpix=    -1 qimg=    -1 axisH=  0.0 online=0
2026-08-11 04:24:27 up= 600.0m prev=     0 cach=     0 miss=     0 load=    0 prox=  -1% srcLag=  -1.0s shownLag=  -1.0s rss=    -1.0MB thr=  1 pools=  5 campools= 0 children=    22 items=      0 camTot=       0 camMax=      0 watch=0/0 saved=0 gcObj=   93931 qpix=    -1 qimg=    -1 axisH=  0.0 online=0
2026-08-11 04:25:27 up= 601.0m prev=     0 cach=     0 miss=     0 load=    0 prox=  -1% srcLag=  -1.0s shownLag=  -1.0s rss=    -1.0MB thr=  1 pools=  5 campools= 0 children=    22 items=      0 camTot=       0 camMax=      0 watch=0/0 saved=0 gcObj=   93959 qpix=    -1 qimg=    -1 axisH=  0.0 online=0
2026-08-11 04:26:27 up= 602.0m prev=     0 cach=     0 miss=     0 load=    0 prox=  -1% srcLag=  -1.0s shownLag=  -1.0s rss=    -1.0MB thr=  1 pools=  5 campools= 0 children=    22 items=      0 camTot=       0 camMax=      0 watch=0/0 saved=0 gcObj=   92726 qpix=    -1 qimg=    -1 axisH=  0.0 online=0
2026-08-11 04:27:27 up= 603.0m prev=     0 cach=     0 miss=     0 load=    0 prox=  -1% srcLag=  -1.0s shownLag=  -1.0s rss=    -1.0MB thr=  1 pools=  5 campools= 0 children=    22 items=      0 camTot=       0 camMax=      0 watch=0/0 saved=0 gcObj=   92754 qpix=    -1 qimg=    -1 axisH=  0.0 online=0
2026-08-11 04:28:27 up= 604.0m prev=     0 cach=     0 miss=     0 load=    0 prox=  -1% srcLag=  -1.0s shownLag=  -1.0s rss=    -1.0MB thr=  1 pools=  5 campools= 0 children=    22 items=      0 camTot=       0 camMax=      0 watch=0/0 saved=0 gcObj=   92782 qpix=    -1 qimg=    -1 axisH=  0.0 online=0
2026-08-11 04:29:27 up= 605.0m prev=     0 cach=     0 miss=     0 load=    0 prox=  -1% srcLag=  -1.0s shownLag=  -1.0s rss=    -1.0MB thr=  1 pools=  5 campools= 0 children=    22 items=      0 camTot=       0 camMax=      0 watch=0/0 saved=0 gcObj=   92810 qpix=    -1 qimg=    -1 axisH=  0.0 online=0
2026-08-11 04:30:27 up= 606.0m prev=     0 cach=     0 miss=     0 load=    0 prox=  -1% srcLag=  -1.0s shownLag=  -1.0s rss=    -1.0MB thr=  1 pools=  5 campools= 0 children=    22 items=      0 camTot=       0 camMax=      0 watch=0/0 saved=0 gcObj=   92838 qpix=    -1 qimg=    -1 axisH=  0.0 online=0
2026-08-11 04:31:27 up= 607.0m prev=     0 cach=     0 miss=     0 load=    0 prox=  -1% srcLag=  -1.0s shownLag=  -1.0s rss=    -1.0MB thr=  1 pools=  5 campools= 0 children=    22 items=      0 camTot=       0 camMax=      0 watch=0/0 saved=0 gcObj=   92866 qpix=    -1 qimg=    -1 axisH=  0.0 online=0
2026-08-11 04:32:27 up= 608.0m prev=     0 cach=     0 miss=     0 load=    0 prox=  -1% srcLag=  -1.0s shownLag=  -1.0s rss=    -1.0MB thr=  1 pools=  5 campools= 0 children=    22 items=      0 camTot=       0 camMax=      0 watch=0/0 saved=0 gcObj=   92894 qpix=    -1 qimg=    -1 axisH=  0.0 online=0
2026-08-11 04:33:27 up= 609.0m prev=     0 cach=     0 miss=     0 load=    0 prox=  -1% srcLag=  -1.0s shownLag=  -1.0s rss=    -1.0MB thr=  1 pools=  5 campools= 0 children=    22 items=      0 camTot=       0 camMax=      0 watch=0/0 saved=0 gcObj=   92922 qpix=    -1 qimg=    -1 axisH=  0.0 online=0
2026-08-11 04:34:27 up= 610.0m prev=     0 cach=     0 miss=     0 load=    0 prox=  -1% srcLag=  -1.0s shownLag=  -1.0s rss=    -1.0MB thr=  1 pools=  5 campools= 0 children=    22 items=      0 camTot=       0 camMax=      0 watch=0/0 saved=0 gcObj=   92950 qpix=    -1 qimg=    -1 axisH=  0.0 online=0
2026-08-11 04:35:27 up= 611.0m prev=     0 cach=     0 miss=     0 load=    0 prox=  -1% srcLag=  -1.0s shownLag=  -1.0s rss=    -1.0MB thr=  1 pools=  5 campools= 0 children=    22 items=      0 camTot=       0 camMax=      0 watch=0/0 saved=0 gcObj=   92978 qpix=    -1 qimg=    -1 axisH=  0.0 online=0
2026-08-11 04:36:27 up= 612.0m prev=     0 cach=     0 miss=     0 load=    0 prox=  -1% srcLag=  -1.0s shownLag=  -1.0s rss=    -1.0MB thr=  1 pools=  5 campools= 0 children=    22 items=      0 camTot=       0 camMax=      0 watch=0/0 saved=0 gcObj=   93006 qpix=    -1 qimg=    -1 axisH=  0.0 online=0
2026-08-11 04:37:27 up= 613.0m prev=     0 cach=     0 miss=     0 load=    0 prox=  -1% srcLag=  -1.0s shownLag=  -1.0s rss=    -1.0MB thr=  1 pools=  5 campools= 0 children=    22 items=      0 camTot=       0 camMax=      0 watch=0/0 saved=0 gcObj=   93034 qpix=    -1 qimg=    -1 axisH=  0.0 online=0
2026-08-11 04:38:27 up= 614.0m prev=     0 cach=     0 miss=     0 load=    0 prox=  -1% srcLag=  -1.0s shownLag=  -1.0s rss=    -1.0MB thr=  1 pools=  5 campools= 0 children=    22 items=      0 camTot=       0 camMax=      0 watch=0/0 saved=0 gcObj=   93062 qpix=    -1 qimg=    -1 axisH=  0.0 online=0
2026-08-11 04:39:27 up= 615.0m prev=     0 cach=     0 miss=     0 load=    0 prox=  -1% srcLag=  -1.0s shownLag=  -1.0s rss=    -1.0MB thr=  1 pools=  5 campools= 0 children=    22 items=      0 camTot=       0 camMax=      0 watch=0/0 saved=0 gcObj=   93090 qpix=    -1 qimg=    -1 axisH=  0.0 online=0
2026-08-11 04:40:27 up= 616.0m prev=     0 cach=     0 miss=     0 load=    0 prox=  -1% srcLag=  -1.0s shownLag=  -1.0s rss=    -1.0MB thr=  1 pools=  5 campools= 0 children=    22 items=      0 camTot=       0 camMax=      0 watch=0/0 saved=0 gcObj=   93118 qpix=    -1 qimg=    -1 axisH=  0.0 online=0
2026-08-11 04:41:27 up= 617.0m prev=     0 cach=     0 miss=     0 load=    0 prox=  -1% srcLag=  -1.0s shownLag=  -1.0s rss=    -1.0MB thr=  1 pools=  5 campools= 0 children=    22 items=      0 camTot=       0 camMax=      0 watch=0/0 saved=0 gcObj=   93146 qpix=    -1 qimg=    -1 axisH=  0.0 online=0
2026-08-11 04:42:27 up= 618.0m prev=     0 cach=     0 miss=     0 load=    0 prox=  -1% srcLag=  -1.0s shownLag=  -1.0s rss=    -1.0MB thr=  1 pools=  5 campools= 0 children=    22 items=      0 camTot=       0 camMax=      0 watch=0/0 saved=0 gcObj=   93174 qpix=    -1 qimg=    -1 axisH=  0.0 online=0
2026-08-11 04:43:27 up= 619.0m prev=     0 cach=     0 miss=     0 load=    0 prox=  -1% srcLag=  -1.0s shownLag=  -1.0s rss=    -1.0MB thr=  1 pools=  5 campools= 0 children=    22 items=      0 camTot=       0 camMax=      0 watch=0/0 saved=0 gcObj=   93202 qpix=    -1 qimg=    -1 axisH=  0.0 online=0
2026-08-11 04:44:27 up= 620.0m prev=     0 cach=     0 miss=     0 load=    0 prox=  -1% srcLag=  -1.0s shownLag=  -1.0s rss=    -1.0MB thr=  1 pools=  5 campools= 0 children=    22 items=      0 camTot=       0 camMax=      0 watch=0/0 saved=0 gcObj=   93230 qpix=    -1 qimg=    -1 axisH=  0.0 online=0
2026-08-11 04:45:27 up= 621.0m prev=     0 cach=     0 miss=     0 load=    0 prox=  -1% srcLag=  -1.0s shownLag=  -1.0s rss=    -1.0MB thr=  1 pools=  5 campools= 0 children=    22 items=      0 camTot=       0 camMax=      0 watch=0/0 saved=0 gcObj=   93258 qpix=    -1 qimg=    -1 axisH=  0.0 online=0
2026-08-11 04:46:27 up= 622.0m prev=     0 cach=     0 miss=     0 load=    0 prox=  -1% srcLag=  -1.0s shownLag=  -1.0s rss=    -1.0MB thr=  1 pools=  5 campools= 0 children=    22 items=      0 camTot=       0 camMax=      0 watch=0/0 saved=0 gcObj=   93286 qpix=    -1 qimg=    -1 axisH=  0.0 online=0
2026-08-11 04:47:27 up= 623.0m prev=     0 cach=     0 miss=     0 load=    0 prox=  -1% srcLag=  -1.0s shownLag=  -1.0s rss=    -1.0MB thr=  1 pools=  5 campools= 0 children=    22 items=      0 camTot=       0 camMax=      0 watch=0/0 saved=0 gcObj=   93314 qpix=    -1 qimg=    -1 axisH=  0.0 online=0
2026-08-11 04:48:27 up= 624.0m prev=     0 cach=     0 miss=     0 load=    0 prox=  -1% srcLag=  -1.0s shownLag=  -1.0s rss=    -1.0MB thr=  1 pools=  5 campools= 0 children=    22 items=      0 camTot=       0 camMax=      0 watch=0/0 saved=0 gcObj=   93342 qpix=    -1 qimg=    -1 axisH=  0.0 online=0
2026-08-11 04:49:27 up= 625.0m prev=     0 cach=     0 miss=     0 load=    0 prox=  -1% srcLag=  -1.0s shownLag=  -1.0s rss=    -1.0MB thr=  1 pools=  5 campools= 0 children=    22 items=      0 camTot=       0 camMax=      0 watch=0/0 saved=0 gcObj=   93370 qpix=    -1 qimg=    -1 axisH=  0.0 online=0
2026-08-11 04:50:27 up= 626.0m prev=     0 cach=     0 miss=     0 load=    0 prox=  -1% srcLag=  -1.0s shownLag=  -1.0s rss=    -1.0MB thr=  1 pools=  5 campools= 0 children=    22 items=      0 camTot=       0 camMax=      0 watch=0/0 saved=0 gcObj=   93398 qpix=    -1 qimg=    -1 axisH=  0.0 online=0
2026-08-11 04:51:27 up= 627.0m prev=     0 cach=     0 miss=     0 load=    0 prox=  -1% srcLag=  -1.0s shownLag=  -1.0s rss=    -1.0MB thr=  1 pools=  5 campools= 0 children=    22 items=      0 camTot=       0 camMax=      0 watch=0/0 saved=0 gcObj=   93426 qpix=    -1 qimg=    -1 axisH=  0.0 online=0
2026-08-11 04:52:27 up= 628.0m prev=     0 cach=     0 miss=     0 load=    0 prox=  -1% srcLag=  -1.0s shownLag=  -1.0s rss=    -1.0MB thr=  1 pools=  5 campools= 0 children=    22 items=      0 camTot=       0 camMax=      0 watch=0/0 saved=0 gcObj=   93454 qpix=    -1 qimg=    -1 axisH=  0.0 online=0
2026-08-11 04:53:27 up= 629.0m prev=     0 cach=     0 miss=     0 load=    0 prox=  -1% srcLag=  -1.0s shownLag=  -1.0s rss=    -1.0MB thr=  1 pools=  5 campools= 0 children=    22 items=      0 camTot=       0 camMax=      0 watch=0/0 saved=0 gcObj=   93482 qpix=    -1 qimg=    -1 axisH=  0.0 online=0
2026-08-11 04:54:27 up= 630.0m prev=     0 cach=     0 miss=     0 load=    0 prox=  -1% srcLag=  -1.0s shownLag=  -1.0s rss=    -1.0MB thr=  1 pools=  5 campools= 0 children=    22 items=      0 camTot=       0 camMax=      0 watch=0/0 saved=0 gcObj=   93510 qpix=    -1 qimg=    -1 axisH=  0.0 online=0
2026-08-11 04:55:27 up= 631.0m prev=     0 cach=     0 miss=     0 load=    0 prox=  -1% srcLag=  -1.0s shownLag=  -1.0s rss=    -1.0MB thr=  1 pools=  5 campools= 0 children=    22 items=      0 camTot=       0 camMax=      0 watch=0/0 saved=0 gcObj=   93538 qpix=    -1 qimg=    -1 axisH=  0.0 online=0
2026-08-11 04:56:27 up= 632.0m prev=     0 cach=     0 miss=     0 load=    0 prox=  -1% srcLag=  -1.0s shownLag=  -1.0s rss=    -1.0MB thr=  1 pools=  5 campools= 0 children=    22 items=      0 camTot=       0 camMax=      0 watch=0/0 saved=0 gcObj=   93566 qpix=    -1 qimg=    -1 axisH=  0.0 online=0
2026-08-11 04:57:27 up= 633.0m prev=     0 cach=     0 miss=     0 load=    0 prox=  -1% srcLag=  -1.0s shownLag=  -1.0s rss=    -1.0MB thr=  1 pools=  5 campools= 0 children=    22 items=      0 camTot=       0 camMax=      0 watch=0/0 saved=0 gcObj=   93594 qpix=    -1 qimg=    -1 axisH=  0.0 online=0
2026-08-11 04:58:27 up= 634.0m prev=     0 cach=     0 miss=     0 load=    0 prox=  -1% srcLag=  -1.0s shownLag=  -1.0s rss=    -1.0MB thr=  1 pools=  5 campools= 0 children=    22 items=      0 camTot=       0 camMax=      0 watch=0/0 saved=0 gcObj=   93622 qpix=    -1 qimg=    -1 axisH=  0.0 online=0
2026-08-11 04:59:27 up= 635.0m prev=     0 cach=     0 miss=     0 load=    0 prox=  -1% srcLag=  -1.0s shownLag=  -1.0s rss=    -1.0MB thr=  1 pools=  5 campools= 0 children=    22 items=      0 camTot=       0 camMax=      0 watch=0/0 saved=0 gcObj=   93650 qpix=    -1 qimg=    -1 axisH=  0.0 online=0
2026-08-11 05:00:27 up= 636.0m prev=     0 cach=     0 miss=     0 load=    0 prox=  -1% srcLag=  -1.0s shownLag=  -1.0s rss=    -1.0MB thr=  1 pools=  5 campools= 0 children=    22 items=      0 camTot=       0 camMax=      0 watch=0/0 saved=0 gcObj=   93678 qpix=    -1 qimg=    -1 axisH=  0.0 online=0
2026-08-11 05:01:27 up= 637.0m prev=     0 cach=     0 miss=     0 load=    0 prox=  -1% srcLag=  -1.0s shownLag=  -1.0s rss=    -1.0MB thr=  1 pools=  5 campools= 0 children=    22 items=      0 camTot=       0 camMax=      0 watch=0/0 saved=0 gcObj=   93706 qpix=    -1 qimg=    -1 axisH=  0.0 online=0
2026-08-11 05:02:27 up= 638.0m prev=     0 cach=     0 miss=     0 load=    0 prox=  -1% srcLag=  -1.0s shownLag=  -1.0s rss=    -1.0MB thr=  1 pools=  5 campools= 0 children=    22 items=      0 camTot=       0 camMax=      0 watch=0/0 saved=0 gcObj=   93734 qpix=    -1 qimg=    -1 axisH=  0.0 online=0
2026-08-11 05:03:27 up= 639.0m prev=     0 cach=     0 miss=     0 load=    0 prox=  -1% srcLag=  -1.0s shownLag=  -1.0s rss=    -1.0MB thr=  1 pools=  5 campools= 0 children=    22 items=      0 camTot=       0 camMax=      0 watch=0/0 saved=0 gcObj=   93762 qpix=    -1 qimg=    -1 axisH=  0.0 online=0
2026-08-11 05:04:27 up= 640.0m prev=     0 cach=     0 miss=     0 load=    0 prox=  -1% srcLag=  -1.0s shownLag=  -1.0s rss=    -1.0MB thr=  1 pools=  5 campools= 0 children=    22 items=      0 camTot=       0 camMax=      0 watch=0/0 saved=0 gcObj=   93790 qpix=    -1 qimg=    -1 axisH=  0.0 online=0
2026-08-11 05:05:27 up= 641.0m prev=     0 cach=     0 miss=     0 load=    0 prox=  -1% srcLag=  -1.0s shownLag=  -1.0s rss=    -1.0MB thr=  1 pools=  5 campools= 0 children=    22 items=      0 camTot=       0 camMax=      0 watch=0/0 saved=0 gcObj=   93818 qpix=    -1 qimg=    -1 axisH=  0.0 online=0
2026-08-11 05:06:27 up= 642.0m prev=     0 cach=     0 miss=     0 load=    0 prox=  -1% srcLag=  -1.0s shownLag=  -1.0s rss=    -1.0MB thr=  1 pools=  5 campools= 0 children=    22 items=      0 camTot=       0 camMax=      0 watch=0/0 saved=0 gcObj=   93846 qpix=    -1 qimg=    -1 axisH=  0.0 online=0
2026-08-11 05:07:27 up= 643.0m prev=     0 cach=     0 miss=     0 load=    0 prox=  -1% srcLag=  -1.0s shownLag=  -1.0s rss=    -1.0MB thr=  1 pools=  5 campools= 0 children=    22 items=      0 camTot=       0 camMax=      0 watch=0/0 saved=0 gcObj=   93874 qpix=    -1 qimg=    -1 axisH=  0.0 online=0
2026-08-11 05:08:27 up= 644.0m prev=     0 cach=     0 miss=     0 load=    0 prox=  -1% srcLag=  -1.0s shownLag=  -1.0s rss=    -1.0MB thr=  1 pools=  5 campools= 0 children=    22 items=      0 camTot=       0 camMax=      0 watch=0/0 saved=0 gcObj=   93902 qpix=    -1 qimg=    -1 axisH=  0.0 online=0
2026-08-11 05:09:27 up= 645.0m prev=     0 cach=     0 miss=     0 load=    0 prox=  -1% srcLag=  -1.0s shownLag=  -1.0s rss=    -1.0MB thr=  1 pools=  5 campools= 0 children=    22 items=      0 camTot=       0 camMax=      0 watch=0/0 saved=0 gcObj=   93930 qpix=    -1 qimg=    -1 axisH=  0.0 online=0
2026-08-11 05:10:27 up= 646.0m prev=     0 cach=     0 miss=     0 load=    0 prox=  -1% srcLag=  -1.0s shownLag=  -1.0s rss=    -1.0MB thr=  1 pools=  5 campools= 0 children=    22 items=      0 camTot=       0 camMax=      0 watch=0/0 saved=0 gcObj=   93958 qpix=    -1 qimg=    -1 axisH=  0.0 online=0
2026-08-11 05:11:27 up= 647.0m prev=     0 cach=     0 miss=     0 load=    0 prox=  -1% srcLag=  -1.0s shownLag=  -1.0s rss=    -1.0MB thr=  1 pools=  5 campools= 0 children=    22 items=      0 camTot=       0 camMax=      0 watch=0/0 saved=0 gcObj=   93986 qpix=    -1 qimg=    -1 axisH=  0.0 online=0
2026-08-11 05:12:27 up= 648.0m prev=     0 cach=     0 miss=     0 load=    0 prox=  -1% srcLag=  -1.0s shownLag=  -1.0s rss=    -1.0MB thr=  1 pools=  5 campools= 0 children=    22 items=      0 camTot=       0 camMax=      0 watch=0/0 saved=0 gcObj=   92753 qpix=    -1 qimg=    -1 axisH=  0.0 online=0
2026-08-11 05:13:27 up= 649.0m prev=     0 cach=     0 miss=     0 load=    0 prox=  -1% srcLag=  -1.0s shownLag=  -1.0s rss=    -1.0MB thr=  1 pools=  5 campools= 0 children=    22 items=      0 camTot=       0 camMax=      0 watch=0/0 saved=0 gcObj=   92781 qpix=    -1 qimg=    -1 axisH=  0.0 online=0
2026-08-11 05:14:27 up= 650.0m prev=     0 cach=     0 miss=     0 load=    0 prox=  -1% srcLag=  -1.0s shownLag=  -1.0s rss=    -1.0MB thr=  1 pools=  5 campools= 0 children=    22 items=      0 camTot=       0 camMax=      0 watch=0/0 saved=0 gcObj=   92809 qpix=    -1 qimg=    -1 axisH=  0.0 online=0
2026-08-11 05:15:27 up= 651.0m prev=     0 cach=     0 miss=     0 load=    0 prox=  -1% srcLag=  -1.0s shownLag=  -1.0s rss=    -1.0MB thr=  1 pools=  5 campools= 0 children=    22 items=      0 camTot=       0 camMax=      0 watch=0/0 saved=0 gcObj=   92837 qpix=    -1 qimg=    -1 axisH=  0.0 online=0
2026-08-11 05:16:27 up= 652.0m prev=     0 cach=     0 miss=     0 load=    0 prox=  -1% srcLag=  -1.0s shownLag=  -1.0s rss=    -1.0MB thr=  1 pools=  5 campools= 0 children=    22 items=      0 camTot=       0 camMax=      0 watch=0/0 saved=0 gcObj=   92865 qpix=    -1 qimg=    -1 axisH=  0.0 online=0
2026-08-11 05:17:27 up= 653.0m prev=     0 cach=     0 miss=     0 load=    0 prox=  -1% srcLag=  -1.0s shownLag=  -1.0s rss=    -1.0MB thr=  1 pools=  5 campools= 0 children=    22 items=      0 camTot=       0 camMax=      0 watch=0/0 saved=0 gcObj=   92893 qpix=    -1 qimg=    -1 axisH=  0.0 online=0
2026-08-11 05:18:27 up= 654.0m prev=     0 cach=     0 miss=     0 load=    0 prox=  -1% srcLag=  -1.0s shownLag=  -1.0s rss=    -1.0MB thr=  1 pools=  5 campools= 0 children=    22 items=      0 camTot=       0 camMax=      0 watch=0/0 saved=0 gcObj=   92921 qpix=    -1 qimg=    -1 axisH=  0.0 online=0
2026-08-11 05:19:27 up= 655.0m prev=     0 cach=     0 miss=     0 load=    0 prox=  -1% srcLag=  -1.0s shownLag=  -1.0s rss=    -1.0MB thr=  1 pools=  5 campools= 0 children=    22 items=      0 camTot=       0 camMax=      0 watch=0/0 saved=0 gcObj=   92949 qpix=    -1 qimg=    -1 axisH=  0.0 online=0
2026-08-11 05:20:27 up= 656.0m prev=     0 cach=     0 miss=     0 load=    0 prox=  -1% srcLag=  -1.0s shownLag=  -1.0s rss=    -1.0MB thr=  1 pools=  5 campools= 0 children=    22 items=      0 camTot=       0 camMax=      0 watch=0/0 saved=0 gcObj=   92977 qpix=    -1 qimg=    -1 axisH=  0.0 online=0
2026-08-11 05:21:27 up= 657.0m prev=     0 cach=     0 miss=     0 load=    0 prox=  -1% srcLag=  -1.0s shownLag=  -1.0s rss=    -1.0MB thr=  1 pools=  5 campools= 0 children=    22 items=      0 camTot=       0 camMax=      0 watch=0/0 saved=0 gcObj=   93005 qpix=    -1 qimg=    -1 axisH=  0.0 online=0
2026-08-11 05:22:27 up= 658.0m prev=     0 cach=     0 miss=     0 load=    0 prox=  -1% srcLag=  -1.0s shownLag=  -1.0s rss=    -1.0MB thr=  1 pools=  5 campools= 0 children=    22 items=      0 camTot=       0 camMax=      0 watch=0/0 saved=0 gcObj=   93033 qpix=    -1 qimg=    -1 axisH=  0.0 online=0
2026-08-11 05:23:27 up= 659.0m prev=     0 cach=     0 miss=     0 load=    0 prox=  -1% srcLag=  -1.0s shownLag=  -1.0s rss=    -1.0MB thr=  1 pools=  5 campools= 0 children=    22 items=      0 camTot=       0 camMax=      0 watch=0/0 saved=0 gcObj=   93061 qpix=    -1 qimg=    -1 axisH=  0.0 online=0
2026-08-11 05:24:27 up= 660.0m prev=     0 cach=     0 miss=     0 load=    0 prox=  -1% srcLag=  -1.0s shownLag=  -1.0s rss=    -1.0MB thr=  1 pools=  5 campools= 0 children=    22 items=      0 camTot=       0 camMax=      0 watch=0/0 saved=0 gcObj=   93089 qpix=    -1 qimg=    -1 axisH=  0.0 online=0
2026-08-11 05:25:27 up= 661.0m prev=     0 cach=     0 miss=     0 load=    0 prox=  -1% srcLag=  -1.0s shownLag=  -1.0s rss=    -1.0MB thr=  1 pools=  5 campools= 0 children=    22 items=      0 camTot=       0 camMax=      0 watch=0/0 saved=0 gcObj=   93117 qpix=    -1 qimg=    -1 axisH=  0.0 online=0
2026-08-11 05:26:27 up= 662.0m prev=     0 cach=     0 miss=     0 load=    0 prox=  -1% srcLag=  -1.0s shownLag=  -1.0s rss=    -1.0MB thr=  1 pools=  5 campools= 0 children=    22 items=      0 camTot=       0 camMax=      0 watch=0/0 saved=0 gcObj=   93145 qpix=    -1 qimg=    -1 axisH=  0.0 online=0
2026-08-11 05:27:27 up= 663.0m prev=     0 cach=     0 miss=     0 load=    0 prox=  -1% srcLag=  -1.0s shownLag=  -1.0s rss=    -1.0MB thr=  1 pools=  5 campools= 0 children=    22 items=      0 camTot=       0 camMax=      0 watch=0/0 saved=0 gcObj=   93173 qpix=    -1 qimg=    -1 axisH=  0.0 online=0
2026-08-11 05:28:27 up= 664.0m prev=     0 cach=     0 miss=     0 load=    0 prox=  -1% srcLag=  -1.0s shownLag=  -1.0s rss=    -1.0MB thr=  1 pools=  5 campools= 0 children=    22 items=      0 camTot=       0 camMax=      0 watch=0/0 saved=0 gcObj=   93201 qpix=    -1 qimg=    -1 axisH=  0.0 online=0
2026-08-11 05:29:27 up= 665.0m prev=     0 cach=     0 miss=     0 load=    0 prox=  -1% srcLag=  -1.0s shownLag=  -1.0s rss=    -1.0MB thr=  1 pools=  5 campools= 0 children=    22 items=      0 camTot=       0 camMax=      0 watch=0/0 saved=0 gcObj=   93229 qpix=    -1 qimg=    -1 axisH=  0.0 online=0
2026-08-11 05:30:27 up= 666.0m prev=     0 cach=     0 miss=     0 load=    0 prox=  -1% srcLag=  -1.0s shownLag=  -1.0s rss=    -1.0MB thr=  1 pools=  5 campools= 0 children=    22 items=      0 camTot=       0 camMax=      0 watch=0/0 saved=0 gcObj=   93257 qpix=    -1 qimg=    -1 axisH=  0.0 online=0
2026-08-11 05:31:27 up= 667.0m prev=     0 cach=     0 miss=     0 load=    0 prox=  -1% srcLag=  -1.0s shownLag=  -1.0s rss=    -1.0MB thr=  1 pools=  5 campools= 0 children=    22 items=      0 camTot=       0 camMax=      0 watch=0/0 saved=0 gcObj=   93285 qpix=    -1 qimg=    -1 axisH=  0.0 online=0
2026-08-11 05:32:27 up= 668.0m prev=     0 cach=     0 miss=     0 load=    0 prox=  -1% srcLag=  -1.0s shownLag=  -1.0s rss=    -1.0MB thr=  1 pools=  5 campools= 0 children=    22 items=      0 camTot=       0 camMax=      0 watch=0/0 saved=0 gcObj=   93313 qpix=    -1 qimg=    -1 axisH=  0.0 online=0
2026-08-11 05:33:27 up= 669.0m prev=     0 cach=     0 miss=     0 load=    0 prox=  -1% srcLag=  -1.0s shownLag=  -1.0s rss=    -1.0MB thr=  1 pools=  5 campools= 0 children=    22 items=      0 camTot=       0 camMax=      0 watch=0/0 saved=0 gcObj=   93341 qpix=    -1 qimg=    -1 axisH=  0.0 online=0
2026-08-11 05:34:27 up= 670.0m prev=     0 cach=     0 miss=     0 load=    0 prox=  -1% srcLag=  -1.0s shownLag=  -1.0s rss=    -1.0MB thr=  1 pools=  5 campools= 0 children=    22 items=      0 camTot=       0 camMax=      0 watch=0/0 saved=0 gcObj=   93369 qpix=    -1 qimg=    -1 axisH=  0.0 online=0
2026-08-11 05:35:27 up= 671.0m prev=     0 cach=     0 miss=     0 load=    0 prox=  -1% srcLag=  -1.0s shownLag=  -1.0s rss=    -1.0MB thr=  1 pools=  5 campools= 0 children=    22 items=      0 camTot=       0 camMax=      0 watch=0/0 saved=0 gcObj=   93397 qpix=    -1 qimg=    -1 axisH=  0.0 online=0
2026-08-11 05:36:27 up= 672.0m prev=     0 cach=     0 miss=     0 load=    0 prox=  -1% srcLag=  -1.0s shownLag=  -1.0s rss=    -1.0MB thr=  1 pools=  5 campools= 0 children=    22 items=      0 camTot=       0 camMax=      0 watch=0/0 saved=0 gcObj=   93425 qpix=    -1 qimg=    -1 axisH=  0.0 online=0
2026-08-11 05:37:27 up= 673.0m prev=     0 cach=     0 miss=     0 load=    0 prox=  -1% srcLag=  -1.0s shownLag=  -1.0s rss=    -1.0MB thr=  1 pools=  5 campools= 0 children=    22 items=      0 camTot=       0 camMax=      0 watch=0/0 saved=0 gcObj=   93453 qpix=    -1 qimg=    -1 axisH=  0.0 online=0
2026-08-11 05:38:27 up= 674.0m prev=     0 cach=     0 miss=     0 load=    0 prox=  -1% srcLag=  -1.0s shownLag=  -1.0s rss=    -1.0MB thr=  1 pools=  5 campools= 0 children=    22 items=      0 camTot=       0 camMax=      0 watch=0/0 saved=0 gcObj=   93481 qpix=    -1 qimg=    -1 axisH=  0.0 online=0
2026-08-11 05:39:27 up= 675.0m prev=     0 cach=     0 miss=     0 load=    0 prox=  -1% srcLag=  -1.0s shownLag=  -1.0s rss=    -1.0MB thr=  1 pools=  5 campools= 0 children=    22 items=      0 camTot=       0 camMax=      0 watch=0/0 saved=0 gcObj=   93509 qpix=    -1 qimg=    -1 axisH=  0.0 online=0
2026-08-11 05:40:27 up= 676.0m prev=     0 cach=     0 miss=     0 load=    0 prox=  -1% srcLag=  -1.0s shownLag=  -1.0s rss=    -1.0MB thr=  1 pools=  5 campools= 0 children=    22 items=      0 camTot=       0 camMax=      0 watch=0/0 saved=0 gcObj=   93537 qpix=    -1 qimg=    -1 axisH=  0.0 online=0
2026-08-11 05:41:27 up= 677.0m prev=     0 cach=     0 miss=     0 load=    0 prox=  -1% srcLag=  -1.0s shownLag=  -1.0s rss=    -1.0MB thr=  1 pools=  5 campools= 0 children=    22 items=      0 camTot=       0 camMax=      0 watch=0/0 saved=0 gcObj=   93565 qpix=    -1 qimg=    -1 axisH=  0.0 online=0
2026-08-11 05:42:27 up= 678.0m prev=     0 cach=     0 miss=     0 load=    0 prox=  -1% srcLag=  -1.0s shownLag=  -1.0s rss=    -1.0MB thr=  1 pools=  5 campools= 0 children=    22 items=      0 camTot=       0 camMax=      0 watch=0/0 saved=0 gcObj=   93593 qpix=    -1 qimg=    -1 axisH=  0.0 online=0
2026-08-11 05:43:27 up= 679.0m prev=     0 cach=     0 miss=     0 load=    0 prox=  -1% srcLag=  -1.0s shownLag=  -1.0s rss=    -1.0MB thr=  1 pools=  5 campools= 0 children=    22 items=      0 camTot=       0 camMax=      0 watch=0/0 saved=0 gcObj=   93621 qpix=    -1 qimg=    -1 axisH=  0.0 online=0
2026-08-11 05:44:27 up= 680.0m prev=     0 cach=     0 miss=     0 load=    0 prox=  -1% srcLag=  -1.0s shownLag=  -1.0s rss=    -1.0MB thr=  1 pools=  5 campools= 0 children=    22 items=      0 camTot=       0 camMax=      0 watch=0/0 saved=0 gcObj=   93649 qpix=    -1 qimg=    -1 axisH=  0.0 online=0
2026-08-11 05:45:27 up= 681.0m prev=     0 cach=     0 miss=     0 load=    0 prox=  -1% srcLag=  -1.0s shownLag=  -1.0s rss=    -1.0MB thr=  1 pools=  5 campools= 0 children=    22 items=      0 camTot=       0 camMax=      0 watch=0/0 saved=0 gcObj=   93677 qpix=    -1 qimg=    -1 axisH=  0.0 online=0
2026-08-11 05:46:27 up= 682.0m prev=     0 cach=     0 miss=     0 load=    0 prox=  -1% srcLag=  -1.0s shownLag=  -1.0s rss=    -1.0MB thr=  1 pools=  5 campools= 0 children=    22 items=      0 camTot=       0 camMax=      0 watch=0/0 saved=0 gcObj=   93705 qpix=    -1 qimg=    -1 axisH=  0.0 online=0
2026-08-11 05:47:27 up= 683.0m prev=     0 cach=     0 miss=     0 load=    0 prox=  -1% srcLag=  -1.0s shownLag=  -1.0s rss=    -1.0MB thr=  1 pools=  5 campools= 0 children=    22 items=      0 camTot=       0 camMax=      0 watch=0/0 saved=0 gcObj=   93733 qpix=    -1 qimg=    -1 axisH=  0.0 online=0
2026-08-11 05:48:27 up= 684.0m prev=     0 cach=     0 miss=     0 load=    0 prox=  -1% srcLag=  -1.0s shownLag=  -1.0s rss=    -1.0MB thr=  1 pools=  5 campools= 0 children=    22 items=      0 camTot=       0 camMax=      0 watch=0/0 saved=0 gcObj=   93761 qpix=    -1 qimg=    -1 axisH=  0.0 online=0
2026-08-11 05:49:27 up= 685.0m prev=     0 cach=     0 miss=     0 load=    0 prox=  -1% srcLag=  -1.0s shownLag=  -1.0s rss=    -1.0MB thr=  1 pools=  5 campools= 0 children=    22 items=      0 camTot=       0 camMax=      0 watch=0/0 saved=0 gcObj=   93789 qpix=    -1 qimg=    -1 axisH=  0.0 online=0
2026-08-11 05:50:27 up= 686.0m prev=     0 cach=     0 miss=     0 load=    0 prox=  -1% srcLag=  -1.0s shownLag=  -1.0s rss=    -1.0MB thr=  1 pools=  5 campools= 0 children=    22 items=      0 camTot=       0 camMax=      0 watch=0/0 saved=0 gcObj=   93817 qpix=    -1 qimg=    -1 axisH=  0.0 online=0
2026-08-11 05:51:27 up= 687.0m prev=     0 cach=     0 miss=     0 load=    0 prox=  -1% srcLag=  -1.0s shownLag=  -1.0s rss=    -1.0MB thr=  1 pools=  5 campools= 0 children=    22 items=      0 camTot=       0 camMax=      0 watch=0/0 saved=0 gcObj=   93845 qpix=    -1 qimg=    -1 axisH=  0.0 online=0
2026-08-11 05:52:27 up= 688.0m prev=     0 cach=     0 miss=     0 load=    0 prox=  -1% srcLag=  -1.0s shownLag=  -1.0s rss=    -1.0MB thr=  1 pools=  5 campools= 0 children=    22 items=      0 camTot=       0 camMax=      0 watch=0/0 saved=0 gcObj=   93873 qpix=    -1 qimg=    -1 axisH=  0.0 online=0
2026-08-11 05:53:27 up= 689.0m prev=     0 cach=     0 miss=     0 load=    0 prox=  -1% srcLag=  -1.0s shownLag=  -1.0s rss=    -1.0MB thr=  1 pools=  5 campools= 0 children=    22 items=      0 camTot=       0 camMax=      0 watch=0/0 saved=0 gcObj=   93901 qpix=    -1 qimg=    -1 axisH=  0.0 online=0
2026-08-11 05:54:27 up= 690.0m prev=     0 cach=     0 miss=     0 load=    0 prox=  -1% srcLag=  -1.0s shownLag=  -1.0s rss=    -1.0MB thr=  1 pools=  5 campools= 0 children=    22 items=      0 camTot=       0 camMax=      0 watch=0/0 saved=0 gcObj=   93929 qpix=    -1 qimg=    -1 axisH=  0.0 online=0
2026-08-11 05:55:27 up= 691.0m prev=     0 cach=     0 miss=     0 load=    0 prox=  -1% srcLag=  -1.0s shownLag=  -1.0s rss=    -1.0MB thr=  1 pools=  5 campools= 0 children=    22 items=      0 camTot=       0 camMax=      0 watch=0/0 saved=0 gcObj=   93957 qpix=    -1 qimg=    -1 axisH=  0.0 online=0
2026-08-11 05:56:27 up= 692.0m prev=     0 cach=     0 miss=     0 load=    0 prox=  -1% srcLag=  -1.0s shownLag=  -1.0s rss=    -1.0MB thr=  1 pools=  5 campools= 0 children=    22 items=      0 camTot=       0 camMax=      0 watch=0/0 saved=0 gcObj=   93985 qpix=    -1 qimg=    -1 axisH=  0.0 online=0
2026-08-11 05:57:27 up= 693.0m prev=     0 cach=     0 miss=     0 load=    0 prox=  -1% srcLag=  -1.0s shownLag=  -1.0s rss=    -1.0MB thr=  1 pools=  5 campools= 0 children=    22 items=      0 camTot=       0 camMax=      0 watch=0/0 saved=0 gcObj=   94013 qpix=    -1 qimg=    -1 axisH=  0.0 online=0
2026-08-11 05:58:27 up= 694.0m prev=     0 cach=     0 miss=     0 load=    0 prox=  -1% srcLag=  -1.0s shownLag=  -1.0s rss=    -1.0MB thr=  1 pools=  5 campools= 0 children=    22 items=      0 camTot=       0 camMax=      0 watch=0/0 saved=0 gcObj=   92780 qpix=    -1 qimg=    -1 axisH=  0.0 online=0
2026-08-11 05:59:27 up= 695.0m prev=     0 cach=     0 miss=     0 load=    0 prox=  -1% srcLag=  -1.0s shownLag=  -1.0s rss=    -1.0MB thr=  1 pools=  5 campools= 0 children=    22 items=      0 camTot=       0 camMax=      0 watch=0/0 saved=0 gcObj=   92808 qpix=    -1 qimg=    -1 axisH=  0.0 online=0
2026-08-11 06:00:27 up= 696.0m prev=     0 cach=     0 miss=     0 load=    0 prox=  -1% srcLag=  -1.0s shownLag=  -1.0s rss=    -1.0MB thr=  1 pools=  5 campools= 0 children=    22 items=      0 camTot=       0 camMax=      0 watch=0/0 saved=0 gcObj=   92836 qpix=    -1 qimg=    -1 axisH=  0.0 online=0
2026-08-11 06:01:27 up= 697.0m prev=     0 cach=     0 miss=     0 load=    0 prox=  -1% srcLag=  -1.0s shownLag=  -1.0s rss=    -1.0MB thr=  1 pools=  5 campools= 0 children=    22 items=      0 camTot=       0 camMax=      0 watch=0/0 saved=0 gcObj=   92864 qpix=    -1 qimg=    -1 axisH=  0.0 online=0
2026-08-11 06:02:27 up= 698.0m prev=     0 cach=     0 miss=     0 load=    0 prox=  -1% srcLag=  -1.0s shownLag=  -1.0s rss=    -1.0MB thr=  1 pools=  5 campools= 0 children=    22 items=      0 camTot=       0 camMax=      0 watch=0/0 saved=0 gcObj=   92892 qpix=    -1 qimg=    -1 axisH=  0.0 online=0
2026-08-11 06:03:27 up= 699.0m prev=     0 cach=     0 miss=     0 load=    0 prox=  -1% srcLag=  -1.0s shownLag=  -1.0s rss=    -1.0MB thr=  1 pools=  5 campools= 0 children=    22 items=      0 camTot=       0 camMax=      0 watch=0/0 saved=0 gcObj=   92920 qpix=    -1 qimg=    -1 axisH=  0.0 online=0
2026-08-11 06:04:27 up= 700.0m prev=     0 cach=     0 miss=     0 load=    0 prox=  -1% srcLag=  -1.0s shownLag=  -1.0s rss=    -1.0MB thr=  1 pools=  5 campools= 0 children=    22 items=      0 camTot=       0 camMax=      0 watch=0/0 saved=0 gcObj=   92948 qpix=    -1 qimg=    -1 axisH=  0.0 online=0
2026-08-11 06:05:27 up= 701.0m prev=     0 cach=     0 miss=     0 load=    0 prox=  -1% srcLag=  -1.0s shownLag=  -1.0s rss=    -1.0MB thr=  1 pools=  5 campools= 0 children=    22 items=      0 camTot=       0 camMax=      0 watch=0/0 saved=0 gcObj=   92976 qpix=    -1 qimg=    -1 axisH=  0.0 online=0
2026-08-11 06:06:27 up= 702.0m prev=     0 cach=     0 miss=     0 load=    0 prox=  -1% srcLag=  -1.0s shownLag=  -1.0s rss=    -1.0MB thr=  1 pools=  5 campools= 0 children=    22 items=      0 camTot=       0 camMax=      0 watch=0/0 saved=0 gcObj=   93004 qpix=    -1 qimg=    -1 axisH=  0.0 online=0
2026-08-11 06:07:27 up= 703.0m prev=     0 cach=     0 miss=     0 load=    0 prox=  -1% srcLag=  -1.0s shownLag=  -1.0s rss=    -1.0MB thr=  1 pools=  5 campools= 0 children=    22 items=      0 camTot=       0 camMax=      0 watch=0/0 saved=0 gcObj=   93032 qpix=    -1 qimg=    -1 axisH=  0.0 online=0
2026-08-11 06:08:27 up= 704.0m prev=     0 cach=     0 miss=     0 load=    0 prox=  -1% srcLag=  -1.0s shownLag=  -1.0s rss=    -1.0MB thr=  1 pools=  5 campools= 0 children=    22 items=      0 camTot=       0 camMax=      0 watch=0/0 saved=0 gcObj=   93060 qpix=    -1 qimg=    -1 axisH=  0.0 online=0
2026-08-11 06:09:27 up= 705.0m prev=     0 cach=     0 miss=     0 load=    0 prox=  -1% srcLag=  -1.0s shownLag=  -1.0s rss=    -1.0MB thr=  1 pools=  5 campools= 0 children=    22 items=      0 camTot=       0 camMax=      0 watch=0/0 saved=0 gcObj=   93088 qpix=    -1 qimg=    -1 axisH=  0.0 online=0
2026-08-11 06:10:27 up= 706.0m prev=     0 cach=     0 miss=     0 load=    0 prox=  -1% srcLag=  -1.0s shownLag=  -1.0s rss=    -1.0MB thr=  1 pools=  5 campools= 0 children=    22 items=      0 camTot=       0 camMax=      0 watch=0/0 saved=0 gcObj=   93116 qpix=    -1 qimg=    -1 axisH=  0.0 online=0
2026-08-11 06:11:27 up= 707.0m prev=     0 cach=     0 miss=     0 load=    0 prox=  -1% srcLag=  -1.0s shownLag=  -1.0s rss=    -1.0MB thr=  1 pools=  5 campools= 0 children=    22 items=      0 camTot=       0 camMax=      0 watch=0/0 saved=0 gcObj=   93144 qpix=    -1 qimg=    -1 axisH=  0.0 online=0
2026-08-11 06:12:27 up= 708.0m prev=     0 cach=     0 miss=     0 load=    0 prox=  -1% srcLag=  -1.0s shownLag=  -1.0s rss=    -1.0MB thr=  1 pools=  5 campools= 0 children=    22 items=      0 camTot=       0 camMax=      0 watch=0/0 saved=0 gcObj=   93172 qpix=    -1 qimg=    -1 axisH=  0.0 online=0
2026-08-11 06:13:27 up= 709.0m prev=     0 cach=     0 miss=     0 load=    0 prox=  -1% srcLag=  -1.0s shownLag=  -1.0s rss=    -1.0MB thr=  1 pools=  5 campools= 0 children=    22 items=      0 camTot=       0 camMax=      0 watch=0/0 saved=0 gcObj=   93200 qpix=    -1 qimg=    -1 axisH=  0.0 online=0
2026-08-11 06:14:27 up= 710.0m prev=     0 cach=     0 miss=     0 load=    0 prox=  -1% srcLag=  -1.0s shownLag=  -1.0s rss=    -1.0MB thr=  1 pools=  5 campools= 0 children=    22 items=      0 camTot=       0 camMax=      0 watch=0/0 saved=0 gcObj=   93228 qpix=    -1 qimg=    -1 axisH=  0.0 online=0
2026-08-11 06:15:27 up= 711.0m prev=     0 cach=     0 miss=     0 load=    0 prox=  -1% srcLag=  -1.0s shownLag=  -1.0s rss=    -1.0MB thr=  1 pools=  5 campools= 0 children=    22 items=      0 camTot=       0 camMax=      0 watch=0/0 saved=0 gcObj=   93256 qpix=    -1 qimg=    -1 axisH=  0.0 online=0
2026-08-11 06:16:27 up= 712.0m prev=     0 cach=     0 miss=     0 load=    0 prox=  -1% srcLag=  -1.0s shownLag=  -1.0s rss=    -1.0MB thr=  1 pools=  5 campools= 0 children=    22 items=      0 camTot=       0 camMax=      0 watch=0/0 saved=0 gcObj=   93284 qpix=    -1 qimg=    -1 axisH=  0.0 online=0
2026-08-11 06:17:27 up= 713.0m prev=     0 cach=     0 miss=     0 load=    0 prox=  -1% srcLag=  -1.0s shownLag=  -1.0s rss=    -1.0MB thr=  1 pools=  5 campools= 0 children=    22 items=      0 camTot=       0 camMax=      0 watch=0/0 saved=0 gcObj=   93312 qpix=    -1 qimg=    -1 axisH=  0.0 online=0
2026-08-11 06:18:27 up= 714.0m prev=     0 cach=     0 miss=     0 load=    0 prox=  -1% srcLag=  -1.0s shownLag=  -1.0s rss=    -1.0MB thr=  1 pools=  5 campools= 0 children=    22 items=      0 camTot=       0 camMax=      0 watch=0/0 saved=0 gcObj=   93340 qpix=    -1 qimg=    -1 axisH=  0.0 online=0
2026-08-11 06:19:27 up= 715.0m prev=     0 cach=     0 miss=     0 load=    0 prox=  -1% srcLag=  -1.0s shownLag=  -1.0s rss=    -1.0MB thr=  1 pools=  5 campools= 0 children=    22 items=      0 camTot=       0 camMax=      0 watch=0/0 saved=0 gcObj=   93368 qpix=    -1 qimg=    -1 axisH=  0.0 online=0
2026-08-11 06:20:27 up= 716.0m prev=     0 cach=     0 miss=     0 load=    0 prox=  -1% srcLag=  -1.0s shownLag=  -1.0s rss=    -1.0MB thr=  1 pools=  5 campools= 0 children=    22 items=      0 camTot=       0 camMax=      0 watch=0/0 saved=0 gcObj=   93396 qpix=    -1 qimg=    -1 axisH=  0.0 online=0
2026-08-11 06:21:27 up= 717.0m prev=     0 cach=     0 miss=     0 load=    0 prox=  -1% srcLag=  -1.0s shownLag=  -1.0s rss=    -1.0MB thr=  1 pools=  5 campools= 0 children=    22 items=      0 camTot=       0 camMax=      0 watch=0/0 saved=0 gcObj=   93424 qpix=    -1 qimg=    -1 axisH=  0.0 online=0
2026-08-11 06:22:27 up= 718.0m prev=     0 cach=     0 miss=     0 load=    0 prox=  -1% srcLag=  -1.0s shownLag=  -1.0s rss=    -1.0MB thr=  1 pools=  5 campools= 0 children=    22 items=      0 camTot=       0 camMax=      0 watch=0/0 saved=0 gcObj=   93452 qpix=    -1 qimg=    -1 axisH=  0.0 online=0
2026-08-11 06:23:27 up= 719.0m prev=     0 cach=     0 miss=     0 load=    0 prox=  -1% srcLag=  -1.0s shownLag=  -1.0s rss=    -1.0MB thr=  1 pools=  5 campools= 0 children=    22 items=      0 camTot=       0 camMax=      0 watch=0/0 saved=0 gcObj=   93480 qpix=    -1 qimg=    -1 axisH=  0.0 online=0
2026-08-11 06:24:27 up= 720.0m prev=     0 cach=     0 miss=     0 load=    0 prox=  -1% srcLag=  -1.0s shownLag=  -1.0s rss=    -1.0MB thr=  1 pools=  5 campools= 0 children=    22 items=      0 camTot=       0 camMax=      0 watch=0/0 saved=0 gcObj=   93508 qpix=    -1 qimg=    -1 axisH=  0.0 online=0
2026-08-11 06:25:27 up= 721.0m prev=     0 cach=     0 miss=     0 load=    0 prox=  -1% srcLag=  -1.0s shownLag=  -1.0s rss=    -1.0MB thr=  1 pools=  5 campools= 0 children=    22 items=      0 camTot=       0 camMax=      0 watch=0/0 saved=0 gcObj=   93536 qpix=    -1 qimg=    -1 axisH=  0.0 online=0
2026-08-11 06:26:27 up= 722.0m prev=     0 cach=     0 miss=     0 load=    0 prox=  -1% srcLag=  -1.0s shownLag=  -1.0s rss=    -1.0MB thr=  1 pools=  5 campools= 0 children=    22 items=      0 camTot=       0 camMax=      0 watch=0/0 saved=0 gcObj=   93564 qpix=    -1 qimg=    -1 axisH=  0.0 online=0
2026-08-11 06:27:27 up= 723.0m prev=     0 cach=     0 miss=     0 load=    0 prox=  -1% srcLag=  -1.0s shownLag=  -1.0s rss=    -1.0MB thr=  1 pools=  5 campools= 0 children=    22 items=      0 camTot=       0 camMax=      0 watch=0/0 saved=0 gcObj=   93592 qpix=    -1 qimg=    -1 axisH=  0.0 online=0
2026-08-11 06:28:27 up= 724.0m prev=     0 cach=     0 miss=     0 load=    0 prox=  -1% srcLag=  -1.0s shownLag=  -1.0s rss=    -1.0MB thr=  1 pools=  5 campools= 0 children=    22 items=      0 camTot=       0 camMax=      0 watch=0/0 saved=0 gcObj=   93620 qpix=    -1 qimg=    -1 axisH=  0.0 online=0
2026-08-11 06:29:27 up= 725.0m prev=     0 cach=     0 miss=     0 load=    0 prox=  -1% srcLag=  -1.0s shownLag=  -1.0s rss=    -1.0MB thr=  1 pools=  5 campools= 0 children=    22 items=      0 camTot=       0 camMax=      0 watch=0/0 saved=0 gcObj=   93648 qpix=    -1 qimg=    -1 axisH=  0.0 online=0
2026-08-11 06:30:27 up= 726.0m prev=     0 cach=     0 miss=     0 load=    0 prox=  -1% srcLag=  -1.0s shownLag=  -1.0s rss=    -1.0MB thr=  1 pools=  5 campools= 0 children=    22 items=      0 camTot=       0 camMax=      0 watch=0/0 saved=0 gcObj=   93676 qpix=    -1 qimg=    -1 axisH=  0.0 online=0
2026-08-11 06:31:27 up= 727.0m prev=     0 cach=     0 miss=     0 load=    0 prox=  -1% srcLag=  -1.0s shownLag=  -1.0s rss=    -1.0MB thr=  1 pools=  5 campools= 0 children=    22 items=      0 camTot=       0 camMax=      0 watch=0/0 saved=0 gcObj=   93704 qpix=    -1 qimg=    -1 axisH=  0.0 online=0
2026-08-11 06:32:27 up= 728.0m prev=     0 cach=     0 miss=     0 load=    0 prox=  -1% srcLag=  -1.0s shownLag=  -1.0s rss=    -1.0MB thr=  1 pools=  5 campools= 0 children=    22 items=      0 camTot=       0 camMax=      0 watch=0/0 saved=0 gcObj=   93732 qpix=    -1 qimg=    -1 axisH=  0.0 online=0
2026-08-11 06:33:27 up= 729.0m prev=     0 cach=     0 miss=     0 load=    0 prox=  -1% srcLag=  -1.0s shownLag=  -1.0s rss=    -1.0MB thr=  1 pools=  5 campools= 0 children=    22 items=      0 camTot=       0 camMax=      0 watch=0/0 saved=0 gcObj=   93760 qpix=    -1 qimg=    -1 axisH=  0.0 online=0
2026-08-11 06:34:27 up= 730.0m prev=     0 cach=     0 miss=     0 load=    0 prox=  -1% srcLag=  -1.0s shownLag=  -1.0s rss=    -1.0MB thr=  1 pools=  5 campools= 0 children=    22 items=      0 camTot=       0 camMax=      0 watch=0/0 saved=0 gcObj=   93788 qpix=    -1 qimg=    -1 axisH=  0.0 online=0
2026-08-11 06:35:27 up= 731.0m prev=     0 cach=     0 miss=     0 load=    0 prox=  -1% srcLag=  -1.0s shownLag=  -1.0s rss=    -1.0MB thr=  1 pools=  5 campools= 0 children=    22 items=      0 camTot=       0 camMax=      0 watch=0/0 saved=0 gcObj=   93816 qpix=    -1 qimg=    -1 axisH=  0.0 online=0
2026-08-11 06:36:27 up= 732.0m prev=     0 cach=     0 miss=     0 load=    0 prox=  -1% srcLag=  -1.0s shownLag=  -1.0s rss=    -1.0MB thr=  1 pools=  5 campools= 0 children=    22 items=      0 camTot=       0 camMax=      0 watch=0/0 saved=0 gcObj=   93844 qpix=    -1 qimg=    -1 axisH=  0.0 online=0
2026-08-11 06:37:27 up= 733.0m prev=     0 cach=     0 miss=     0 load=    0 prox=  -1% srcLag=  -1.0s shownLag=  -1.0s rss=    -1.0MB thr=  1 pools=  5 campools= 0 children=    22 items=      0 camTot=       0 camMax=      0 watch=0/0 saved=0 gcObj=   93872 qpix=    -1 qimg=    -1 axisH=  0.0 online=0
2026-08-11 06:38:27 up= 734.0m prev=     0 cach=     0 miss=     0 load=    0 prox=  -1% srcLag=  -1.0s shownLag=  -1.0s rss=    -1.0MB thr=  1 pools=  5 campools= 0 children=    22 items=      0 camTot=       0 camMax=      0 watch=0/0 saved=0 gcObj=   93900 qpix=    -1 qimg=    -1 axisH=  0.0 online=0
2026-08-11 06:39:27 up= 735.0m prev=     0 cach=     0 miss=     0 load=    0 prox=  -1% srcLag=  -1.0s shownLag=  -1.0s rss=    -1.0MB thr=  1 pools=  5 campools= 0 children=    22 items=      0 camTot=       0 camMax=      0 watch=0/0 saved=0 gcObj=   93928 qpix=    -1 qimg=    -1 axisH=  0.0 online=0
2026-08-11 06:40:27 up= 736.0m prev=     0 cach=     0 miss=     0 load=    0 prox=  -1% srcLag=  -1.0s shownLag=  -1.0s rss=    -1.0MB thr=  1 pools=  5 campools= 0 children=    22 items=      0 camTot=       0 camMax=      0 watch=0/0 saved=0 gcObj=   93956 qpix=    -1 qimg=    -1 axisH=  0.0 online=0
2026-08-11 06:41:27 up= 737.0m prev=     0 cach=     0 miss=     0 load=    0 prox=  -1% srcLag=  -1.0s shownLag=  -1.0s rss=    -1.0MB thr=  1 pools=  5 campools= 0 children=    22 items=      0 camTot=       0 camMax=      0 watch=0/0 saved=0 gcObj=   93984 qpix=    -1 qimg=    -1 axisH=  0.0 online=0
2026-08-11 06:42:27 up= 738.0m prev=     0 cach=     0 miss=     0 load=    0 prox=  -1% srcLag=  -1.0s shownLag=  -1.0s rss=    -1.0MB thr=  1 pools=  5 campools= 0 children=    22 items=      0 camTot=       0 camMax=      0 watch=0/0 saved=0 gcObj=   94012 qpix=    -1 qimg=    -1 axisH=  0.0 online=0
2026-08-11 06:43:27 up= 739.0m prev=     0 cach=     0 miss=     0 load=    0 prox=  -1% srcLag=  -1.0s shownLag=  -1.0s rss=    -1.0MB thr=  1 pools=  5 campools= 0 children=    22 items=      0 camTot=       0 camMax=      0 watch=0/0 saved=0 gcObj=   94040 qpix=    -1 qimg=    -1 axisH=  0.0 online=0
2026-08-11 06:44:27 up= 740.0m prev=     0 cach=     0 miss=     0 load=    0 prox=  -1% srcLag=  -1.0s shownLag=  -1.0s rss=    -1.0MB thr=  1 pools=  5 campools= 0 children=    22 items=      0 camTot=       0 camMax=      0 watch=0/0 saved=0 gcObj=   92807 qpix=    -1 qimg=    -1 axisH=  0.0 online=0
2026-08-11 06:45:27 up= 741.0m prev=     0 cach=     0 miss=     0 load=    0 prox=  -1% srcLag=  -1.0s shownLag=  -1.0s rss=    -1.0MB thr=  1 pools=  5 campools= 0 children=    22 items=      0 camTot=       0 camMax=      0 watch=0/0 saved=0 gcObj=   92835 qpix=    -1 qimg=    -1 axisH=  0.0 online=0
2026-08-11 06:46:27 up= 742.0m prev=     0 cach=     0 miss=     0 load=    0 prox=  -1% srcLag=  -1.0s shownLag=  -1.0s rss=    -1.0MB thr=  1 pools=  5 campools= 0 children=    22 items=      0 camTot=       0 camMax=      0 watch=0/0 saved=0 gcObj=   92863 qpix=    -1 qimg=    -1 axisH=  0.0 online=0
2026-08-11 06:47:27 up= 743.0m prev=     0 cach=     0 miss=     0 load=    0 prox=  -1% srcLag=  -1.0s shownLag=  -1.0s rss=    -1.0MB thr=  1 pools=  5 campools= 0 children=    22 items=      0 camTot=       0 camMax=      0 watch=0/0 saved=0 gcObj=   92891 qpix=    -1 qimg=    -1 axisH=  0.0 online=0
2026-08-11 06:48:27 up= 744.0m prev=     0 cach=     0 miss=     0 load=    0 prox=  -1% srcLag=  -1.0s shownLag=  -1.0s rss=    -1.0MB thr=  1 pools=  5 campools= 0 children=    22 items=      0 camTot=       0 camMax=      0 watch=0/0 saved=0 gcObj=   92919 qpix=    -1 qimg=    -1 axisH=  0.0 online=0
2026-08-11 06:49:27 up= 745.0m prev=     0 cach=     0 miss=     0 load=    0 prox=  -1% srcLag=  -1.0s shownLag=  -1.0s rss=    -1.0MB thr=  1 pools=  5 campools= 0 children=    22 items=      0 camTot=       0 camMax=      0 watch=0/0 saved=0 gcObj=   92947 qpix=    -1 qimg=    -1 axisH=  0.0 online=0
2026-08-11 06:50:27 up= 746.0m prev=     0 cach=     0 miss=     0 load=    0 prox=  -1% srcLag=  -1.0s shownLag=  -1.0s rss=    -1.0MB thr=  1 pools=  5 campools= 0 children=    22 items=      0 camTot=       0 camMax=      0 watch=0/0 saved=0 gcObj=   92975 qpix=    -1 qimg=    -1 axisH=  0.0 online=0
2026-08-11 06:51:27 up= 747.0m prev=     0 cach=     0 miss=     0 load=    0 prox=  -1% srcLag=  -1.0s shownLag=  -1.0s rss=    -1.0MB thr=  1 pools=  5 campools= 0 children=    22 items=      0 camTot=       0 camMax=      0 watch=0/0 saved=0 gcObj=   93003 qpix=    -1 qimg=    -1 axisH=  0.0 online=0
2026-08-11 06:52:27 up= 748.0m prev=     0 cach=     0 miss=     0 load=    0 prox=  -1% srcLag=  -1.0s shownLag=  -1.0s rss=    -1.0MB thr=  1 pools=  5 campools= 0 children=    22 items=      0 camTot=       0 camMax=      0 watch=0/0 saved=0 gcObj=   93031 qpix=    -1 qimg=    -1 axisH=  0.0 online=0
2026-08-11 06:53:27 up= 749.0m prev=     0 cach=     0 miss=     0 load=    0 prox=  -1% srcLag=  -1.0s shownLag=  -1.0s rss=    -1.0MB thr=  1 pools=  5 campools= 0 children=    22 items=      0 camTot=       0 camMax=      0 watch=0/0 saved=0 gcObj=   93059 qpix=    -1 qimg=    -1 axisH=  0.0 online=0
2026-08-11 06:54:27 up= 750.0m prev=     0 cach=     0 miss=     0 load=    0 prox=  -1% srcLag=  -1.0s shownLag=  -1.0s rss=    -1.0MB thr=  1 pools=  5 campools= 0 children=    22 items=      0 camTot=       0 camMax=      0 watch=0/0 saved=0 gcObj=   93087 qpix=    -1 qimg=    -1 axisH=  0.0 online=0
2026-08-11 06:55:27 up= 751.0m prev=     0 cach=     0 miss=     0 load=    0 prox=  -1% srcLag=  -1.0s shownLag=  -1.0s rss=    -1.0MB thr=  1 pools=  5 campools= 0 children=    22 items=      0 camTot=       0 camMax=      0 watch=0/0 saved=0 gcObj=   93115 qpix=    -1 qimg=    -1 axisH=  0.0 online=0
2026-08-11 06:56:27 up= 752.0m prev=     0 cach=     0 miss=     0 load=    0 prox=  -1% srcLag=  -1.0s shownLag=  -1.0s rss=    -1.0MB thr=  1 pools=  5 campools= 0 children=    22 items=      0 camTot=       0 camMax=      0 watch=0/0 saved=0 gcObj=   93143 qpix=    -1 qimg=    -1 axisH=  0.0 online=0
2026-08-11 06:57:27 up= 753.0m prev=     0 cach=     0 miss=     0 load=    0 prox=  -1% srcLag=  -1.0s shownLag=  -1.0s rss=    -1.0MB thr=  1 pools=  5 campools= 0 children=    22 items=      0 camTot=       0 camMax=      0 watch=0/0 saved=0 gcObj=   93171 qpix=    -1 qimg=    -1 axisH=  0.0 online=0
2026-08-11 06:58:27 up= 754.0m prev=     0 cach=     0 miss=     0 load=    0 prox=  -1% srcLag=  -1.0s shownLag=  -1.0s rss=    -1.0MB thr=  1 pools=  5 campools= 0 children=    22 items=      0 camTot=       0 camMax=      0 watch=0/0 saved=0 gcObj=   93199 qpix=    -1 qimg=    -1 axisH=  0.0 online=0
2026-08-11 06:59:27 up= 755.0m prev=     0 cach=     0 miss=     0 load=    0 prox=  -1% srcLag=  -1.0s shownLag=  -1.0s rss=    -1.0MB thr=  1 pools=  5 campools= 0 children=    22 items=      0 camTot=       0 camMax=      0 watch=0/0 saved=0 gcObj=   93227 qpix=    -1 qimg=    -1 axisH=  0.0 online=0
2026-08-11 07:00:27 up= 756.0m prev=     0 cach=     0 miss=     0 load=    0 prox=  -1% srcLag=  -1.0s shownLag=  -1.0s rss=    -1.0MB thr=  1 pools=  5 campools= 0 children=    22 items=      0 camTot=       0 camMax=      0 watch=0/0 saved=0 gcObj=   93255 qpix=    -1 qimg=    -1 axisH=  0.0 online=0
2026-08-11 07:01:27 up= 757.0m prev=     0 cach=     0 miss=     0 load=    0 prox=  -1% srcLag=  -1.0s shownLag=  -1.0s rss=    -1.0MB thr=  1 pools=  5 campools= 0 children=    22 items=      0 camTot=       0 camMax=      0 watch=0/0 saved=0 gcObj=   93283 qpix=    -1 qimg=    -1 axisH=  0.0 online=0
2026-08-11 07:02:27 up= 758.0m prev=     0 cach=     0 miss=     0 load=    0 prox=  -1% srcLag=  -1.0s shownLag=  -1.0s rss=    -1.0MB thr=  1 pools=  5 campools= 0 children=    22 items=      0 camTot=       0 camMax=      0 watch=0/0 saved=0 gcObj=   93311 qpix=    -1 qimg=    -1 axisH=  0.0 online=0
2026-08-11 07:03:27 up= 759.0m prev=     0 cach=     0 miss=     0 load=    0 prox=  -1% srcLag=  -1.0s shownLag=  -1.0s rss=    -1.0MB thr=  1 pools=  5 campools= 0 children=    22 items=      0 camTot=       0 camMax=      0 watch=0/0 saved=0 gcObj=   93339 qpix=    -1 qimg=    -1 axisH=  0.0 online=0
2026-08-11 07:04:27 up= 760.0m prev=     0 cach=     0 miss=     0 load=    0 prox=  -1% srcLag=  -1.0s shownLag=  -1.0s rss=    -1.0MB thr=  1 pools=  5 campools= 0 children=    22 items=      0 camTot=       0 camMax=      0 watch=0/0 saved=0 gcObj=   93367 qpix=    -1 qimg=    -1 axisH=  0.0 online=0
2026-08-11 07:05:27 up= 761.0m prev=     0 cach=     0 miss=     0 load=    0 prox=  -1% srcLag=  -1.0s shownLag=  -1.0s rss=    -1.0MB thr=  1 pools=  5 campools= 0 children=    22 items=      0 camTot=       0 camMax=      0 watch=0/0 saved=0 gcObj=   93395 qpix=    -1 qimg=    -1 axisH=  0.0 online=0
2026-08-11 07:06:27 up= 762.0m prev=     0 cach=     0 miss=     0 load=    0 prox=  -1% srcLag=  -1.0s shownLag=  -1.0s rss=    -1.0MB thr=  1 pools=  5 campools= 0 children=    22 items=      0 camTot=       0 camMax=      0 watch=0/0 saved=0 gcObj=   93423 qpix=    -1 qimg=    -1 axisH=  0.0 online=0
2026-08-11 07:07:27 up= 763.0m prev=     0 cach=     0 miss=     0 load=    0 prox=  -1% srcLag=  -1.0s shownLag=  -1.0s rss=    -1.0MB thr=  1 pools=  5 campools= 0 children=    22 items=      0 camTot=       0 camMax=      0 watch=0/0 saved=0 gcObj=   93451 qpix=    -1 qimg=    -1 axisH=  0.0 online=0
2026-08-11 07:08:27 up= 764.0m prev=     0 cach=     0 miss=     0 load=    0 prox=  -1% srcLag=  -1.0s shownLag=  -1.0s rss=    -1.0MB thr=  1 pools=  5 campools= 0 children=    22 items=      0 camTot=       0 camMax=      0 watch=0/0 saved=0 gcObj=   93479 qpix=    -1 qimg=    -1 axisH=  0.0 online=0
2026-08-11 07:09:27 up= 765.0m prev=     0 cach=     0 miss=     0 load=    0 prox=  -1% srcLag=  -1.0s shownLag=  -1.0s rss=    -1.0MB thr=  1 pools=  5 campools= 0 children=    22 items=      0 camTot=       0 camMax=      0 watch=0/0 saved=0 gcObj=   93507 qpix=    -1 qimg=    -1 axisH=  0.0 online=0
2026-08-11 07:10:27 up= 766.0m prev=     0 cach=     0 miss=     0 load=    0 prox=  -1% srcLag=  -1.0s shownLag=  -1.0s rss=    -1.0MB thr=  1 pools=  5 campools= 0 children=    22 items=      0 camTot=       0 camMax=      0 watch=0/0 saved=0 gcObj=   93535 qpix=    -1 qimg=    -1 axisH=  0.0 online=0
2026-08-11 07:11:27 up= 767.0m prev=     0 cach=     0 miss=     0 load=    0 prox=  -1% srcLag=  -1.0s shownLag=  -1.0s rss=    -1.0MB thr=  1 pools=  5 campools= 0 children=    22 items=      0 camTot=       0 camMax=      0 watch=0/0 saved=0 gcObj=   93563 qpix=    -1 qimg=    -1 axisH=  0.0 online=0
2026-08-11 07:12:27 up= 768.0m prev=     0 cach=     0 miss=     0 load=    0 prox=  -1% srcLag=  -1.0s shownLag=  -1.0s rss=    -1.0MB thr=  1 pools=  5 campools= 0 children=    22 items=      0 camTot=       0 camMax=      0 watch=0/0 saved=0 gcObj=   93591 qpix=    -1 qimg=    -1 axisH=  0.0 online=0
2026-08-11 07:13:27 up= 769.0m prev=     0 cach=     0 miss=     0 load=    0 prox=  -1% srcLag=  -1.0s shownLag=  -1.0s rss=    -1.0MB thr=  1 pools=  5 campools= 0 children=    22 items=      0 camTot=       0 camMax=      0 watch=0/0 saved=0 gcObj=   93619 qpix=    -1 qimg=    -1 axisH=  0.0 online=0
2026-08-11 07:14:27 up= 770.0m prev=     0 cach=     0 miss=     0 load=    0 prox=  -1% srcLag=  -1.0s shownLag=  -1.0s rss=    -1.0MB thr=  1 pools=  5 campools= 0 children=    22 items=      0 camTot=       0 camMax=      0 watch=0/0 saved=0 gcObj=   93647 qpix=    -1 qimg=    -1 axisH=  0.0 online=0
2026-08-11 07:15:27 up= 771.0m prev=     0 cach=     0 miss=     0 load=    0 prox=  -1% srcLag=  -1.0s shownLag=  -1.0s rss=    -1.0MB thr=  1 pools=  5 campools= 0 children=    22 items=      0 camTot=       0 camMax=      0 watch=0/0 saved=0 gcObj=   93675 qpix=    -1 qimg=    -1 axisH=  0.0 online=0
2026-08-11 07:16:27 up= 772.0m prev=     0 cach=     0 miss=     0 load=    0 prox=  -1% srcLag=  -1.0s shownLag=  -1.0s rss=    -1.0MB thr=  1 pools=  5 campools= 0 children=    22 items=      0 camTot=       0 camMax=      0 watch=0/0 saved=0 gcObj=   93703 qpix=    -1 qimg=    -1 axisH=  0.0 online=0
2026-08-11 07:17:27 up= 773.0m prev=     0 cach=     0 miss=     0 load=    0 prox=  -1% srcLag=  -1.0s shownLag=  -1.0s rss=    -1.0MB thr=  1 pools=  5 campools= 0 children=    22 items=      0 camTot=       0 camMax=      0 watch=0/0 saved=0 gcObj=   93731 qpix=    -1 qimg=    -1 axisH=  0.0 online=0
2026-08-11 07:18:27 up= 774.0m prev=     0 cach=     0 miss=     0 load=    0 prox=  -1% srcLag=  -1.0s shownLag=  -1.0s rss=    -1.0MB thr=  1 pools=  5 campools= 0 children=    22 items=      0 camTot=       0 camMax=      0 watch=0/0 saved=0 gcObj=   93759 qpix=    -1 qimg=    -1 axisH=  0.0 online=0
2026-08-11 07:19:27 up= 775.0m prev=     0 cach=     0 miss=     0 load=    0 prox=  -1% srcLag=  -1.0s shownLag=  -1.0s rss=    -1.0MB thr=  1 pools=  5 campools= 0 children=    22 items=      0 camTot=       0 camMax=      0 watch=0/0 saved=0 gcObj=   93787 qpix=    -1 qimg=    -1 axisH=  0.0 online=0
2026-08-11 07:20:27 up= 776.0m prev=     0 cach=     0 miss=     0 load=    0 prox=  -1% srcLag=  -1.0s shownLag=  -1.0s rss=    -1.0MB thr=  1 pools=  5 campools= 0 children=    22 items=      0 camTot=       0 camMax=      0 watch=0/0 saved=0 gcObj=   93815 qpix=    -1 qimg=    -1 axisH=  0.0 online=0
2026-08-11 07:21:27 up= 777.0m prev=     0 cach=     0 miss=     0 load=    0 prox=  -1% srcLag=  -1.0s shownLag=  -1.0s rss=    -1.0MB thr=  1 pools=  5 campools= 0 children=    22 items=      0 camTot=       0 camMax=      0 watch=0/0 saved=0 gcObj=   93843 qpix=    -1 qimg=    -1 axisH=  0.0 online=0
2026-08-11 07:22:27 up= 778.0m prev=     0 cach=     0 miss=     0 load=    0 prox=  -1% srcLag=  -1.0s shownLag=  -1.0s rss=    -1.0MB thr=  1 pools=  5 campools= 0 children=    22 items=      0 camTot=       0 camMax=      0 watch=0/0 saved=0 gcObj=   93871 qpix=    -1 qimg=    -1 axisH=  0.0 online=0
2026-08-11 07:23:27 up= 779.0m prev=     0 cach=     0 miss=     0 load=    0 prox=  -1% srcLag=  -1.0s shownLag=  -1.0s rss=    -1.0MB thr=  1 pools=  5 campools= 0 children=    22 items=      0 camTot=       0 camMax=      0 watch=0/0 saved=0 gcObj=   93899 qpix=    -1 qimg=    -1 axisH=  0.0 online=0
2026-08-11 07:24:27 up= 780.0m prev=     0 cach=     0 miss=     0 load=    0 prox=  -1% srcLag=  -1.0s shownLag=  -1.0s rss=    -1.0MB thr=  1 pools=  5 campools= 0 children=    22 items=      0 camTot=       0 camMax=      0 watch=0/0 saved=0 gcObj=   93927 qpix=    -1 qimg=    -1 axisH=  0.0 online=0
2026-08-11 07:25:27 up= 781.0m prev=     0 cach=     0 miss=     0 load=    0 prox=  -1% srcLag=  -1.0s shownLag=  -1.0s rss=    -1.0MB thr=  1 pools=  5 campools= 0 children=    22 items=      0 camTot=       0 camMax=      0 watch=0/0 saved=0 gcObj=   93955 qpix=    -1 qimg=    -1 axisH=  0.0 online=0
2026-08-11 07:26:27 up= 782.0m prev=     0 cach=     0 miss=     0 load=    0 prox=  -1% srcLag=  -1.0s shownLag=  -1.0s rss=    -1.0MB thr=  1 pools=  5 campools= 0 children=    22 items=      0 camTot=       0 camMax=      0 watch=0/0 saved=0 gcObj=   93983 qpix=    -1 qimg=    -1 axisH=  0.0 online=0
2026-08-11 07:27:27 up= 783.0m prev=     0 cach=     0 miss=     0 load=    0 prox=  -1% srcLag=  -1.0s shownLag=  -1.0s rss=    -1.0MB thr=  1 pools=  5 campools= 0 children=    22 items=      0 camTot=       0 camMax=      0 watch=0/0 saved=0 gcObj=   94011 qpix=    -1 qimg=    -1 axisH=  0.0 online=0
2026-08-11 07:28:27 up= 784.0m prev=     0 cach=     0 miss=     0 load=    0 prox=  -1% srcLag=  -1.0s shownLag=  -1.0s rss=    -1.0MB thr=  1 pools=  5 campools= 0 children=    22 items=      0 camTot=       0 camMax=      0 watch=0/0 saved=0 gcObj=   94039 qpix=    -1 qimg=    -1 axisH=  0.0 online=0
2026-08-11 07:29:27 up= 785.0m prev=     0 cach=     0 miss=     0 load=    0 prox=  -1% srcLag=  -1.0s shownLag=  -1.0s rss=    -1.0MB thr=  1 pools=  5 campools= 0 children=    22 items=      0 camTot=       0 camMax=      0 watch=0/0 saved=0 gcObj=   94067 qpix=    -1 qimg=    -1 axisH=  0.0 online=0
2026-08-11 07:30:27 up= 786.0m prev=     0 cach=     0 miss=     0 load=    0 prox=  -1% srcLag=  -1.0s shownLag=  -1.0s rss=    -1.0MB thr=  1 pools=  5 campools= 0 children=    22 items=      0 camTot=       0 camMax=      0 watch=0/0 saved=0 gcObj=   92537 qpix=    -1 qimg=    -1 axisH=  0.0 online=0
2026-08-11 07:31:27 up= 787.0m prev=     0 cach=     0 miss=     0 load=    0 prox=  -1% srcLag=  -1.0s shownLag=  -1.0s rss=    -1.0MB thr=  1 pools=  5 campools= 0 children=    22 items=      0 camTot=       0 camMax=      0 watch=0/0 saved=0 gcObj=   92565 qpix=    -1 qimg=    -1 axisH=  0.0 online=0
2026-08-11 07:32:27 up= 788.0m prev=     0 cach=     0 miss=     0 load=    0 prox=  -1% srcLag=  -1.0s shownLag=  -1.0s rss=    -1.0MB thr=  1 pools=  5 campools= 0 children=    22 items=      0 camTot=       0 camMax=      0 watch=0/0 saved=0 gcObj=   92593 qpix=    -1 qimg=    -1 axisH=  0.0 online=0
2026-08-11 07:33:27 up= 789.0m prev=     0 cach=     0 miss=     0 load=    0 prox=  -1% srcLag=  -1.0s shownLag=  -1.0s rss=    -1.0MB thr=  1 pools=  5 campools= 0 children=    22 items=      0 camTot=       0 camMax=      0 watch=0/0 saved=0 gcObj=   92621 qpix=    -1 qimg=    -1 axisH=  0.0 online=0
2026-08-11 07:34:27 up= 790.0m prev=     0 cach=     0 miss=     0 load=    0 prox=  -1% srcLag=  -1.0s shownLag=  -1.0s rss=    -1.0MB thr=  1 pools=  5 campools= 0 children=    22 items=      0 camTot=       0 camMax=      0 watch=0/0 saved=0 gcObj=   92649 qpix=    -1 qimg=    -1 axisH=  0.0 online=0
2026-08-11 07:35:27 up= 791.0m prev=     0 cach=     0 miss=     0 load=    0 prox=  -1% srcLag=  -1.0s shownLag=  -1.0s rss=    -1.0MB thr=  1 pools=  5 campools= 0 children=    22 items=      0 camTot=       0 camMax=      0 watch=0/0 saved=0 gcObj=   92677 qpix=    -1 qimg=    -1 axisH=  0.0 online=0
2026-08-11 07:36:27 up= 792.0m prev=     0 cach=     0 miss=     0 load=    0 prox=  -1% srcLag=  -1.0s shownLag=  -1.0s rss=    -1.0MB thr=  1 pools=  5 campools= 0 children=    22 items=      0 camTot=       0 camMax=      0 watch=0/0 saved=0 gcObj=   92705 qpix=    -1 qimg=    -1 axisH=  0.0 online=0
2026-08-11 07:37:27 up= 793.0m prev=     0 cach=     0 miss=     0 load=    0 prox=  -1% srcLag=  -1.0s shownLag=  -1.0s rss=    -1.0MB thr=  1 pools=  5 campools= 0 children=    22 items=      0 camTot=       0 camMax=      0 watch=0/0 saved=0 gcObj=   92733 qpix=    -1 qimg=    -1 axisH=  0.0 online=0
2026-08-11 07:38:28 up= 794.0m prev=     0 cach=     0 miss=     0 load=    0 prox=  -1% srcLag=  -1.0s shownLag=  -1.0s rss=    -1.0MB thr=  1 pools=  5 campools= 0 children=    22 items=      0 camTot=       0 camMax=      0 watch=0/0 saved=0 gcObj=   92761 qpix=    -1 qimg=    -1 axisH=  0.0 online=0
2026-08-11 07:39:27 up= 795.0m prev=     0 cach=     0 miss=     0 load=    0 prox=  -1% srcLag=  -1.0s shownLag=  -1.0s rss=    -1.0MB thr=  1 pools=  5 campools= 0 children=    22 items=      0 camTot=       0 camMax=      0 watch=0/0 saved=0 gcObj=   92789 qpix=    -1 qimg=    -1 axisH=  0.0 online=0
2026-08-11 07:40:28 up= 796.0m prev=     0 cach=     0 miss=     0 load=    0 prox=  -1% srcLag=  -1.0s shownLag=  -1.0s rss=    -1.0MB thr=  1 pools=  5 campools= 0 children=    22 items=      0 camTot=       0 camMax=      0 watch=0/0 saved=0 gcObj=   92817 qpix=    -1 qimg=    -1 axisH=  0.0 online=0
2026-08-11 07:41:28 up= 797.0m prev=     0 cach=     0 miss=     0 load=    0 prox=  -1% srcLag=  -1.0s shownLag=  -1.0s rss=    -1.0MB thr=  1 pools=  5 campools= 0 children=    22 items=      0 camTot=       0 camMax=      0 watch=0/0 saved=0 gcObj=   92845 qpix=    -1 qimg=    -1 axisH=  0.0 online=0
2026-08-11 07:42:28 up= 798.0m prev=     0 cach=     0 miss=     0 load=    0 prox=  -1% srcLag=  -1.0s shownLag=  -1.0s rss=    -1.0MB thr=  1 pools=  5 campools= 0 children=    22 items=      0 camTot=       0 camMax=      0 watch=0/0 saved=0 gcObj=   92873 qpix=    -1 qimg=    -1 axisH=  0.0 online=0
2026-08-11 07:43:28 up= 799.0m prev=     0 cach=     0 miss=     0 load=    0 prox=  -1% srcLag=  -1.0s shownLag=  -1.0s rss=    -1.0MB thr=  1 pools=  5 campools= 0 children=    22 items=      0 camTot=       0 camMax=      0 watch=0/0 saved=0 gcObj=   92901 qpix=    -1 qimg=    -1 axisH=  0.0 online=0
2026-08-11 07:44:28 up= 800.0m prev=     0 cach=     0 miss=     0 load=    0 prox=  -1% srcLag=  -1.0s shownLag=  -1.0s rss=    -1.0MB thr=  1 pools=  5 campools= 0 children=    22 items=      0 camTot=       0 camMax=      0 watch=0/0 saved=0 gcObj=   92929 qpix=    -1 qimg=    -1 axisH=  0.0 online=0
2026-08-11 07:45:28 up= 801.0m prev=     0 cach=     0 miss=     0 load=    0 prox=  -1% srcLag=  -1.0s shownLag=  -1.0s rss=    -1.0MB thr=  1 pools=  5 campools= 0 children=    22 items=      0 camTot=       0 camMax=      0 watch=0/0 saved=0 gcObj=   92957 qpix=    -1 qimg=    -1 axisH=  0.0 online=0
2026-08-11 07:46:28 up= 802.0m prev=     0 cach=     0 miss=     0 load=    0 prox=  -1% srcLag=  -1.0s shownLag=  -1.0s rss=    -1.0MB thr=  1 pools=  5 campools= 0 children=    22 items=      0 camTot=       0 camMax=      0 watch=0/0 saved=0 gcObj=   92985 qpix=    -1 qimg=    -1 axisH=  0.0 online=0
2026-08-11 07:47:28 up= 803.0m prev=     0 cach=     0 miss=     0 load=    0 prox=  -1% srcLag=  -1.0s shownLag=  -1.0s rss=    -1.0MB thr=  1 pools=  5 campools= 0 children=    22 items=      0 camTot=       0 camMax=      0 watch=0/0 saved=0 gcObj=   93013 qpix=    -1 qimg=    -1 axisH=  0.0 online=0
2026-08-11 07:48:28 up= 804.0m prev=     0 cach=     0 miss=     0 load=    0 prox=  -1% srcLag=  -1.0s shownLag=  -1.0s rss=    -1.0MB thr=  1 pools=  5 campools= 0 children=    22 items=      0 camTot=       0 camMax=      0 watch=0/0 saved=0 gcObj=   93041 qpix=    -1 qimg=    -1 axisH=  0.0 online=0
2026-08-11 07:49:28 up= 805.0m prev=     0 cach=     0 miss=     0 load=    0 prox=  -1% srcLag=  -1.0s shownLag=  -1.0s rss=    -1.0MB thr=  1 pools=  5 campools= 0 children=    22 items=      0 camTot=       0 camMax=      0 watch=0/0 saved=0 gcObj=   93069 qpix=    -1 qimg=    -1 axisH=  0.0 online=0
2026-08-11 07:50:28 up= 806.0m prev=     0 cach=     0 miss=     0 load=    0 prox=  -1% srcLag=  -1.0s shownLag=  -1.0s rss=    -1.0MB thr=  1 pools=  5 campools= 0 children=    22 items=      0 camTot=       0 camMax=      0 watch=0/0 saved=0 gcObj=   93097 qpix=    -1 qimg=    -1 axisH=  0.0 online=0
2026-08-11 07:51:28 up= 807.0m prev=     0 cach=     0 miss=     0 load=    0 prox=  -1% srcLag=  -1.0s shownLag=  -1.0s rss=    -1.0MB thr=  1 pools=  5 campools= 0 children=    22 items=      0 camTot=       0 camMax=      0 watch=0/0 saved=0 gcObj=   93125 qpix=    -1 qimg=    -1 axisH=  0.0 online=0
2026-08-11 07:52:28 up= 808.0m prev=     0 cach=     0 miss=     0 load=    0 prox=  -1% srcLag=  -1.0s shownLag=  -1.0s rss=    -1.0MB thr=  1 pools=  5 campools= 0 children=    22 items=      0 camTot=       0 camMax=      0 watch=0/0 saved=0 gcObj=   93153 qpix=    -1 qimg=    -1 axisH=  0.0 online=0
2026-08-11 07:53:28 up= 809.0m prev=     0 cach=     0 miss=     0 load=    0 prox=  -1% srcLag=  -1.0s shownLag=  -1.0s rss=    -1.0MB thr=  1 pools=  5 campools= 0 children=    22 items=      0 camTot=       0 camMax=      0 watch=0/0 saved=0 gcObj=   93181 qpix=    -1 qimg=    -1 axisH=  0.0 online=0
2026-08-11 07:54:28 up= 810.0m prev=     0 cach=     0 miss=     0 load=    0 prox=  -1% srcLag=  -1.0s shownLag=  -1.0s rss=    -1.0MB thr=  1 pools=  5 campools= 0 children=    22 items=      0 camTot=       0 camMax=      0 watch=0/0 saved=0 gcObj=   93209 qpix=    -1 qimg=    -1 axisH=  0.0 online=0
2026-08-11 07:55:28 up= 811.0m prev=     0 cach=     0 miss=     0 load=    0 prox=  -1% srcLag=  -1.0s shownLag=  -1.0s rss=    -1.0MB thr=  1 pools=  5 campools= 0 children=    22 items=      0 camTot=       0 camMax=      0 watch=0/0 saved=0 gcObj=   93237 qpix=    -1 qimg=    -1 axisH=  0.0 online=0
2026-08-11 07:56:28 up= 812.0m prev=     0 cach=     0 miss=     0 load=    0 prox=  -1% srcLag=  -1.0s shownLag=  -1.0s rss=    -1.0MB thr=  1 pools=  5 campools= 0 children=    22 items=      0 camTot=       0 camMax=      0 watch=0/0 saved=0 gcObj=   93265 qpix=    -1 qimg=    -1 axisH=  0.0 online=0
2026-08-11 07:57:28 up= 813.0m prev=     0 cach=     0 miss=     0 load=    0 prox=  -1% srcLag=  -1.0s shownLag=  -1.0s rss=    -1.0MB thr=  1 pools=  5 campools= 0 children=    22 items=      0 camTot=       0 camMax=      0 watch=0/0 saved=0 gcObj=   93293 qpix=    -1 qimg=    -1 axisH=  0.0 online=0
2026-08-11 07:58:28 up= 814.0m prev=     0 cach=     0 miss=     0 load=    0 prox=  -1% srcLag=  -1.0s shownLag=  -1.0s rss=    -1.0MB thr=  1 pools=  5 campools= 0 children=    22 items=      0 camTot=       0 camMax=      0 watch=0/0 saved=0 gcObj=   93321 qpix=    -1 qimg=    -1 axisH=  0.0 online=0
2026-08-11 07:59:28 up= 815.0m prev=     0 cach=     0 miss=     0 load=    0 prox=  -1% srcLag=  -1.0s shownLag=  -1.0s rss=    -1.0MB thr=  1 pools=  5 campools= 0 children=    22 items=      0 camTot=       0 camMax=      0 watch=0/0 saved=0 gcObj=   93349 qpix=    -1 qimg=    -1 axisH=  0.0 online=0
2026-08-11 08:00:28 up= 816.0m prev=     0 cach=     0 miss=     0 load=    0 prox=  -1% srcLag=  -1.0s shownLag=  -1.0s rss=    -1.0MB thr=  1 pools=  5 campools= 0 children=    22 items=      0 camTot=       0 camMax=      0 watch=0/0 saved=0 gcObj=   93377 qpix=    -1 qimg=    -1 axisH=  0.0 online=0
2026-08-11 08:01:28 up= 817.0m prev=     0 cach=     0 miss=     0 load=    0 prox=  -1% srcLag=  -1.0s shownLag=  -1.0s rss=    -1.0MB thr=  1 pools=  5 campools= 0 children=    22 items=      0 camTot=       0 camMax=      0 watch=0/0 saved=0 gcObj=   93405 qpix=    -1 qimg=    -1 axisH=  0.0 online=0
2026-08-11 08:02:28 up= 818.0m prev=     0 cach=     0 miss=     0 load=    0 prox=  -1% srcLag=  -1.0s shownLag=  -1.0s rss=    -1.0MB thr=  1 pools=  5 campools= 0 children=    22 items=      0 camTot=       0 camMax=      0 watch=0/0 saved=0 gcObj=   93433 qpix=    -1 qimg=    -1 axisH=  0.0 online=0
2026-08-11 08:03:28 up= 819.0m prev=     0 cach=     0 miss=     0 load=    0 prox=  -1% srcLag=  -1.0s shownLag=  -1.0s rss=    -1.0MB thr=  1 pools=  5 campools= 0 children=    22 items=      0 camTot=       0 camMax=      0 watch=0/0 saved=0 gcObj=   93461 qpix=    -1 qimg=    -1 axisH=  0.0 online=0
2026-08-11 08:04:28 up= 820.0m prev=     0 cach=     0 miss=     0 load=    0 prox=  -1% srcLag=  -1.0s shownLag=  -1.0s rss=    -1.0MB thr=  1 pools=  5 campools= 0 children=    22 items=      0 camTot=       0 camMax=      0 watch=0/0 saved=0 gcObj=   93489 qpix=    -1 qimg=    -1 axisH=  0.0 online=0
2026-08-11 08:05:28 up= 821.0m prev=     0 cach=     0 miss=     0 load=    0 prox=  -1% srcLag=  -1.0s shownLag=  -1.0s rss=    -1.0MB thr=  1 pools=  5 campools= 0 children=    22 items=      0 camTot=       0 camMax=      0 watch=0/0 saved=0 gcObj=   93517 qpix=    -1 qimg=    -1 axisH=  0.0 online=0
2026-08-11 08:06:28 up= 822.0m prev=     0 cach=     0 miss=     0 load=    0 prox=  -1% srcLag=  -1.0s shownLag=  -1.0s rss=    -1.0MB thr=  1 pools=  5 campools= 0 children=    22 items=      0 camTot=       0 camMax=      0 watch=0/0 saved=0 gcObj=   93545 qpix=    -1 qimg=    -1 axisH=  0.0 online=0
2026-08-11 08:07:28 up= 823.0m prev=     0 cach=     0 miss=     0 load=    0 prox=  -1% srcLag=  -1.0s shownLag=  -1.0s rss=    -1.0MB thr=  1 pools=  5 campools= 0 children=    22 items=      0 camTot=       0 camMax=      0 watch=0/0 saved=0 gcObj=   93573 qpix=    -1 qimg=    -1 axisH=  0.0 online=0
2026-08-11 08:08:28 up= 824.0m prev=     0 cach=     0 miss=     0 load=    0 prox=  -1% srcLag=  -1.0s shownLag=  -1.0s rss=    -1.0MB thr=  1 pools=  5 campools= 0 children=    22 items=      0 camTot=       0 camMax=      0 watch=0/0 saved=0 gcObj=   93601 qpix=    -1 qimg=    -1 axisH=  0.0 online=0
2026-08-11 08:09:28 up= 825.0m prev=     0 cach=     0 miss=     0 load=    0 prox=  -1% srcLag=  -1.0s shownLag=  -1.0s rss=    -1.0MB thr=  1 pools=  5 campools= 0 children=    22 items=      0 camTot=       0 camMax=      0 watch=0/0 saved=0 gcObj=   93629 qpix=    -1 qimg=    -1 axisH=  0.0 online=0
2026-08-11 08:10:28 up= 826.0m prev=     0 cach=     0 miss=     0 load=    0 prox=  -1% srcLag=  -1.0s shownLag=  -1.0s rss=    -1.0MB thr=  1 pools=  5 campools= 0 children=    22 items=      0 camTot=       0 camMax=      0 watch=0/0 saved=0 gcObj=   93657 qpix=    -1 qimg=    -1 axisH=  0.0 online=0
2026-08-11 08:11:28 up= 827.0m prev=     0 cach=     0 miss=     0 load=    0 prox=  -1% srcLag=  -1.0s shownLag=  -1.0s rss=    -1.0MB thr=  1 pools=  5 campools= 0 children=    22 items=      0 camTot=       0 camMax=      0 watch=0/0 saved=0 gcObj=   93685 qpix=    -1 qimg=    -1 axisH=  0.0 online=0
2026-08-11 08:12:28 up= 828.0m prev=     0 cach=     0 miss=     0 load=    0 prox=  -1% srcLag=  -1.0s shownLag=  -1.0s rss=    -1.0MB thr=  1 pools=  5 campools= 0 children=    22 items=      0 camTot=       0 camMax=      0 watch=0/0 saved=0 gcObj=   93713 qpix=    -1 qimg=    -1 axisH=  0.0 online=0
2026-08-11 08:13:28 up= 829.0m prev=     0 cach=     0 miss=     0 load=    0 prox=  -1% srcLag=  -1.0s shownLag=  -1.0s rss=    -1.0MB thr=  1 pools=  5 campools= 0 children=    22 items=      0 camTot=       0 camMax=      0 watch=0/0 saved=0 gcObj=   93741 qpix=    -1 qimg=    -1 axisH=  0.0 online=0
2026-08-11 08:14:28 up= 830.0m prev=     0 cach=     0 miss=     0 load=    0 prox=  -1% srcLag=  -1.0s shownLag=  -1.0s rss=    -1.0MB thr=  1 pools=  5 campools= 0 children=    22 items=      0 camTot=       0 camMax=      0 watch=0/0 saved=0 gcObj=   93769 qpix=    -1 qimg=    -1 axisH=  0.0 online=0
2026-08-11 08:15:28 up= 831.0m prev=     0 cach=     0 miss=     0 load=    0 prox=  -1% srcLag=  -1.0s shownLag=  -1.0s rss=    -1.0MB thr=  1 pools=  5 campools= 0 children=    22 items=      0 camTot=       0 camMax=      0 watch=0/0 saved=0 gcObj=   93797 qpix=    -1 qimg=    -1 axisH=  0.0 online=0
2026-08-11 08:16:28 up= 832.0m prev=     0 cach=     0 miss=     0 load=    0 prox=  -1% srcLag=  -1.0s shownLag=  -1.0s rss=    -1.0MB thr=  1 pools=  5 campools= 0 children=    22 items=      0 camTot=       0 camMax=      0 watch=0/0 saved=0 gcObj=   93825 qpix=    -1 qimg=    -1 axisH=  0.0 online=0
2026-08-11 08:17:28 up= 833.0m prev=     0 cach=     0 miss=     0 load=    0 prox=  -1% srcLag=  -1.0s shownLag=  -1.0s rss=    -1.0MB thr=  1 pools=  5 campools= 0 children=    22 items=      0 camTot=       0 camMax=      0 watch=0/0 saved=0 gcObj=   92531 qpix=    -1 qimg=    -1 axisH=  0.0 online=0
2026-08-11 08:18:28 up= 834.0m prev=     0 cach=     0 miss=     0 load=    0 prox=  -1% srcLag=  -1.0s shownLag=  -1.0s rss=    -1.0MB thr=  1 pools=  5 campools= 0 children=    22 items=      0 camTot=       0 camMax=      0 watch=0/0 saved=0 gcObj=   92559 qpix=    -1 qimg=    -1 axisH=  0.0 online=0
2026-08-11 08:19:28 up= 835.0m prev=     0 cach=     0 miss=     0 load=    0 prox=  -1% srcLag=  -1.0s shownLag=  -1.0s rss=    -1.0MB thr=  1 pools=  5 campools= 0 children=    22 items=      0 camTot=       0 camMax=      0 watch=0/0 saved=0 gcObj=   92587 qpix=    -1 qimg=    -1 axisH=  0.0 online=0
2026-08-11 08:20:28 up= 836.0m prev=     0 cach=     0 miss=     0 load=    0 prox=  -1% srcLag=  -1.0s shownLag=  -1.0s rss=    -1.0MB thr=  1 pools=  5 campools= 0 children=    22 items=      0 camTot=       0 camMax=      0 watch=0/0 saved=0 gcObj=   92615 qpix=    -1 qimg=    -1 axisH=  0.0 online=0
2026-08-11 08:21:28 up= 837.0m prev=     0 cach=     0 miss=     0 load=    0 prox=  -1% srcLag=  -1.0s shownLag=  -1.0s rss=    -1.0MB thr=  1 pools=  5 campools= 0 children=    22 items=      0 camTot=       0 camMax=      0 watch=0/0 saved=0 gcObj=   92643 qpix=    -1 qimg=    -1 axisH=  0.0 online=0
2026-08-11 08:22:28 up= 838.0m prev=     0 cach=     0 miss=     0 load=    0 prox=  -1% srcLag=  -1.0s shownLag=  -1.0s rss=    -1.0MB thr=  1 pools=  5 campools= 0 children=    22 items=      0 camTot=       0 camMax=      0 watch=0/0 saved=0 gcObj=   92671 qpix=    -1 qimg=    -1 axisH=  0.0 online=0
2026-08-11 08:23:28 up= 839.0m prev=     0 cach=     0 miss=     0 load=    0 prox=  -1% srcLag=  -1.0s shownLag=  -1.0s rss=    -1.0MB thr=  1 pools=  5 campools= 0 children=    22 items=      0 camTot=       0 camMax=      0 watch=0/0 saved=0 gcObj=   92699 qpix=    -1 qimg=    -1 axisH=  0.0 online=0
2026-08-11 08:24:28 up= 840.0m prev=     0 cach=     0 miss=     0 load=    0 prox=  -1% srcLag=  -1.0s shownLag=  -1.0s rss=    -1.0MB thr=  1 pools=  5 campools= 0 children=    22 items=      0 camTot=       0 camMax=      0 watch=0/0 saved=0 gcObj=   92727 qpix=    -1 qimg=    -1 axisH=  0.0 online=0
2026-08-11 08:25:28 up= 841.0m prev=     0 cach=     0 miss=     0 load=    0 prox=  -1% srcLag=  -1.0s shownLag=  -1.0s rss=    -1.0MB thr=  1 pools=  5 campools= 0 children=    22 items=      0 camTot=       0 camMax=      0 watch=0/0 saved=0 gcObj=   92755 qpix=    -1 qimg=    -1 axisH=  0.0 online=0
2026-08-11 08:26:28 up= 842.0m prev=     0 cach=     0 miss=     0 load=    0 prox=  -1% srcLag=  -1.0s shownLag=  -1.0s rss=    -1.0MB thr=  1 pools=  5 campools= 0 children=    22 items=      0 camTot=       0 camMax=      0 watch=0/0 saved=0 gcObj=   92783 qpix=    -1 qimg=    -1 axisH=  0.0 online=0
2026-08-11 08:27:28 up= 843.0m prev=     0 cach=     0 miss=     0 load=    0 prox=  -1% srcLag=  -1.0s shownLag=  -1.0s rss=    -1.0MB thr=  1 pools=  5 campools= 0 children=    22 items=      0 camTot=       0 camMax=      0 watch=0/0 saved=0 gcObj=   92811 qpix=    -1 qimg=    -1 axisH=  0.0 online=0
2026-08-11 08:28:28 up= 844.0m prev=     0 cach=     0 miss=     0 load=    0 prox=  -1% srcLag=  -1.0s shownLag=  -1.0s rss=    -1.0MB thr=  1 pools=  5 campools= 0 children=    22 items=      0 camTot=       0 camMax=      0 watch=0/0 saved=0 gcObj=   92839 qpix=    -1 qimg=    -1 axisH=  0.0 online=0
2026-08-11 08:29:28 up= 845.0m prev=     0 cach=     0 miss=     0 load=    0 prox=  -1% srcLag=  -1.0s shownLag=  -1.0s rss=    -1.0MB thr=  1 pools=  5 campools= 0 children=    22 items=      0 camTot=       0 camMax=      0 watch=0/0 saved=0 gcObj=   92867 qpix=    -1 qimg=    -1 axisH=  0.0 online=0
2026-08-11 08:30:28 up= 846.0m prev=     0 cach=     0 miss=     0 load=    0 prox=  -1% srcLag=  -1.0s shownLag=  -1.0s rss=    -1.0MB thr=  1 pools=  5 campools= 0 children=    22 items=      0 camTot=       0 camMax=      0 watch=0/0 saved=0 gcObj=   92895 qpix=    -1 qimg=    -1 axisH=  0.0 online=0
2026-08-11 08:31:28 up= 847.0m prev=     0 cach=     0 miss=     0 load=    0 prox=  -1% srcLag=  -1.0s shownLag=  -1.0s rss=    -1.0MB thr=  1 pools=  5 campools= 0 children=    22 items=      0 camTot=       0 camMax=      0 watch=0/0 saved=0 gcObj=   92923 qpix=    -1 qimg=    -1 axisH=  0.0 online=0
2026-08-11 08:32:28 up= 848.0m prev=     0 cach=     0 miss=     0 load=    0 prox=  -1% srcLag=  -1.0s shownLag=  -1.0s rss=    -1.0MB thr=  1 pools=  5 campools= 0 children=    22 items=      0 camTot=       0 camMax=      0 watch=0/0 saved=0 gcObj=   92951 qpix=    -1 qimg=    -1 axisH=  0.0 online=0
2026-08-11 08:33:28 up= 849.0m prev=     0 cach=     0 miss=     0 load=    0 prox=  -1% srcLag=  -1.0s shownLag=  -1.0s rss=    -1.0MB thr=  1 pools=  5 campools= 0 children=    22 items=      0 camTot=       0 camMax=      0 watch=0/0 saved=0 gcObj=   92979 qpix=    -1 qimg=    -1 axisH=  0.0 online=0
2026-08-11 08:34:28 up= 850.0m prev=     0 cach=     0 miss=     0 load=    0 prox=  -1% srcLag=  -1.0s shownLag=  -1.0s rss=    -1.0MB thr=  1 pools=  5 campools= 0 children=    22 items=      0 camTot=       0 camMax=      0 watch=0/0 saved=0 gcObj=   93007 qpix=    -1 qimg=    -1 axisH=  0.0 online=0
2026-08-11 08:35:28 up= 851.0m prev=     0 cach=     0 miss=     0 load=    0 prox=  -1% srcLag=  -1.0s shownLag=  -1.0s rss=    -1.0MB thr=  1 pools=  5 campools= 0 children=    22 items=      0 camTot=       0 camMax=      0 watch=0/0 saved=0 gcObj=   93035 qpix=    -1 qimg=    -1 axisH=  0.0 online=0
2026-08-11 08:36:28 up= 852.0m prev=     0 cach=     0 miss=     0 load=    0 prox=  -1% srcLag=  -1.0s shownLag=  -1.0s rss=    -1.0MB thr=  1 pools=  5 campools= 0 children=    22 items=      0 camTot=       0 camMax=      0 watch=0/0 saved=0 gcObj=   93063 qpix=    -1 qimg=    -1 axisH=  0.0 online=0
2026-08-11 08:37:28 up= 853.0m prev=     0 cach=     0 miss=     0 load=    0 prox=  -1% srcLag=  -1.0s shownLag=  -1.0s rss=    -1.0MB thr=  1 pools=  5 campools= 0 children=    22 items=      0 camTot=       0 camMax=      0 watch=0/0 saved=0 gcObj=   93091 qpix=    -1 qimg=    -1 axisH=  0.0 online=0
2026-08-11 08:38:28 up= 854.0m prev=     0 cach=     0 miss=     0 load=    0 prox=  -1% srcLag=  -1.0s shownLag=  -1.0s rss=    -1.0MB thr=  1 pools=  5 campools= 0 children=    22 items=      0 camTot=       0 camMax=      0 watch=0/0 saved=0 gcObj=   93119 qpix=    -1 qimg=    -1 axisH=  0.0 online=0
2026-08-11 08:39:28 up= 855.0m prev=     0 cach=     0 miss=     0 load=    0 prox=  -1% srcLag=  -1.0s shownLag=  -1.0s rss=    -1.0MB thr=  1 pools=  5 campools= 0 children=    22 items=      0 camTot=       0 camMax=      0 watch=0/0 saved=0 gcObj=   93147 qpix=    -1 qimg=    -1 axisH=  0.0 online=0
2026-08-11 08:40:28 up= 856.0m prev=     0 cach=     0 miss=     0 load=    0 prox=  -1% srcLag=  -1.0s shownLag=  -1.0s rss=    -1.0MB thr=  1 pools=  5 campools= 0 children=    22 items=      0 camTot=       0 camMax=      0 watch=0/0 saved=0 gcObj=   93175 qpix=    -1 qimg=    -1 axisH=  0.0 online=0
2026-08-11 08:41:28 up= 857.0m prev=     0 cach=     0 miss=     0 load=    0 prox=  -1% srcLag=  -1.0s shownLag=  -1.0s rss=    -1.0MB thr=  1 pools=  5 campools= 0 children=    22 items=      0 camTot=       0 camMax=      0 watch=0/0 saved=0 gcObj=   92530 qpix=    -1 qimg=    -1 axisH=  0.0 online=0
2026-08-11 08:42:28 up= 858.0m prev=     0 cach=     0 miss=     0 load=    0 prox=  -1% srcLag=  -1.0s shownLag=  -1.0s rss=    -1.0MB thr=  1 pools=  5 campools= 0 children=    22 items=      0 camTot=       0 camMax=      0 watch=0/0 saved=0 gcObj=   92558 qpix=    -1 qimg=    -1 axisH=  0.0 online=0
2026-08-11 08:43:28 up= 859.0m prev=     0 cach=     0 miss=     0 load=    0 prox=  -1% srcLag=  -1.0s shownLag=  -1.0s rss=    -1.0MB thr=  1 pools=  5 campools= 0 children=    22 items=      0 camTot=       0 camMax=      0 watch=0/0 saved=0 gcObj=   92586 qpix=    -1 qimg=    -1 axisH=  0.0 online=0
2026-08-11 08:44:28 up= 860.0m prev=     0 cach=     0 miss=     0 load=    0 prox=  -1% srcLag=  -1.0s shownLag=  -1.0s rss=    -1.0MB thr=  1 pools=  5 campools= 0 children=    22 items=      0 camTot=       0 camMax=      0 watch=0/0 saved=0 gcObj=   92614 qpix=    -1 qimg=    -1 axisH=  0.0 online=0
2026-08-11 08:45:28 up= 861.0m prev=     0 cach=     0 miss=     0 load=    0 prox=  -1% srcLag=  -1.0s shownLag=  -1.0s rss=    -1.0MB thr=  1 pools=  5 campools= 0 children=    22 items=      0 camTot=       0 camMax=      0 watch=0/0 saved=0 gcObj=   92642 qpix=    -1 qimg=    -1 axisH=  0.0 online=0
2026-08-11 08:46:28 up= 862.0m prev=     0 cach=     0 miss=     0 load=    0 prox=  -1% srcLag=  -1.0s shownLag=  -1.0s rss=    -1.0MB thr=  1 pools=  5 campools= 0 children=    22 items=      0 camTot=       0 camMax=      0 watch=0/0 saved=0 gcObj=   92670 qpix=    -1 qimg=    -1 axisH=  0.0 online=0
2026-08-11 08:47:28 up= 863.0m prev=     0 cach=     0 miss=     0 load=    0 prox=  -1% srcLag=  -1.0s shownLag=  -1.0s rss=    -1.0MB thr=  1 pools=  5 campools= 0 children=    22 items=      0 camTot=       0 camMax=      0 watch=0/0 saved=0 gcObj=   92698 qpix=    -1 qimg=    -1 axisH=  0.0 online=0
2026-08-11 08:48:28 up= 864.0m prev=     0 cach=     0 miss=     0 load=    0 prox=  -1% srcLag=  -1.0s shownLag=  -1.0s rss=    -1.0MB thr=  1 pools=  5 campools= 0 children=    22 items=      0 camTot=       0 camMax=      0 watch=0/0 saved=0 gcObj=   92726 qpix=    -1 qimg=    -1 axisH=  0.0 online=0
2026-08-11 08:53:21 up=   1.0m prev=     0 cach=     0 miss=     0 load=    0 prox=  -1% srcLag=  -1.0s shownLag=  -1.0s rss=    -1.0MB thr=  1 pools=  5 campools= 0 children=    22 items=      0 camTot=       0 camMax=      0 watch=0/0 saved=0 gcObj=   92745 qpix=    -1 qimg=    -1 axisH=  0.0 online=0
2026-08-11 08:54:21 up=   2.0m prev=     0 cach=     0 miss=     0 load=    0 prox=  -1% srcLag=  -1.0s shownLag=  -1.0s rss=    -1.0MB thr=  1 pools=  5 campools= 0 children=    22 items=      0 camTot=       0 camMax=      0 watch=0/0 saved=0 gcObj=   92773 qpix=    -1 qimg=    -1 axisH=  0.0 online=0
2026-08-11 08:55:21 up=   3.0m prev=   923 cach=   352 miss=    99 load=   55 prox=   4% srcLag=60921.3s shownLag=10784.7s rss=    -1.0MB thr=  1 pools=  9 campools= 4 children=    28 items=  26182 camTot=   26182 camMax=   6712 watch=0/0 saved=0 gcObj=  198944 qpix=    -1 qimg=    -1 axisH=  4.0 online=0
2026-08-11 08:56:21 up=   4.0m prev=   446 cach=     3 miss=    24 load=   15 prox=  32% srcLag=60981.3s shownLag=10604.9s rss=    -1.0MB thr=  1 pools=  9 campools= 4 children=    28 items=  26182 camTot=   26182 camMax=   6712 watch=0/0 saved=0 gcObj=  199248 qpix=    -1 qimg=    -1 axisH=  4.0 online=0
2026-08-11 08:57:21 up=   5.0m prev=     0 cach=     0 miss=     0 load=    0 prox=  67% srcLag=61041.3s shownLag=10604.9s rss=    -1.0MB thr=  1 pools=  9 campools= 4 children=    28 items=  26182 camTot=   26182 camMax=   6712 watch=0/0 saved=0 gcObj=  199277 qpix=    -1 qimg=    -1 axisH=  4.0 online=0
2026-08-11 08:58:21 up=   6.0m prev=     0 cach=     0 miss=     0 load=    0 prox=  99% srcLag=61101.4s shownLag=10604.9s rss=    -1.0MB thr=  1 pools=  9 campools= 4 children=    28 items=  26182 camTot=   26182 camMax=   6712 watch=0/0 saved=0 gcObj=  199305 qpix=    -1 qimg=    -1 axisH=  4.0 online=0
2026-08-11 08:59:21 up=   7.0m prev=     0 cach=     0 miss=     0 load=    0 prox= 100% srcLag=61161.3s shownLag=10604.9s rss=    -1.0MB thr=  1 pools=  9 campools= 4 children=    28 items=  26182 camTot=   26182 camMax=   6712 watch=0/0 saved=0 gcObj=  199166 qpix=    -1 qimg=    -1 axisH=  4.0 online=0
2026-08-11 09:00:21 up=   8.0m prev=     0 cach=     0 miss=     0 load=    0 prox= 100% srcLag=61221.3s shownLag=10604.9s rss=    -1.0MB thr=  1 pools=  9 campools= 4 children=    28 items=  26182 camTot=   26182 camMax=   6712 watch=0/0 saved=0 gcObj=  199194 qpix=    -1 qimg=    -1 axisH=  4.0 online=0
2026-08-11 10:33:05 up=   0.0m prev=     0 cach=     0 miss=     0 load=    0 prox=  -1% refuse=  -1% proxMB=    0.0 renderMB=   0.0 step=-           tolS=  -1.00 srcLag=  -1.0s shownLag=  -1.0s rss=   101.3MB thr=  1 pools=  6 campools= 0 children=    24 items=      0 camTot=       0 camMax=      0 watch=0/0 saved=0 gcObj=   88043 qpix=    -1 qimg=    -1 axisH=  0.0 online=0
